km_marco_m,data_imagem,ndvi_mediana,n_pixels,nuvem_pct
0,2019-01-07,0.4745,726,0.0
0,2019-01-22,0.4162,721,0.0069
0,2019-01-27,0.4474,725,0.0014
0,2019-02-01,0.4478,721,0.0069
0,2019-03-23,0.4931,726,0.0
0,2019-04-02,0.4551,725,0.0014
0,2019-04-12,0.4543,719,0.0096
0,2019-04-22,0.4636,726,0.0
0,2019-04-27,0.5053,726,0.0
0,2019-05-22,0.4814,726,0.0
0,2019-05-27,0.4881,726,0.0
0,2019-06-11,0.4628,726,0.0
0,2019-06-16,0.4513,726,0.0
0,2019-06-26,0.4352,726,0.0
0,2019-07-06,0.4241,726,0.0
0,2019-07-11,0.373,726,0.0
0,2019-07-26,0.3147,726,0.0
0,2019-07-31,0.3694,726,0.0
0,2019-08-10,0.2903,726,0.0
0,2019-08-15,0.3297,726,0.0
0,2019-08-30,0.3026,726,0.0
0,2019-09-09,0.3301,726,0.0
0,2019-09-14,0.3222,726,0.0
0,2019-09-29,0.3338,724,0.0028
0,2019-10-04,0.3262,726,0.0
0,2019-10-14,0.3337,726,0.0
0,2019-11-03,0.3381,726,0.0
0,2019-11-13,0.3066,682,0.0606
0,2019-12-08,0.3805,724,0.0028
0,2020-01-27,0.4354,726,0.0
0,2020-03-07,0.4279,714,0.0165
0,2020-03-12,0.4713,724,0.0028
0,2020-03-17,0.5008,726,0.0
0,2020-03-22,0.5019,683,0.0592
0,2020-04-01,0.4588,726,0.0
0,2020-04-06,0.4663,726,0.0
0,2020-04-16,0.3969,621,0.1446
0,2020-04-21,0.44,716,0.0138
0,2020-04-26,0.42,726,0.0
0,2020-05-01,0.377,726,0.0
0,2020-05-11,0.412,726,0.0
0,2020-05-16,0.3768,726,0.0
0,2020-05-21,0.3688,726,0.0
0,2020-05-26,0.3927,726,0.0
0,2020-05-31,0.3726,726,0.0
0,2020-06-20,0.358,654,0.0992
0,2020-07-05,0.3377,691,0.0482
0,2020-07-10,0.3927,726,0.0
0,2020-07-20,0.3922,726,0.0
0,2020-07-25,0.3458,726,0.0
0,2020-08-04,0.361,726,0.0
0,2020-08-09,0.3382,726,0.0
0,2020-08-19,0.3574,726,0.0
0,2020-08-24,0.376,726,0.0
0,2020-08-29,0.3414,726,0.0
0,2020-09-03,0.3332,726,0.0
0,2020-09-08,0.3262,726,0.0
0,2020-09-13,0.3142,726,0.0
0,2020-10-13,0.3343,726,0.0
0,2020-10-18,0.318,703,0.0317
0,2020-10-23,0.3495,726,0.0
0,2020-10-28,0.3774,726,0.0
0,2020-11-07,0.3418,726,0.0
0,2020-11-22,0.3769,723,0.0041
0,2021-01-31,0.483,725,0.0014
0,2021-02-10,0.4901,719,0.0096
0,2021-02-20,0.4789,584,0.1956
0,2021-03-02,0.4902,723,0.0041
0,2021-03-12,0.4866,721,0.0069
0,2021-03-22,0.4625,726,0.0
0,2021-03-27,0.4548,726,0.0
0,2021-04-01,0.4242,669,0.0785
0,2021-04-11,0.4942,726,0.0
0,2021-04-26,0.401,679,0.0647
0,2021-05-01,0.4588,726,0.0
0,2021-05-06,0.4359,726,0.0
0,2021-05-11,0.3845,657,0.095
0,2021-05-21,0.444,726,0.0
0,2021-05-26,0.4507,726,0.0
0,2021-06-05,0.4319,726,0.0
0,2021-06-15,0.3771,726,0.0
0,2021-07-10,0.3697,726,0.0
0,2021-07-20,0.3493,726,0.0
0,2021-07-25,0.3255,726,0.0
0,2021-07-30,0.3342,726,0.0
0,2021-08-09,0.2987,726,0.0
0,2021-08-19,0.2988,726,0.0
0,2021-08-24,0.3104,726,0.0
0,2021-09-03,0.3263,726,0.0
0,2021-09-08,0.3148,621,0.1446
0,2021-09-23,0.3458,726,0.0
0,2021-09-28,0.3339,726,0.0
0,2021-10-08,0.3414,682,0.0606
0,2021-10-23,0.3767,726,0.0
0,2021-11-07,0.3848,726,0.0
0,2021-11-17,0.3341,723,0.0041
0,2021-11-22,0.3964,724,0.0028
0,2021-11-27,0.3771,672,0.0744
0,2021-12-02,0.3657,722,0.0055
0,2021-12-07,-0.0058,711,0.0207
0,2021-12-12,0.3616,726,0.0
0,2021-12-22,0.4003,723,0.0041
0,2022-01-16,0.4357,719,0.0096
0,2022-01-21,0.5012,726,0.0
0,2022-01-26,0.4701,612,0.157
0,2022-02-10,0.4893,692,0.0468
0,2022-03-02,0.5137,726,0.0
0,2022-03-07,0.4549,726,0.0
0,2022-03-17,0.4508,596,0.1791
0,2022-03-22,0.499,726,0.0
0,2022-04-11,0.5213,726,0.0
0,2022-04-21,0.4231,634,0.1267
0,2022-04-26,0.5029,726,0.0
0,2022-05-01,0.466,726,0.0
0,2022-05-11,0.4507,726,0.0
0,2022-05-21,0.4086,726,0.0
0,2022-05-26,0.4359,726,0.0
0,2022-06-05,0.3726,726,0.0
0,2022-06-25,0.342,726,0.0
0,2022-06-30,0.385,726,0.0
0,2022-07-05,0.3807,726,0.0
0,2022-07-10,0.3571,699,0.0372
0,2022-07-25,0.3415,726,0.0
0,2022-07-30,0.3696,701,0.0344
0,2022-08-14,0.346,726,0.0
0,2022-08-24,0.3256,726,0.0
0,2022-09-03,0.2289,726,0.0
0,2022-09-18,0.3181,726,0.0
0,2022-09-23,0.3143,726,0.0
0,2022-10-23,0.3925,726,0.0
0,2022-11-17,0.4083,726,0.0
0,2022-12-02,0.4116,724,0.0028
0,2022-12-17,0.4047,724,0.0028
0,2023-01-16,0.49,726,0.0
0,2023-01-26,0.5141,726,0.0
0,2023-02-10,0.5251,689,0.051
0,2023-02-15,0.4628,628,0.135
0,2023-02-20,0.5684,726,0.0
0,2023-03-02,0.541,726,0.0
0,2023-03-17,0.5447,723,0.0041
0,2023-03-22,0.5414,726,0.0
0,2023-04-01,0.5604,726,0.0
0,2023-04-16,0.5411,626,0.1377
0,2023-04-21,0.522,726,0.0
0,2023-05-01,0.4981,726,0.0
0,2023-05-11,0.4512,653,0.1006
0,2023-05-16,0.4948,726,0.0
0,2023-05-26,0.4473,726,0.0
0,2023-06-05,0.4672,726,0.0
0,2023-06-10,0.4358,726,0.0
0,2023-06-20,0.4275,726,0.0
0,2023-06-25,0.4239,726,0.0
0,2023-06-30,0.3732,726,0.0
0,2023-07-05,0.4081,726,0.0
0,2023-07-15,0.4081,726,0.0
0,2023-07-25,0.3727,726,0.0
0,2023-08-04,0.3418,726,0.0
0,2023-08-09,0.3377,726,0.0
0,2023-08-24,0.3028,726,0.0
0,2023-09-03,0.3691,681,0.062
0,2023-09-08,0.3731,726,0.0
0,2023-09-13,0.3538,726,0.0
0,2023-09-18,0.3499,726,0.0
0,2023-09-23,0.3422,726,0.0
0,2023-10-23,0.4393,726,0.0
0,2023-11-07,0.4282,726,0.0
0,2023-11-12,0.3729,726,0.0
0,2023-12-02,0.4394,726,0.0
0,2023-12-27,0.4558,726,0.0
0,2024-01-06,0.4238,677,0.0675
0,2024-02-05,0.5065,726,0.0
0,2024-02-25,0.4784,662,0.0882
0,2024-03-11,0.5217,726,0.0
0,2024-03-16,0.4751,726,0.0
0,2024-03-21,0.4703,711,0.0207
0,2024-03-31,0.5451,726,0.0
0,2024-04-05,0.5101,726,0.0
0,2024-04-10,0.5212,726,0.0
0,2024-04-20,0.5254,726,0.0
0,2024-04-30,0.4555,726,0.0
0,2024-05-05,0.4468,726,0.0
0,2024-05-10,0.389,726,0.0
0,2024-05-20,0.4045,726,0.0
0,2024-05-30,0.4201,725,0.0014
0,2024-06-09,0.4079,726,0.0
0,2024-06-14,0.4007,726,0.0
0,2024-06-19,0.4117,726,0.0
0,2024-06-24,0.3804,726,0.0
0,2024-06-29,0.3343,726,0.0
0,2024-07-19,0.365,726,0.0
0,2024-07-24,0.3423,726,0.0
0,2024-07-29,0.3101,726,0.0
0,2024-08-03,0.3186,726,0.0
0,2024-08-08,0.295,726,0.0
0,2024-08-18,0.3295,726,0.0
0,2024-08-23,0.3144,726,0.0
0,2024-08-28,0.3337,726,0.0
0,2024-09-02,0.287,726,0.0
0,2024-09-07,0.2988,726,0.0
0,2024-09-12,0.2945,726,0.0
0,2024-09-22,0.311,726,0.0
0,2024-10-02,0.2444,726,0.0
0,2024-10-07,0.291,726,0.0
0,2024-10-17,0.3029,726,0.0
0,2024-10-22,0.2948,694,0.0441
0,2024-11-01,0.3349,726,0.0
0,2024-11-11,0.4079,726,0.0
0,2024-11-26,0.404,726,0.0
0,2024-12-31,0.4952,714,0.0165
0,2025-01-25,0.4594,726,0.0
0,2025-02-19,0.5374,726,0.0
0,2025-02-24,0.5296,726,0.0
0,2025-03-01,0.4985,726,0.0
0,2025-03-06,0.5023,612,0.157
0,2025-03-21,0.5135,724,0.0028
0,2025-04-12,0.5062,683,0.0592
0,2025-04-15,0.522,726,0.0
0,2025-04-30,0.5377,583,0.197
0,2025-05-02,0.4236,716,0.0138
0,2025-05-05,0.4984,726,0.0
0,2025-05-15,0.506,726,0.0
0,2025-05-20,0.4541,726,0.0
0,2025-05-22,0.4158,726,0.0
0,2025-05-25,0.4515,726,0.0
0,2025-05-30,0.4509,726,0.0
0,2025-06-04,0.4403,726,0.0
0,2025-06-19,0.4319,726,0.0
0,2025-06-29,0.4157,726,0.0
0,2025-07-09,0.3962,724,0.0028
0,2025-07-14,0.3845,726,0.0
0,2025-07-19,0.3574,726,0.0
0,2025-07-21,0.3303,726,0.0
0,2025-07-24,0.275,612,0.157
0,2025-07-29,0.3692,726,0.0
0,2025-08-03,0.3105,726,0.0
0,2025-08-08,0.2565,623,0.1419
0,2025-08-13,0.3027,726,0.0
0,2025-08-18,0.2594,684,0.0579
0,2025-08-30,0.303,726,0.0
0,2025-09-27,0.3105,726,0.0
0,2025-10-17,0.2873,726,0.0
0,2025-10-22,0.338,726,0.0
0,2025-11-01,0.3299,714,0.0165
0,2025-11-11,0.3813,726,0.0
0,2025-11-21,0.3884,726,0.0
0,2025-11-26,0.412,726,0.0
0,2025-12-01,0.3535,726,0.0
0,2025-12-06,0.3379,726,0.0
0,2025-12-11,0.361,701,0.0344
0,2025-12-26,0.4119,726,0.0
0,2025-12-28,0.4322,726,0.0
0,2026-01-10,0.4595,726,0.0
0,2026-03-01,0.4832,632,0.1295
0,2026-03-16,0.5053,726,0.0
0,2026-03-21,0.5367,726,0.0
0,2026-03-26,0.3537,632,0.1295
0,2026-03-28,0.498,726,0.0
0,2026-04-17,0.4707,726,0.0
0,2026-04-20,0.4864,726,0.0
0,2026-04-30,0.4558,676,0.0689
0,2026-05-05,0.4591,726,0.0
0,2026-05-07,0.4635,726,0.0
0,2026-06-19,0.424,726,0.0
0,2026-06-29,0.4238,726,0.0
0,2026-07-06,0.3692,726,0.0
0,2026-07-09,0.3775,726,0.0
0,2026-07-19,0.3971,726,0.0
0,2026-07-26,0.3811,726,0.0
0,2026-07-29,0.3459,726,0.0
0,2026-08-18,0.3811,726,0.0
0,2026-08-23,0.3808,726,0.0
0,2026-09-02,0.4076,726,0.0
0,2026-09-04,0.3928,726,0.0
500,2019-01-07,0.4673,41,0.0
500,2019-01-12,0.4449,41,0.0
500,2019-01-22,0.4991,41,0.0
500,2019-01-27,0.429,41,0.0
500,2019-02-01,0.5138,41,0.0
500,2019-02-11,0.3434,40,0.0244
500,2019-03-23,0.604,41,0.0
500,2019-04-02,0.6111,41,0.0
500,2019-04-12,0.5264,41,0.0
500,2019-04-22,0.5485,41,0.0
500,2019-04-27,0.5326,41,0.0
500,2019-05-22,0.6243,41,0.0
500,2019-05-27,0.5966,41,0.0
500,2019-06-11,0.5482,41,0.0
500,2019-06-16,0.4934,41,0.0
500,2019-06-26,0.489,41,0.0
500,2019-07-06,0.6083,41,0.0
500,2019-07-11,0.542,41,0.0
500,2019-07-26,0.4744,41,0.0
500,2019-07-31,0.538,41,0.0
500,2019-08-10,0.4128,41,0.0
500,2019-08-15,0.4792,41,0.0
500,2019-08-30,0.3961,41,0.0
500,2019-09-09,0.4365,41,0.0
500,2019-09-14,0.416,41,0.0
500,2019-09-19,0.0621,38,0.0732
500,2019-09-29,0.4598,41,0.0
500,2019-10-04,0.4128,41,0.0
500,2019-10-14,0.3884,41,0.0
500,2019-11-03,0.3855,41,0.0
500,2019-11-13,0.3465,41,0.0
500,2019-12-08,0.4366,41,0.0
500,2020-01-27,0.5023,41,0.0
500,2020-03-07,0.4882,41,0.0
500,2020-03-12,0.4644,41,0.0
500,2020-03-17,0.6,41,0.0
500,2020-03-22,0.5255,41,0.0
500,2020-04-01,0.4828,41,0.0
500,2020-04-06,0.4352,41,0.0
500,2020-04-16,0.3463,41,0.0
500,2020-04-21,0.4115,41,0.0
500,2020-04-26,0.3834,41,0.0
500,2020-05-01,0.366,41,0.0
500,2020-05-11,0.417,41,0.0
500,2020-05-16,0.3409,41,0.0
500,2020-05-21,0.3569,41,0.0
500,2020-05-26,0.3894,41,0.0
500,2020-05-31,0.3696,41,0.0
500,2020-07-05,0.3116,37,0.0976
500,2020-07-10,0.3936,41,0.0
500,2020-07-20,0.3844,41,0.0
500,2020-07-25,0.3494,41,0.0
500,2020-08-04,0.3417,41,0.0
500,2020-08-09,0.279,41,0.0
500,2020-08-19,0.3474,41,0.0
500,2020-08-24,0.3541,41,0.0
500,2020-08-29,0.3024,41,0.0
500,2020-09-03,0.3512,41,0.0
500,2020-09-08,0.3051,41,0.0
500,2020-09-13,0.3332,41,0.0
500,2020-10-13,0.3524,41,0.0
500,2020-10-18,0.2079,41,0.0
500,2020-10-23,0.3511,41,0.0
500,2020-10-28,0.3712,41,0.0
500,2020-11-07,0.2906,41,0.0
500,2020-11-22,0.2278,39,0.0488
500,2021-01-31,0.3808,39,0.0488
500,2021-02-10,0.3341,41,0.0
500,2021-02-20,0.4409,41,0.0
500,2021-03-02,0.4248,41,0.0
500,2021-03-12,0.3934,41,0.0
500,2021-03-22,0.4184,41,0.0
500,2021-03-27,0.4238,41,0.0
500,2021-04-01,0.491,37,0.0976
500,2021-04-11,0.4969,41,0.0
500,2021-04-26,0.3858,37,0.0976
500,2021-05-01,0.5269,41,0.0
500,2021-05-06,0.4796,41,0.0
500,2021-05-11,0.4797,41,0.0
500,2021-05-21,0.5135,41,0.0
500,2021-05-26,0.5475,41,0.0
500,2021-06-05,0.5045,41,0.0
500,2021-06-15,0.404,41,0.0
500,2021-06-25,0.319,41,0.0
500,2021-07-10,0.4203,41,0.0
500,2021-07-20,0.4117,41,0.0
500,2021-07-25,0.3973,41,0.0
500,2021-07-30,0.3968,41,0.0
500,2021-08-09,0.3657,41,0.0
500,2021-08-19,0.3844,41,0.0
500,2021-08-24,0.3783,41,0.0
500,2021-09-03,0.4001,41,0.0
500,2021-09-08,0.353,40,0.0244
500,2021-09-23,0.3652,41,0.0
500,2021-09-28,0.4108,41,0.0
500,2021-10-08,0.4115,41,0.0
500,2021-10-13,0.4066,41,0.0
500,2021-10-23,0.3778,41,0.0
500,2021-11-07,0.3744,41,0.0
500,2021-11-17,0.3578,41,0.0
500,2021-11-22,0.4157,41,0.0
500,2021-11-27,0.4037,40,0.0244
500,2021-12-02,0.3975,41,0.0
500,2021-12-07,-0.0064,41,0.0
500,2021-12-12,0.3607,41,0.0
500,2021-12-22,0.4092,41,0.0
500,2022-01-16,0.516,41,0.0
500,2022-01-21,0.5581,41,0.0
500,2022-01-26,0.4501,41,0.0
500,2022-02-10,0.5092,41,0.0
500,2022-02-20,0.4103,41,0.0
500,2022-03-02,0.5022,41,0.0
500,2022-03-07,0.4327,41,0.0
500,2022-03-22,0.5788,41,0.0
500,2022-04-06,0.5909,41,0.0
500,2022-04-11,0.5763,41,0.0
500,2022-04-21,0.4674,41,0.0
500,2022-04-26,0.5742,41,0.0
500,2022-05-01,0.5577,41,0.0
500,2022-05-11,0.5604,41,0.0
500,2022-05-21,0.4072,41,0.0
500,2022-05-26,0.5362,41,0.0
500,2022-06-05,0.5318,41,0.0
500,2022-06-25,0.3974,41,0.0
500,2022-06-30,0.4471,41,0.0
500,2022-07-05,0.4234,41,0.0
500,2022-07-10,0.413,41,0.0
500,2022-07-25,0.3906,41,0.0
500,2022-07-30,0.495,41,0.0
500,2022-08-14,0.4546,41,0.0
500,2022-08-24,0.3601,41,0.0
500,2022-09-03,0.2312,41,0.0
500,2022-09-18,0.4415,41,0.0
500,2022-09-23,0.4719,41,0.0
500,2022-10-23,0.4366,41,0.0
500,2022-11-17,0.4152,41,0.0
500,2022-11-27,0.4036,41,0.0
500,2022-12-02,0.4323,41,0.0
500,2022-12-17,0.4009,41,0.0
500,2023-01-16,0.5674,41,0.0
500,2023-01-26,0.585,41,0.0
500,2023-02-10,0.5942,41,0.0
500,2023-02-15,0.3759,41,0.0
500,2023-02-20,0.6581,41,0.0
500,2023-03-02,0.5558,41,0.0
500,2023-03-17,0.5636,41,0.0
500,2023-03-22,0.6259,41,0.0
500,2023-04-01,0.6391,41,0.0
500,2023-04-16,0.5412,41,0.0
500,2023-04-21,0.5419,41,0.0
500,2023-05-01,0.5186,41,0.0
500,2023-05-11,0.4818,41,0.0
500,2023-05-16,0.5371,41,0.0
500,2023-05-26,0.5096,41,0.0
500,2023-06-05,0.5809,41,0.0
500,2023-06-10,0.5576,41,0.0
500,2023-06-20,0.5888,41,0.0
500,2023-06-25,0.5303,41,0.0
500,2023-06-30,0.4175,41,0.0
500,2023-07-05,0.5064,41,0.0
500,2023-07-15,0.5213,41,0.0
500,2023-07-25,0.4757,41,0.0
500,2023-08-04,0.3883,41,0.0
500,2023-08-09,0.4386,41,0.0
500,2023-08-24,0.3293,41,0.0
500,2023-09-03,0.4675,33,0.1951
500,2023-09-08,0.4755,41,0.0
500,2023-09-13,0.4409,41,0.0
500,2023-09-18,0.4712,41,0.0
500,2023-09-23,0.4426,41,0.0
500,2023-10-23,0.4911,41,0.0
500,2023-11-07,0.5483,41,0.0
500,2023-11-12,0.4707,41,0.0
500,2023-12-02,0.5405,41,0.0
500,2023-12-07,0.4953,40,0.0244
500,2023-12-27,0.5253,41,0.0
500,2024-01-06,0.4497,41,0.0
500,2024-02-05,0.5762,41,0.0
500,2024-02-10,0.5415,41,0.0
500,2024-02-25,0.5852,41,0.0
500,2024-03-11,0.6641,41,0.0
500,2024-03-16,0.5413,41,0.0
500,2024-03-21,0.5126,41,0.0
500,2024-03-31,0.6431,41,0.0
500,2024-04-05,0.6149,41,0.0
500,2024-04-10,0.6143,41,0.0
500,2024-04-20,0.5958,41,0.0
500,2024-04-30,0.5663,41,0.0
500,2024-05-05,0.5522,41,0.0
500,2024-05-10,0.3931,41,0.0
500,2024-05-20,0.4109,41,0.0
500,2024-05-30,0.5284,41,0.0
500,2024-06-09,0.5298,41,0.0
500,2024-06-14,0.4838,41,0.0
500,2024-06-19,0.5052,41,0.0
500,2024-06-24,0.4831,41,0.0
500,2024-06-29,0.4501,41,0.0
500,2024-07-19,0.5214,41,0.0
500,2024-07-24,0.4958,41,0.0
500,2024-07-29,0.454,41,0.0
500,2024-08-03,0.5175,41,0.0
500,2024-08-08,0.3456,41,0.0
500,2024-08-18,0.3997,41,0.0
500,2024-08-23,0.3452,41,0.0
500,2024-08-28,0.4088,41,0.0
500,2024-09-02,0.3311,41,0.0
500,2024-09-07,0.3209,41,0.0
500,2024-09-12,0.3502,41,0.0
500,2024-09-22,0.3794,41,0.0
500,2024-10-02,0.2844,41,0.0
500,2024-10-07,0.3328,41,0.0
500,2024-10-17,0.3433,41,0.0
500,2024-10-22,0.3302,41,0.0
500,2024-11-01,0.3579,41,0.0
500,2024-11-11,0.4275,41,0.0
500,2024-11-26,0.4289,41,0.0
500,2024-12-31,0.5547,41,0.0
500,2025-01-15,0.4954,41,0.0
500,2025-01-25,0.5495,41,0.0
500,2025-02-19,0.5871,41,0.0
500,2025-02-24,0.6114,41,0.0
500,2025-03-01,0.558,41,0.0
500,2025-03-06,0.5303,41,0.0
500,2025-03-21,0.5953,41,0.0
500,2025-04-12,0.6423,41,0.0
500,2025-04-15,0.633,41,0.0
500,2025-05-02,0.3335,38,0.0732
500,2025-05-05,0.4619,41,0.0
500,2025-05-15,0.5444,41,0.0
500,2025-05-20,0.478,41,0.0
500,2025-05-22,0.4161,41,0.0
500,2025-05-25,0.519,41,0.0
500,2025-05-30,0.5026,41,0.0
500,2025-06-04,0.5219,41,0.0
500,2025-06-19,0.564,41,0.0
500,2025-06-29,0.5267,41,0.0
500,2025-07-09,0.4896,41,0.0
500,2025-07-14,0.4454,41,0.0
500,2025-07-19,0.4751,41,0.0
500,2025-07-21,0.4458,41,0.0
500,2025-07-24,0.3426,41,0.0
500,2025-07-29,0.572,41,0.0
500,2025-08-03,0.4448,41,0.0
500,2025-08-08,0.3498,41,0.0
500,2025-08-13,0.4233,41,0.0
500,2025-08-18,0.3227,41,0.0
500,2025-08-30,0.4538,41,0.0
500,2025-09-27,0.4297,41,0.0
500,2025-10-17,0.3563,41,0.0
500,2025-10-22,0.4314,41,0.0
500,2025-11-01,0.493,41,0.0
500,2025-11-11,0.3764,41,0.0
500,2025-11-21,0.3661,41,0.0
500,2025-11-26,0.4079,41,0.0
500,2025-12-01,0.3921,41,0.0
500,2025-12-06,0.3659,41,0.0
500,2025-12-11,0.5343,41,0.0
500,2025-12-26,0.5263,41,0.0
500,2025-12-28,0.5417,41,0.0
500,2026-01-10,0.4834,41,0.0
500,2026-03-16,0.5782,41,0.0
500,2026-03-21,0.6309,41,0.0
500,2026-03-26,0.4354,41,0.0
500,2026-03-28,0.5191,41,0.0
500,2026-04-05,0.5688,35,0.1463
500,2026-04-17,0.6116,41,0.0
500,2026-04-20,0.6073,41,0.0
500,2026-04-30,0.607,41,0.0
500,2026-05-05,0.6336,41,0.0
500,2026-05-07,0.5916,41,0.0
500,2026-06-19,0.5715,41,0.0
500,2026-06-29,0.5872,41,0.0
500,2026-07-06,0.4864,41,0.0
500,2026-07-09,0.4575,41,0.0
500,2026-07-19,0.5128,41,0.0
500,2026-07-26,0.5563,41,0.0
500,2026-07-29,0.4992,41,0.0
500,2026-08-18,0.5369,41,0.0
500,2026-08-23,0.4857,41,0.0
500,2026-09-02,0.5635,41,0.0
500,2026-09-04,0.5489,41,0.0
1000,2019-01-07,0.4506,98,0.0
1000,2019-01-12,0.4542,98,0.0
1000,2019-01-22,0.4484,98,0.0
1000,2019-01-27,0.4862,98,0.0
1000,2019-02-01,0.4394,98,0.0
1000,2019-02-11,0.3843,98,0.0
1000,2019-03-23,0.525,98,0.0
1000,2019-04-02,0.4741,98,0.0
1000,2019-04-12,0.5138,98,0.0
1000,2019-04-22,0.4986,98,0.0
1000,2019-04-27,0.5604,98,0.0
1000,2019-05-12,0.3449,98,0.0
1000,2019-05-22,0.5598,98,0.0
1000,2019-05-27,0.5771,98,0.0
1000,2019-06-06,0.5603,86,0.1224
1000,2019-06-11,0.5307,98,0.0
1000,2019-06-16,0.5146,98,0.0
1000,2019-06-26,0.4841,98,0.0
1000,2019-07-06,0.5516,98,0.0
1000,2019-07-11,0.5099,98,0.0
1000,2019-07-26,0.3874,98,0.0
1000,2019-07-31,0.4083,98,0.0
1000,2019-08-10,0.3528,98,0.0
1000,2019-08-15,0.3298,98,0.0
1000,2019-08-25,0.2995,86,0.1224
1000,2019-08-30,0.3026,98,0.0
1000,2019-09-09,0.3262,98,0.0
1000,2019-09-14,0.3302,98,0.0
1000,2019-09-19,0.0186,96,0.0204
1000,2019-09-29,0.3548,98,0.0
1000,2019-10-04,0.3606,98,0.0
1000,2019-10-14,0.3584,98,0.0
1000,2019-11-03,0.3485,98,0.0
1000,2019-12-08,0.4002,98,0.0
1000,2020-01-27,0.3621,98,0.0
1000,2020-03-07,0.4325,95,0.0306
1000,2020-03-12,0.4672,98,0.0
1000,2020-03-17,0.5088,98,0.0
1000,2020-03-22,0.459,98,0.0
1000,2020-04-01,0.4465,98,0.0
1000,2020-04-06,0.462,98,0.0
1000,2020-04-21,0.4306,98,0.0
1000,2020-04-26,0.4075,98,0.0
1000,2020-05-01,0.3681,98,0.0
1000,2020-05-11,0.4321,98,0.0
1000,2020-05-16,0.3967,98,0.0
1000,2020-05-21,0.3618,98,0.0
1000,2020-05-26,0.3935,98,0.0
1000,2020-05-31,0.3603,98,0.0
1000,2020-07-05,0.2882,86,0.1224
1000,2020-07-10,0.4157,98,0.0
1000,2020-07-20,0.3873,98,0.0
1000,2020-07-25,0.3535,98,0.0
1000,2020-08-04,0.3607,98,0.0
1000,2020-08-09,0.3373,98,0.0
1000,2020-08-19,0.3772,98,0.0
1000,2020-08-24,0.3997,98,0.0
1000,2020-08-29,0.3611,98,0.0
1000,2020-09-03,0.35,98,0.0
1000,2020-09-08,0.343,98,0.0
1000,2020-09-13,0.3424,98,0.0
1000,2020-10-13,0.3722,98,0.0
1000,2020-10-18,0.3691,98,0.0
1000,2020-10-23,0.3681,98,0.0
1000,2020-10-28,0.3838,98,0.0
1000,2020-11-07,0.3843,98,0.0
1000,2020-11-22,0.4253,98,0.0
1000,2021-01-31,0.4369,98,0.0
1000,2021-02-10,0.4766,98,0.0
1000,2021-02-15,0.5181,98,0.0
1000,2021-02-20,0.4856,98,0.0
1000,2021-03-02,0.4979,98,0.0
1000,2021-03-12,0.5372,98,0.0
1000,2021-03-22,0.5111,98,0.0
1000,2021-03-27,0.4894,98,0.0
1000,2021-04-01,0.481,98,0.0
1000,2021-04-11,0.5295,98,0.0
1000,2021-05-01,0.5142,98,0.0
1000,2021-05-06,0.4811,98,0.0
1000,2021-05-21,0.4824,98,0.0
1000,2021-05-26,0.4819,98,0.0
1000,2021-06-05,0.4512,98,0.0
1000,2021-07-10,0.3847,98,0.0
1000,2021-07-20,0.3624,98,0.0
1000,2021-07-25,0.3296,98,0.0
1000,2021-07-30,0.3435,98,0.0
1000,2021-08-09,0.2948,98,0.0
1000,2021-08-19,0.2911,98,0.0
1000,2021-08-24,0.3099,98,0.0
1000,2021-09-03,0.3227,98,0.0
1000,2021-09-08,0.3144,98,0.0
1000,2021-09-23,0.3622,98,0.0
1000,2021-09-28,0.3466,98,0.0
1000,2021-10-08,0.3611,98,0.0
1000,2021-10-13,0.4049,98,0.0
1000,2021-10-23,0.407,98,0.0
1000,2021-11-07,0.4193,98,0.0
1000,2021-11-17,0.3727,98,0.0
1000,2021-11-22,0.4357,98,0.0
1000,2021-12-07,-0.0019,98,0.0
1000,2021-12-12,0.3388,98,0.0
1000,2021-12-22,0.3605,96,0.0204
1000,2022-01-16,0.4516,98,0.0
1000,2022-01-21,0.5303,98,0.0
1000,2022-01-26,0.4396,98,0.0
1000,2022-02-10,0.5412,98,0.0
1000,2022-02-20,0.5141,98,0.0
1000,2022-03-02,0.5646,98,0.0
1000,2022-03-07,0.4814,98,0.0
1000,2022-03-22,0.5184,98,0.0
1000,2022-04-06,0.5131,98,0.0
1000,2022-04-11,0.5639,98,0.0
1000,2022-04-21,0.4733,98,0.0
1000,2022-04-26,0.521,98,0.0
1000,2022-05-01,0.5183,98,0.0
1000,2022-05-06,0.3271,83,0.1531
1000,2022-05-11,0.5012,98,0.0
1000,2022-05-21,0.4738,98,0.0
1000,2022-05-26,0.4194,98,0.0
1000,2022-06-05,0.3964,98,0.0
1000,2022-06-25,0.3571,98,0.0
1000,2022-06-30,0.373,98,0.0
1000,2022-07-05,0.36,98,0.0
1000,2022-07-10,0.3175,98,0.0
1000,2022-07-20,0.3418,97,0.0102
1000,2022-07-25,0.3386,98,0.0
1000,2022-07-30,0.3531,98,0.0
1000,2022-08-14,0.3576,98,0.0
1000,2022-08-24,0.3399,98,0.0
1000,2022-09-18,0.3302,98,0.0
1000,2022-09-23,0.3396,98,0.0
1000,2022-10-13,0.3388,98,0.0
1000,2022-10-23,0.3963,98,0.0
1000,2022-11-17,0.443,98,0.0
1000,2022-11-27,0.4512,98,0.0
1000,2022-12-02,0.4389,98,0.0
1000,2022-12-17,0.4984,98,0.0
1000,2023-01-16,0.565,98,0.0
1000,2023-01-26,0.4665,98,0.0
1000,2023-02-10,0.5323,98,0.0
1000,2023-02-15,0.3638,91,0.0714
1000,2023-02-20,0.4352,98,0.0
1000,2023-03-02,0.5572,98,0.0
1000,2023-03-17,0.6027,98,0.0
1000,2023-03-22,0.6102,98,0.0
1000,2023-04-01,0.5986,98,0.0
1000,2023-04-11,0.5035,98,0.0
1000,2023-04-21,0.6281,98,0.0
1000,2023-05-01,0.5327,98,0.0
1000,2023-05-16,0.5182,98,0.0
1000,2023-05-26,0.4522,98,0.0
1000,2023-06-05,0.4576,98,0.0
1000,2023-06-10,0.4281,98,0.0
1000,2023-06-20,0.3845,98,0.0
1000,2023-06-25,0.3619,98,0.0
1000,2023-06-30,0.3073,98,0.0
1000,2023-07-05,0.3301,98,0.0
1000,2023-07-15,0.347,98,0.0
1000,2023-07-25,0.3153,98,0.0
1000,2023-08-04,0.2984,98,0.0
1000,2023-08-09,0.3146,98,0.0
1000,2023-08-24,0.3102,98,0.0
1000,2023-09-08,0.3767,98,0.0
1000,2023-09-13,0.3545,98,0.0
1000,2023-09-18,0.377,98,0.0
1000,2023-09-23,0.3808,98,0.0
1000,2023-10-23,0.5008,98,0.0
1000,2023-11-07,0.5314,98,0.0
1000,2023-11-12,0.4543,98,0.0
1000,2023-12-02,0.5065,98,0.0
1000,2023-12-07,0.4981,98,0.0
1000,2023-12-27,0.4783,98,0.0
1000,2024-01-06,0.442,98,0.0
1000,2024-01-11,0.495,97,0.0102
1000,2024-01-16,0.369,84,0.1429
1000,2024-02-05,0.4582,98,0.0
1000,2024-02-10,0.458,98,0.0
1000,2024-02-25,0.4933,98,0.0
1000,2024-03-11,0.6144,98,0.0
1000,2024-03-16,0.5493,98,0.0
1000,2024-03-31,0.5728,98,0.0
1000,2024-04-05,0.5284,98,0.0
1000,2024-04-10,0.5534,98,0.0
1000,2024-04-20,0.5675,98,0.0
1000,2024-04-30,0.4972,98,0.0
1000,2024-05-05,0.4695,98,0.0
1000,2024-05-20,0.4252,98,0.0
1000,2024-05-30,0.4162,98,0.0
1000,2024-06-09,0.3891,98,0.0
1000,2024-06-14,0.35,98,0.0
1000,2024-06-19,0.3679,98,0.0
1000,2024-06-24,0.3445,98,0.0
1000,2024-06-29,0.3415,98,0.0
1000,2024-07-19,0.3647,98,0.0
1000,2024-07-24,0.3597,98,0.0
1000,2024-07-29,0.2867,98,0.0
1000,2024-08-03,0.2712,98,0.0
1000,2024-08-08,0.2629,98,0.0
1000,2024-08-18,0.2875,98,0.0
1000,2024-08-23,0.3061,98,0.0
1000,2024-08-28,0.3014,98,0.0
1000,2024-09-02,0.2624,98,0.0
1000,2024-09-07,0.2983,98,0.0
1000,2024-09-12,0.2665,98,0.0
1000,2024-09-22,0.2853,98,0.0
1000,2024-10-02,0.2641,98,0.0
1000,2024-10-07,0.3224,98,0.0
1000,2024-10-17,0.3534,98,0.0
1000,2024-10-22,0.3493,98,0.0
1000,2024-11-01,0.353,98,0.0
1000,2024-11-11,0.4362,98,0.0
1000,2024-11-26,0.4013,98,0.0
1000,2024-12-31,0.5448,98,0.0
1000,2025-01-15,0.2866,98,0.0
1000,2025-01-25,0.4583,98,0.0
1000,2025-02-19,0.5531,98,0.0
1000,2025-02-24,0.5215,98,0.0
1000,2025-03-01,0.5286,98,0.0
1000,2025-03-06,0.529,98,0.0
1000,2025-03-21,0.5467,98,0.0
1000,2025-04-12,0.5675,98,0.0
1000,2025-04-15,0.5619,98,0.0
1000,2025-04-30,0.6003,98,0.0
1000,2025-05-05,0.5763,98,0.0
1000,2025-05-15,0.5805,98,0.0
1000,2025-05-20,0.5062,98,0.0
1000,2025-05-22,0.4312,98,0.0
1000,2025-05-25,0.5129,98,0.0
1000,2025-05-30,0.4847,98,0.0
1000,2025-06-04,0.4934,98,0.0
1000,2025-06-19,0.4828,98,0.0
1000,2025-06-29,0.4645,98,0.0
1000,2025-07-09,0.3937,98,0.0
1000,2025-07-14,0.4291,98,0.0
1000,2025-07-19,0.3925,98,0.0
1000,2025-07-21,0.3813,98,0.0
1000,2025-07-24,0.3172,98,0.0
1000,2025-07-29,0.3732,98,0.0
1000,2025-08-03,0.3235,98,0.0
1000,2025-08-13,0.3292,98,0.0
1000,2025-08-18,0.2759,98,0.0
1000,2025-08-30,0.3062,98,0.0
1000,2025-09-27,0.3341,98,0.0
1000,2025-10-17,0.3174,98,0.0
1000,2025-10-22,0.3721,98,0.0
1000,2025-11-01,0.4122,98,0.0
1000,2025-11-11,0.4435,98,0.0
1000,2025-11-21,0.4155,98,0.0
1000,2025-11-26,0.4442,98,0.0
1000,2025-12-01,0.4072,98,0.0
1000,2025-12-06,0.3815,98,0.0
1000,2025-12-11,0.4666,98,0.0
1000,2025-12-21,0.4476,98,0.0
1000,2025-12-26,0.4852,98,0.0
1000,2025-12-28,0.5209,98,0.0
1000,2026-01-10,0.52,98,0.0
1000,2026-01-25,0.513,98,0.0
1000,2026-03-16,0.5766,98,0.0
1000,2026-03-21,0.5981,98,0.0
1000,2026-03-28,0.5462,98,0.0
1000,2026-04-17,0.5254,98,0.0
1000,2026-04-20,0.5475,98,0.0
1000,2026-04-30,0.5136,98,0.0
1000,2026-05-05,0.5009,98,0.0
1000,2026-05-07,0.498,98,0.0
1000,2026-05-27,0.455,98,0.0
1000,2026-06-19,0.4355,98,0.0
1000,2026-06-29,0.412,98,0.0
1000,2026-07-06,0.4207,98,0.0
1000,2026-07-09,0.4269,98,0.0
1000,2026-07-19,0.439,98,0.0
1000,2026-07-26,0.4159,98,0.0
1000,2026-07-29,0.3794,98,0.0
1000,2026-08-08,0.4322,98,0.0
1000,2026-08-18,0.4321,98,0.0
1000,2026-08-23,0.4316,98,0.0
1000,2026-09-02,0.4277,82,0.1633
1000,2026-09-04,0.4273,98,0.0
1500,2019-01-07,0.5013,319,0.0
1500,2019-01-12,0.4672,319,0.0
1500,2019-01-22,0.3808,275,0.1379
1500,2019-01-27,0.3837,319,0.0
1500,2019-02-01,0.4594,319,0.0
1500,2019-03-23,0.4275,319,0.0
1500,2019-04-02,0.4433,319,0.0
1500,2019-04-12,0.4628,319,0.0
1500,2019-04-17,0.4752,258,0.1912
1500,2019-04-22,0.4748,285,0.1066
1500,2019-04-27,0.4739,319,0.0
1500,2019-05-12,0.373,264,0.1724
1500,2019-05-22,0.4623,319,0.0
1500,2019-05-27,0.4669,319,0.0
1500,2019-06-06,0.4159,302,0.0533
1500,2019-06-11,0.4274,319,0.0
1500,2019-06-16,0.4239,319,0.0
1500,2019-06-26,0.4199,319,0.0
1500,2019-07-06,0.4667,319,0.0
1500,2019-07-11,0.4502,319,0.0
1500,2019-07-26,0.3802,319,0.0
1500,2019-07-31,0.4286,319,0.0
1500,2019-08-10,0.3415,319,0.0
1500,2019-08-15,0.3811,319,0.0
1500,2019-08-25,0.299,290,0.0909
1500,2019-08-30,0.3379,319,0.0
1500,2019-09-09,0.3654,319,0.0
1500,2019-09-14,0.369,319,0.0
1500,2019-09-19,0.032,305,0.0439
1500,2019-09-29,0.3891,319,0.0
1500,2019-10-04,0.3882,319,0.0
1500,2019-10-14,0.3266,319,0.0
1500,2019-11-03,0.3654,319,0.0
1500,2019-11-13,0.291,279,0.1254
1500,2019-12-08,0.3891,319,0.0
1500,2020-01-27,0.4478,319,0.0
1500,2020-03-07,0.3495,319,0.0
1500,2020-03-12,0.3608,319,0.0
1500,2020-03-17,0.4552,319,0.0
1500,2020-04-01,0.4428,319,0.0
1500,2020-04-06,0.4516,319,0.0
1500,2020-04-21,0.4128,319,0.0
1500,2020-04-26,0.3921,319,0.0
1500,2020-05-01,0.3695,319,0.0
1500,2020-05-11,0.3838,319,0.0
1500,2020-05-16,0.3387,319,0.0
1500,2020-05-21,0.3264,319,0.0
1500,2020-05-26,0.3487,319,0.0
1500,2020-05-31,0.3105,319,0.0
1500,2020-07-05,0.3028,277,0.1317
1500,2020-07-10,0.3929,319,0.0
1500,2020-07-20,0.3931,319,0.0
1500,2020-07-25,0.3696,319,0.0
1500,2020-08-04,0.3771,319,0.0
1500,2020-08-09,0.338,319,0.0
1500,2020-08-19,0.3615,319,0.0
1500,2020-08-24,0.3843,319,0.0
1500,2020-08-29,0.3616,319,0.0
1500,2020-09-03,0.3608,319,0.0
1500,2020-09-08,0.3464,319,0.0
1500,2020-09-13,0.3499,319,0.0
1500,2020-10-13,0.3422,319,0.0
1500,2020-10-18,0.255,319,0.0
1500,2020-10-23,0.3772,319,0.0
1500,2020-10-28,0.4125,319,0.0
1500,2020-11-07,0.3067,319,0.0
1500,2020-11-22,0.3259,319,0.0
1500,2021-01-31,0.4161,319,0.0
1500,2021-02-10,0.4589,319,0.0
1500,2021-02-15,0.4916,319,0.0
1500,2021-02-20,0.3874,319,0.0
1500,2021-03-02,0.3772,319,0.0
1500,2021-03-12,0.3455,319,0.0
1500,2021-03-22,0.4125,319,0.0
1500,2021-03-27,0.4391,319,0.0
1500,2021-04-01,0.4748,319,0.0
1500,2021-04-11,0.483,319,0.0
1500,2021-05-01,0.3892,319,0.0
1500,2021-05-06,0.3687,319,0.0
1500,2021-05-21,0.3571,319,0.0
1500,2021-05-26,0.3966,319,0.0
1500,2021-06-05,0.3734,319,0.0
1500,2021-07-10,0.3306,319,0.0
1500,2021-07-20,0.3261,319,0.0
1500,2021-07-25,0.3071,319,0.0
1500,2021-07-30,0.3139,319,0.0
1500,2021-08-09,0.2873,319,0.0
1500,2021-08-19,0.3067,319,0.0
1500,2021-08-24,0.311,319,0.0
1500,2021-09-03,0.3298,319,0.0
1500,2021-09-08,0.323,319,0.0
1500,2021-09-23,0.3572,319,0.0
1500,2021-09-28,0.3726,319,0.0
1500,2021-10-08,0.3576,294,0.0784
1500,2021-10-13,0.3762,301,0.0564
1500,2021-10-23,0.3961,319,0.0
1500,2021-11-07,0.4359,319,0.0
1500,2021-11-17,0.3428,319,0.0
1500,2021-11-22,0.3774,319,0.0
1500,2021-12-07,-0.0025,319,0.0
1500,2021-12-12,0.3387,308,0.0345
1500,2022-01-16,0.4205,319,0.0
1500,2022-01-21,0.51,319,0.0
1500,2022-01-26,0.3965,264,0.1724
1500,2022-02-10,0.4861,319,0.0
1500,2022-03-02,0.5256,319,0.0
1500,2022-03-07,0.4822,319,0.0
1500,2022-03-22,0.4512,319,0.0
1500,2022-04-06,0.4704,319,0.0
1500,2022-04-11,0.5061,319,0.0
1500,2022-04-21,0.4516,319,0.0
1500,2022-04-26,0.487,319,0.0
1500,2022-05-01,0.3837,319,0.0
1500,2022-05-11,0.3928,319,0.0
1500,2022-05-21,0.4315,319,0.0
1500,2022-05-26,0.4042,319,0.0
1500,2022-06-05,0.4157,319,0.0
1500,2022-06-25,0.3924,319,0.0
1500,2022-06-30,0.4043,319,0.0
1500,2022-07-05,0.3735,319,0.0
1500,2022-07-10,0.3492,319,0.0
1500,2022-07-20,0.3418,316,0.0094
1500,2022-07-25,0.3231,319,0.0
1500,2022-07-30,0.3493,319,0.0
1500,2022-08-14,0.3459,319,0.0
1500,2022-08-24,0.3226,319,0.0
1500,2022-09-18,0.3618,319,0.0
1500,2022-09-23,0.3777,319,0.0
1500,2022-10-23,0.4388,319,0.0
1500,2022-11-17,0.4391,319,0.0
1500,2022-11-27,0.4401,319,0.0
1500,2022-12-02,0.4083,281,0.1191
1500,2022-12-17,0.4116,319,0.0
1500,2023-01-16,0.4823,319,0.0
1500,2023-01-26,0.506,319,0.0
1500,2023-02-10,0.5253,319,0.0
1500,2023-02-20,0.541,319,0.0
1500,2023-03-02,0.5563,319,0.0
1500,2023-03-17,0.4164,319,0.0
1500,2023-03-22,0.4661,319,0.0
1500,2023-04-01,0.5257,319,0.0
1500,2023-04-11,0.3453,308,0.0345
1500,2023-04-16,0.4121,282,0.116
1500,2023-04-21,0.4588,319,0.0
1500,2023-05-01,0.3925,319,0.0
1500,2023-05-16,0.4005,319,0.0
1500,2023-05-26,0.3999,319,0.0
1500,2023-06-05,0.4277,319,0.0
1500,2023-06-10,0.409,319,0.0
1500,2023-06-20,0.3965,319,0.0
1500,2023-06-25,0.3304,319,0.0
1500,2023-06-30,0.3025,319,0.0
1500,2023-07-05,0.3301,319,0.0
1500,2023-07-15,0.3508,319,0.0
1500,2023-07-25,0.3334,319,0.0
1500,2023-08-04,0.3227,319,0.0
1500,2023-08-09,0.3337,319,0.0
1500,2023-08-24,0.2989,319,0.0
1500,2023-09-08,0.3889,319,0.0
1500,2023-09-13,0.2912,319,0.0
1500,2023-09-18,0.314,319,0.0
1500,2023-09-23,0.3576,319,0.0
1500,2023-10-23,0.486,319,0.0
1500,2023-11-07,0.4007,319,0.0
1500,2023-11-12,0.3616,319,0.0
1500,2023-12-02,0.4818,319,0.0
1500,2023-12-07,0.479,319,0.0
1500,2023-12-27,0.5094,319,0.0
1500,2024-01-06,0.42,290,0.0909
1500,2024-01-11,0.499,266,0.1661
1500,2024-02-05,0.4787,319,0.0
1500,2024-02-10,0.467,319,0.0
1500,2024-02-25,0.4666,319,0.0
1500,2024-03-11,0.4789,319,0.0
1500,2024-03-16,0.4288,319,0.0
1500,2024-03-31,0.4941,319,0.0
1500,2024-04-05,0.495,319,0.0
1500,2024-04-10,0.455,319,0.0
1500,2024-04-20,0.4601,319,0.0
1500,2024-04-30,0.4317,319,0.0
1500,2024-05-05,0.3962,319,0.0
1500,2024-05-20,0.3296,319,0.0
1500,2024-05-30,0.3444,319,0.0
1500,2024-06-09,0.3539,319,0.0
1500,2024-06-14,0.3608,319,0.0
1500,2024-06-19,0.3577,319,0.0
1500,2024-06-24,0.3338,319,0.0
1500,2024-06-29,0.3224,319,0.0
1500,2024-07-19,0.3733,319,0.0
1500,2024-07-24,0.3535,319,0.0
1500,2024-07-29,0.3224,319,0.0
1500,2024-08-03,0.3256,319,0.0
1500,2024-08-08,0.252,319,0.0
1500,2024-08-18,0.2955,319,0.0
1500,2024-08-23,0.2987,319,0.0
1500,2024-08-28,0.3255,319,0.0
1500,2024-09-02,0.2909,319,0.0
1500,2024-09-07,0.3105,319,0.0
1500,2024-09-12,0.2939,319,0.0
1500,2024-09-22,0.299,319,0.0
1500,2024-10-02,0.2764,319,0.0
1500,2024-10-07,0.3105,319,0.0
1500,2024-10-17,0.3333,319,0.0
1500,2024-10-22,0.3382,319,0.0
1500,2024-11-01,0.3809,319,0.0
1500,2024-11-11,0.4394,319,0.0
1500,2024-11-26,0.3849,319,0.0
1500,2024-12-06,0.4387,267,0.163
1500,2024-12-31,0.4355,319,0.0
1500,2025-01-15,0.3032,301,0.0564
1500,2025-01-25,0.4551,319,0.0
1500,2025-02-19,0.5377,319,0.0
1500,2025-02-24,0.5413,319,0.0
1500,2025-03-01,0.521,319,0.0
1500,2025-03-06,0.5025,319,0.0
1500,2025-03-21,0.4833,319,0.0
1500,2025-04-12,0.4515,319,0.0
1500,2025-04-15,0.4714,319,0.0
1500,2025-04-30,0.5214,319,0.0
1500,2025-05-02,0.506,274,0.1411
1500,2025-05-05,0.5098,319,0.0
1500,2025-05-15,0.483,319,0.0
1500,2025-05-20,0.4123,319,0.0
1500,2025-05-22,0.3619,319,0.0
1500,2025-05-25,0.3972,319,0.0
1500,2025-05-30,0.3774,319,0.0
1500,2025-06-04,0.3689,319,0.0
1500,2025-06-19,0.4041,319,0.0
1500,2025-06-29,0.4158,319,0.0
1500,2025-07-09,0.373,319,0.0
1500,2025-07-14,0.3651,319,0.0
1500,2025-07-19,0.3264,319,0.0
1500,2025-07-21,0.3018,319,0.0
1500,2025-07-24,0.2325,279,0.1254
1500,2025-07-29,0.334,319,0.0
1500,2025-08-03,0.3064,319,0.0
1500,2025-08-13,0.3262,319,0.0
1500,2025-08-18,0.2727,274,0.1411
1500,2025-08-30,0.3221,319,0.0
1500,2025-09-27,0.3452,319,0.0
1500,2025-10-17,0.2915,319,0.0
1500,2025-10-22,0.3536,319,0.0
1500,2025-11-01,0.3886,319,0.0
1500,2025-11-11,0.4194,319,0.0
1500,2025-11-21,0.4197,319,0.0
1500,2025-11-26,0.4505,319,0.0
1500,2025-12-01,0.4115,319,0.0
1500,2025-12-06,0.2642,319,0.0
1500,2025-12-11,0.287,319,0.0
1500,2025-12-21,0.3612,311,0.0251
1500,2025-12-26,0.3969,319,0.0
1500,2025-12-28,0.4274,319,0.0
1500,2026-01-10,0.4824,319,0.0
1500,2026-03-16,0.5063,319,0.0
1500,2026-03-21,0.5285,319,0.0
1500,2026-03-28,0.5096,319,0.0
1500,2026-04-17,0.3844,319,0.0
1500,2026-04-20,0.4153,319,0.0
1500,2026-04-30,0.4245,319,0.0
1500,2026-05-05,0.4283,319,0.0
1500,2026-05-07,0.4285,319,0.0
1500,2026-05-27,0.4161,318,0.0031
1500,2026-06-19,0.4199,319,0.0
1500,2026-06-29,0.4432,319,0.0
1500,2026-07-06,0.4351,319,0.0
1500,2026-07-09,0.4474,319,0.0
1500,2026-07-19,0.4635,319,0.0
1500,2026-07-26,0.3883,319,0.0
1500,2026-07-29,0.3454,319,0.0
1500,2026-08-08,0.3928,319,0.0
1500,2026-08-18,0.4116,319,0.0
1500,2026-08-23,0.428,319,0.0
1500,2026-09-04,0.4509,319,0.0
2000,2019-01-07,0.5558,167,0.0
2000,2019-01-12,0.5184,167,0.0
2000,2019-01-27,0.5479,167,0.0
2000,2019-02-01,0.4787,167,0.0
2000,2019-03-23,0.5959,167,0.0
2000,2019-04-02,0.5763,167,0.0
2000,2019-04-07,0.2861,157,0.0599
2000,2019-04-12,0.5726,167,0.0
2000,2019-04-27,0.5912,167,0.0
2000,2019-05-22,0.4338,167,0.0
2000,2019-05-27,0.475,167,0.0
2000,2019-06-06,0.4864,167,0.0
2000,2019-06-11,0.4408,167,0.0
2000,2019-06-16,0.4326,167,0.0
2000,2019-06-26,0.4444,167,0.0
2000,2019-07-06,0.4357,167,0.0
2000,2019-07-11,0.3844,167,0.0
2000,2019-07-26,0.3532,167,0.0
2000,2019-07-31,0.4193,167,0.0
2000,2019-08-10,0.3886,167,0.0
2000,2019-08-15,0.4317,167,0.0
2000,2019-08-25,0.3849,167,0.0
2000,2019-08-30,0.3996,167,0.0
2000,2019-09-09,0.4122,167,0.0
2000,2019-09-14,0.4082,167,0.0
2000,2019-09-19,0.1531,143,0.1437
2000,2019-09-29,0.4477,167,0.0
2000,2019-10-04,0.4389,167,0.0
2000,2019-10-14,0.4316,167,0.0
2000,2019-11-03,0.4235,167,0.0
2000,2019-11-13,0.4624,165,0.012
2000,2019-12-08,0.4162,167,0.0
2000,2020-01-07,0.5138,166,0.006
2000,2020-01-27,0.5258,167,0.0
2000,2020-03-07,0.4706,167,0.0
2000,2020-03-12,0.4544,167,0.0
2000,2020-03-17,0.5101,167,0.0
2000,2020-04-01,0.5145,162,0.0299
2000,2020-04-06,0.5415,167,0.0
2000,2020-04-21,0.5375,167,0.0
2000,2020-04-26,0.5287,167,0.0
2000,2020-05-01,0.4702,167,0.0
2000,2020-05-11,0.5215,167,0.0
2000,2020-05-16,0.5028,167,0.0
2000,2020-05-21,0.4598,167,0.0
2000,2020-05-26,0.4626,167,0.0
2000,2020-05-31,0.4427,167,0.0
2000,2020-07-05,0.3796,153,0.0838
2000,2020-07-10,0.479,167,0.0
2000,2020-07-20,0.4591,167,0.0
2000,2020-07-25,0.4355,167,0.0
2000,2020-08-04,0.4505,167,0.0
2000,2020-08-09,0.4239,167,0.0
2000,2020-08-19,0.4234,167,0.0
2000,2020-08-24,0.4551,167,0.0
2000,2020-08-29,0.4366,167,0.0
2000,2020-09-03,0.4199,167,0.0
2000,2020-09-08,0.3948,167,0.0
2000,2020-09-13,0.3959,167,0.0
2000,2020-10-13,0.416,167,0.0
2000,2020-10-18,0.3961,167,0.0
2000,2020-10-23,0.4356,167,0.0
2000,2020-10-28,0.4386,167,0.0
2000,2020-11-07,0.4276,167,0.0
2000,2020-11-22,0.4551,167,0.0
2000,2021-01-31,0.4515,164,0.018
2000,2021-02-10,0.5422,167,0.0
2000,2021-02-15,0.5538,167,0.0
2000,2021-02-20,0.5254,167,0.0
2000,2021-03-02,0.4947,167,0.0
2000,2021-03-12,0.5216,167,0.0
2000,2021-03-22,0.5412,167,0.0
2000,2021-03-27,0.5306,167,0.0
2000,2021-04-01,0.5288,167,0.0
2000,2021-04-11,0.5489,167,0.0
2000,2021-05-01,0.5587,167,0.0
2000,2021-05-06,0.5402,167,0.0
2000,2021-05-21,0.5421,167,0.0
2000,2021-05-26,0.5359,167,0.0
2000,2021-06-05,0.5213,167,0.0
2000,2021-06-15,0.2523,165,0.012
2000,2021-07-10,0.4275,167,0.0
2000,2021-07-20,0.3042,167,0.0
2000,2021-07-25,0.2994,167,0.0
2000,2021-07-30,0.3213,167,0.0
2000,2021-08-09,0.2866,167,0.0
2000,2021-08-19,0.3191,167,0.0
2000,2021-08-24,0.3221,167,0.0
2000,2021-09-03,0.338,167,0.0
2000,2021-09-08,0.3212,167,0.0
2000,2021-09-23,0.3929,167,0.0
2000,2021-09-28,0.393,167,0.0
2000,2021-10-13,0.3882,141,0.1557
2000,2021-10-23,0.433,167,0.0
2000,2021-11-07,0.4659,167,0.0
2000,2021-11-17,0.4195,167,0.0
2000,2021-11-22,0.465,167,0.0
2000,2021-11-27,0.4956,167,0.0
2000,2021-12-07,-0.0069,167,0.0
2000,2021-12-12,0.3339,156,0.0659
2000,2022-01-16,0.4475,167,0.0
2000,2022-01-21,0.5605,167,0.0
2000,2022-02-10,0.5542,167,0.0
2000,2022-03-02,0.5774,167,0.0
2000,2022-03-07,0.5068,167,0.0
2000,2022-03-22,0.5488,167,0.0
2000,2022-04-06,0.5494,167,0.0
2000,2022-04-11,0.5803,167,0.0
2000,2022-04-21,0.5202,167,0.0
2000,2022-04-26,0.5877,167,0.0
2000,2022-05-01,0.5759,167,0.0
2000,2022-05-11,0.5672,167,0.0
2000,2022-05-21,0.5595,167,0.0
2000,2022-05-26,0.4703,167,0.0
2000,2022-06-05,0.3312,167,0.0
2000,2022-06-25,0.3459,167,0.0
2000,2022-06-30,0.3816,167,0.0
2000,2022-07-05,0.3734,167,0.0
2000,2022-07-10,0.3573,167,0.0
2000,2022-07-20,0.3409,167,0.0
2000,2022-07-25,0.3612,167,0.0
2000,2022-07-30,0.3416,167,0.0
2000,2022-08-14,0.388,167,0.0
2000,2022-08-24,0.3642,167,0.0
2000,2022-09-18,0.3651,167,0.0
2000,2022-09-23,0.3849,167,0.0
2000,2022-10-23,0.4303,167,0.0
2000,2022-11-17,0.4818,167,0.0
2000,2022-11-27,0.4593,167,0.0
2000,2022-12-17,0.517,167,0.0
2000,2023-01-16,0.5021,167,0.0
2000,2023-01-26,0.3932,167,0.0
2000,2023-02-10,0.5103,167,0.0
2000,2023-02-15,0.3428,155,0.0719
2000,2023-02-20,0.5577,167,0.0
2000,2023-03-02,0.5759,167,0.0
2000,2023-03-17,0.6005,167,0.0
2000,2023-03-22,0.5989,167,0.0
2000,2023-04-01,0.6311,167,0.0
2000,2023-04-11,0.5994,151,0.0958
2000,2023-04-16,0.5491,167,0.0
2000,2023-04-21,0.6531,167,0.0
2000,2023-05-01,0.6079,167,0.0
2000,2023-05-16,0.6119,167,0.0
2000,2023-05-26,0.5567,167,0.0
2000,2023-06-05,0.5612,167,0.0
2000,2023-06-10,0.5224,167,0.0
2000,2023-06-20,0.4976,167,0.0
2000,2023-06-25,0.465,167,0.0
2000,2023-06-30,0.3648,167,0.0
2000,2023-07-05,0.3706,167,0.0
2000,2023-07-15,0.3229,167,0.0
2000,2023-07-25,0.3263,167,0.0
2000,2023-08-04,0.3414,167,0.0
2000,2023-08-09,0.3599,167,0.0
2000,2023-08-24,0.3652,167,0.0
2000,2023-09-08,0.4343,167,0.0
2000,2023-09-13,0.4156,167,0.0
2000,2023-09-18,0.4283,167,0.0
2000,2023-09-23,0.4464,167,0.0
2000,2023-10-23,0.4941,167,0.0
2000,2023-11-07,0.5367,167,0.0
2000,2023-11-12,0.4759,167,0.0
2000,2023-12-02,0.5336,167,0.0
2000,2023-12-07,0.533,167,0.0
2000,2023-12-27,0.5539,167,0.0
2000,2024-02-05,0.4195,167,0.0
2000,2024-02-10,0.3718,167,0.0
2000,2024-02-25,0.4709,167,0.0
2000,2024-03-11,0.5693,167,0.0
2000,2024-03-16,0.5133,167,0.0
2000,2024-03-21,0.4994,155,0.0719
2000,2024-03-31,0.5806,167,0.0
2000,2024-04-05,0.5722,167,0.0
2000,2024-04-10,0.5908,167,0.0
2000,2024-04-20,0.623,167,0.0
2000,2024-04-30,0.5562,167,0.0
2000,2024-05-05,0.5448,167,0.0
2000,2024-05-20,0.4899,167,0.0
2000,2024-05-30,0.4818,167,0.0
2000,2024-06-09,0.5294,167,0.0
2000,2024-06-14,0.4983,167,0.0
2000,2024-06-19,0.5014,167,0.0
2000,2024-06-24,0.4481,167,0.0
2000,2024-06-29,0.4161,167,0.0
2000,2024-07-19,0.4628,167,0.0
2000,2024-07-24,0.4546,167,0.0
2000,2024-07-29,0.4006,167,0.0
2000,2024-08-03,0.2829,167,0.0
2000,2024-08-08,0.2528,167,0.0
2000,2024-08-18,0.303,167,0.0
2000,2024-08-23,0.3151,167,0.0
2000,2024-08-28,0.3384,167,0.0
2000,2024-09-02,0.3112,167,0.0
2000,2024-09-07,0.343,167,0.0
2000,2024-09-12,0.3309,167,0.0
2000,2024-09-22,0.3656,167,0.0
2000,2024-10-02,0.3212,167,0.0
2000,2024-10-07,0.3777,167,0.0
2000,2024-10-17,0.3729,167,0.0
2000,2024-10-22,0.3885,167,0.0
2000,2024-11-01,0.4001,167,0.0
2000,2024-11-11,0.4796,167,0.0
2000,2024-11-26,0.4159,167,0.0
2000,2024-12-06,0.4785,167,0.0
2000,2024-12-31,0.5213,167,0.0
2000,2025-01-10,0.5176,142,0.1497
2000,2025-01-15,0.5096,167,0.0
2000,2025-01-25,0.4987,167,0.0
2000,2025-02-19,0.5762,167,0.0
2000,2025-02-24,0.5639,167,0.0
2000,2025-03-01,0.5685,167,0.0
2000,2025-03-06,0.561,167,0.0
2000,2025-03-21,0.5602,167,0.0
2000,2025-04-12,0.5375,167,0.0
2000,2025-04-15,0.5524,167,0.0
2000,2025-04-30,0.5987,167,0.0
2000,2025-05-02,0.596,167,0.0
2000,2025-05-05,0.5758,167,0.0
2000,2025-05-15,0.6008,167,0.0
2000,2025-05-20,0.5436,167,0.0
2000,2025-05-22,0.3498,167,0.0
2000,2025-05-25,0.5291,167,0.0
2000,2025-05-30,0.5065,167,0.0
2000,2025-06-04,0.5316,167,0.0
2000,2025-06-19,0.5006,167,0.0
2000,2025-06-29,0.4905,167,0.0
2000,2025-07-09,0.4446,167,0.0
2000,2025-07-14,0.4478,167,0.0
2000,2025-07-19,0.4124,167,0.0
2000,2025-07-21,0.3962,167,0.0
2000,2025-07-29,0.3189,167,0.0
2000,2025-08-03,0.2874,167,0.0
2000,2025-08-13,0.2828,167,0.0
2000,2025-08-30,0.33,167,0.0
2000,2025-09-27,0.3612,167,0.0
2000,2025-10-17,0.3419,167,0.0
2000,2025-10-22,0.3839,167,0.0
2000,2025-11-01,0.4082,167,0.0
2000,2025-11-11,0.4241,167,0.0
2000,2025-11-21,0.4081,167,0.0
2000,2025-11-26,0.427,167,0.0
2000,2025-12-01,0.4083,167,0.0
2000,2025-12-06,0.3885,167,0.0
2000,2025-12-11,0.4433,167,0.0
2000,2025-12-21,0.4856,143,0.1437
2000,2025-12-26,0.4585,167,0.0
2000,2025-12-28,0.4862,167,0.0
2000,2026-01-10,0.5058,167,0.0
2000,2026-03-16,0.5848,167,0.0
2000,2026-03-21,0.6037,167,0.0
2000,2026-03-28,0.5756,167,0.0
2000,2026-04-17,0.5681,167,0.0
2000,2026-04-20,0.5762,167,0.0
2000,2026-04-30,0.5763,167,0.0
2000,2026-05-05,0.5849,167,0.0
2000,2026-05-07,0.5485,167,0.0
2000,2026-05-27,0.5054,167,0.0
2000,2026-06-04,0.4886,167,0.0
2000,2026-06-19,0.3306,167,0.0
2000,2026-06-29,0.3418,167,0.0
2000,2026-07-06,0.3572,167,0.0
2000,2026-07-09,0.3776,167,0.0
2000,2026-07-19,0.405,167,0.0
2000,2026-07-26,0.3773,167,0.0
2000,2026-07-29,0.3355,167,0.0
2000,2026-08-08,0.3646,167,0.0
2000,2026-08-18,0.3886,167,0.0
2000,2026-08-23,0.4127,167,0.0
2000,2026-09-04,0.4279,167,0.0
3500,2019-01-07,0.5292,10,0.0
3500,2019-01-12,0.4462,10,0.0
3500,2019-01-27,0.3098,10,0.0
3500,2019-02-01,0.5178,8,0.2
3500,2019-02-11,0.4004,10,0.0
3500,2019-03-13,0.4622,10,0.0
3500,2019-03-23,0.5448,10,0.0
3500,2019-04-02,0.6518,10,0.0
3500,2019-04-12,0.4462,10,0.0
3500,2019-04-22,0.537,10,0.0
3500,2019-04-27,0.478,10,0.0
3500,2019-05-12,0.4586,10,0.0
3500,2019-05-22,0.5603,10,0.0
3500,2019-05-27,0.5227,10,0.0
3500,2019-06-06,0.3688,10,0.0
3500,2019-06-11,0.4479,10,0.0
3500,2019-06-16,0.4835,10,0.0
3500,2019-06-26,0.4939,10,0.0
3500,2019-07-06,0.4867,10,0.0
3500,2019-07-11,0.4659,10,0.0
3500,2019-07-26,0.4482,10,0.0
3500,2019-07-31,0.4772,10,0.0
3500,2019-08-05,0.2383,10,0.0
3500,2019-08-10,0.2838,10,0.0
3500,2019-08-15,0.3958,10,0.0
3500,2019-08-30,0.3185,10,0.0
3500,2019-09-09,0.3698,10,0.0
3500,2019-09-14,0.3725,10,0.0
3500,2019-09-29,0.4584,10,0.0
3500,2019-10-04,0.424,10,0.0
3500,2019-10-14,0.3662,10,0.0
3500,2019-11-03,0.4122,10,0.0
3500,2019-11-13,0.3489,10,0.0
3500,2019-12-08,0.4848,10,0.0
3500,2019-12-28,0.2545,10,0.0
3500,2020-01-07,0.3161,10,0.0
3500,2020-01-27,0.5003,10,0.0
3500,2020-03-12,0.3034,10,0.0
3500,2020-03-17,0.5668,10,0.0
3500,2020-03-27,0.5442,10,0.0
3500,2020-04-06,0.5443,10,0.0
3500,2020-04-21,0.4904,10,0.0
3500,2020-04-26,0.465,10,0.0
3500,2020-05-01,0.4134,10,0.0
3500,2020-05-11,0.4466,10,0.0
3500,2020-05-16,0.3533,10,0.0
3500,2020-05-21,0.4443,10,0.0
3500,2020-05-26,0.4487,10,0.0
3500,2020-05-31,0.4228,10,0.0
3500,2020-07-10,0.4261,10,0.0
3500,2020-07-20,0.4393,10,0.0
3500,2020-07-25,0.3452,10,0.0
3500,2020-08-04,0.2914,10,0.0
3500,2020-08-09,0.2433,10,0.0
3500,2020-08-19,0.2992,10,0.0
3500,2020-08-24,0.3174,10,0.0
3500,2020-08-29,0.3246,10,0.0
3500,2020-09-03,0.4123,10,0.0
3500,2020-09-08,0.3373,10,0.0
3500,2020-09-13,0.4209,10,0.0
3500,2020-10-08,0.3737,10,0.0
3500,2020-10-13,0.3913,10,0.0
3500,2020-10-18,0.2824,10,0.0
3500,2020-10-23,0.4539,10,0.0
3500,2020-10-28,0.3855,10,0.0
3500,2020-11-07,0.2254,10,0.0
3500,2020-11-22,0.2616,10,0.0
3500,2020-11-27,0.3922,9,0.1
3500,2021-01-31,0.4162,10,0.0
3500,2021-02-10,0.4077,10,0.0
3500,2021-02-15,0.4632,10,0.0
3500,2021-02-20,0.3968,10,0.0
3500,2021-03-02,0.2404,10,0.0
3500,2021-03-12,0.2565,10,0.0
3500,2021-03-22,0.4517,10,0.0
3500,2021-03-27,0.4754,10,0.0
3500,2021-04-01,0.5992,10,0.0
3500,2021-04-11,0.5258,10,0.0
3500,2021-04-26,0.4486,10,0.0
3500,2021-05-01,0.4447,10,0.0
3500,2021-05-06,0.3844,10,0.0
3500,2021-05-11,0.3023,10,0.0
3500,2021-05-21,0.3948,10,0.0
3500,2021-05-26,0.4455,10,0.0
3500,2021-06-05,0.4536,10,0.0
3500,2021-06-20,0.3035,9,0.1
3500,2021-06-25,0.2417,8,0.2
3500,2021-07-10,0.3769,10,0.0
3500,2021-07-20,0.3917,10,0.0
3500,2021-07-25,0.3614,10,0.0
3500,2021-07-30,0.3312,10,0.0
3500,2021-08-09,0.2995,10,0.0
3500,2021-08-19,0.3253,10,0.0
3500,2021-08-24,0.3053,10,0.0
3500,2021-09-03,0.3209,10,0.0
3500,2021-09-08,0.3089,8,0.2
3500,2021-09-23,0.3227,10,0.0
3500,2021-09-28,0.4042,10,0.0
3500,2021-10-23,0.38,10,0.0
3500,2021-11-07,0.4617,10,0.0
3500,2021-11-17,0.3631,10,0.0
3500,2021-11-22,0.3915,10,0.0
3500,2021-12-12,0.341,10,0.0
3500,2022-01-16,0.4459,10,0.0
3500,2022-01-21,0.4332,10,0.0
3500,2022-01-26,0.4334,10,0.0
3500,2022-02-10,0.4629,10,0.0
3500,2022-02-20,0.4237,10,0.0
3500,2022-03-02,0.2668,10,0.0
3500,2022-03-07,0.4327,10,0.0
3500,2022-03-17,0.5025,10,0.0
3500,2022-03-22,0.5019,10,0.0
3500,2022-04-06,0.5219,10,0.0
3500,2022-04-26,0.5457,10,0.0
3500,2022-05-01,0.49,10,0.0
3500,2022-05-06,0.4448,10,0.0
3500,2022-05-11,0.4658,10,0.0
3500,2022-05-21,0.4871,10,0.0
3500,2022-05-26,0.3251,10,0.0
3500,2022-06-05,0.3627,10,0.0
3500,2022-06-25,0.4196,10,0.0
3500,2022-06-30,0.4395,10,0.0
3500,2022-07-05,0.4154,10,0.0
3500,2022-07-10,0.4478,10,0.0
3500,2022-07-20,0.4091,9,0.1
3500,2022-07-25,0.3685,10,0.0
3500,2022-08-14,0.372,10,0.0
3500,2022-08-24,0.265,10,0.0
3500,2022-09-03,0.2381,10,0.0
3500,2022-09-18,0.3747,10,0.0
3500,2022-09-23,0.3954,8,0.2
3500,2022-10-23,0.4962,10,0.0
3500,2022-11-17,0.4223,10,0.0
3500,2022-11-27,0.3967,10,0.0
3500,2022-12-17,0.3777,10,0.0
3500,2023-01-26,0.4197,10,0.0
3500,2023-02-05,0.308,8,0.2
3500,2023-02-10,0.4256,10,0.0
3500,2023-02-20,0.4914,10,0.0
3500,2023-03-02,0.5647,10,0.0
3500,2023-03-17,0.4997,10,0.0
3500,2023-03-22,0.5607,10,0.0
3500,2023-04-01,0.509,10,0.0
3500,2023-04-06,0.3258,9,0.1
3500,2023-04-11,0.4706,10,0.0
3500,2023-04-16,0.5058,10,0.0
3500,2023-04-21,0.5452,10,0.0
3500,2023-05-01,0.5509,10,0.0
3500,2023-05-16,0.569,10,0.0
3500,2023-05-26,0.5527,10,0.0
3500,2023-06-05,0.5533,10,0.0
3500,2023-06-10,0.5513,10,0.0
3500,2023-06-20,0.4307,10,0.0
3500,2023-06-25,0.3917,10,0.0
3500,2023-06-30,0.365,10,0.0
3500,2023-07-05,0.4041,10,0.0
3500,2023-07-15,0.4295,10,0.0
3500,2023-07-25,0.4326,10,0.0
3500,2023-08-04,0.4112,10,0.0
3500,2023-08-09,0.3453,9,0.1
3500,2023-08-24,0.3337,10,0.0
3500,2023-09-03,0.4213,10,0.0
3500,2023-09-08,0.37,10,0.0
3500,2023-09-13,0.3659,10,0.0
3500,2023-09-18,0.4274,10,0.0
3500,2023-09-23,0.3463,10,0.0
3500,2023-10-23,0.4714,10,0.0
3500,2023-11-07,0.4648,10,0.0
3500,2023-11-12,0.4717,10,0.0
3500,2023-12-02,0.5756,10,0.0
3500,2023-12-07,0.5324,10,0.0
3500,2023-12-27,0.5426,10,0.0
3500,2024-02-05,0.4583,10,0.0
3500,2024-02-10,0.4383,10,0.0
3500,2024-02-25,0.4987,10,0.0
3500,2024-03-11,0.4868,10,0.0
3500,2024-03-16,0.5364,10,0.0
3500,2024-03-21,0.4373,10,0.0
3500,2024-03-31,0.5338,10,0.0
3500,2024-04-05,0.588,10,0.0
3500,2024-04-10,0.4685,10,0.0
3500,2024-04-20,0.5143,10,0.0
3500,2024-04-30,0.5015,10,0.0
3500,2024-05-05,0.5294,10,0.0
3500,2024-05-10,0.447,10,0.0
3500,2024-05-20,0.4066,10,0.0
3500,2024-05-30,0.4264,10,0.0
3500,2024-06-09,0.4316,10,0.0
3500,2024-06-14,0.4588,10,0.0
3500,2024-06-19,0.4433,10,0.0
3500,2024-06-24,0.4534,10,0.0
3500,2024-06-29,0.4239,10,0.0
3500,2024-07-14,0.4039,10,0.0
3500,2024-07-19,0.3722,10,0.0
3500,2024-07-24,0.3566,10,0.0
3500,2024-07-29,0.3512,10,0.0
3500,2024-08-03,0.3643,10,0.0
3500,2024-08-08,0.2952,10,0.0
3500,2024-08-18,0.3132,10,0.0
3500,2024-08-23,0.2892,10,0.0
3500,2024-08-28,0.3203,10,0.0
3500,2024-09-02,0.314,10,0.0
3500,2024-09-07,0.308,10,0.0
3500,2024-09-12,0.3274,10,0.0
3500,2024-09-22,0.2988,10,0.0
3500,2024-10-02,0.3066,10,0.0
3500,2024-10-07,0.3537,10,0.0
3500,2024-10-17,0.3922,8,0.2
3500,2024-10-22,0.3886,10,0.0
3500,2024-11-01,0.4594,10,0.0
3500,2024-11-11,0.4126,10,0.0
3500,2024-11-26,0.4233,10,0.0
3500,2024-12-31,0.4561,10,0.0
3500,2025-01-15,0.3221,10,0.0
3500,2025-01-25,0.4159,10,0.0
3500,2025-02-19,0.4659,10,0.0
3500,2025-02-24,0.5382,10,0.0
3500,2025-03-01,0.4702,10,0.0
3500,2025-03-06,0.4364,10,0.0
3500,2025-03-21,0.5629,10,0.0
3500,2025-04-15,0.4272,8,0.2
3500,2025-05-02,0.5048,10,0.0
3500,2025-05-05,0.4937,10,0.0
3500,2025-05-15,0.5089,10,0.0
3500,2025-05-20,0.4627,10,0.0
3500,2025-05-22,0.3144,8,0.2
3500,2025-05-25,0.4428,10,0.0
3500,2025-05-30,0.4271,10,0.0
3500,2025-06-04,0.4089,10,0.0
3500,2025-06-19,0.4489,10,0.0
3500,2025-06-29,0.4602,10,0.0
3500,2025-07-09,0.2763,10,0.0
3500,2025-07-14,0.2445,10,0.0
3500,2025-07-19,0.2755,10,0.0
3500,2025-07-21,0.2789,10,0.0
3500,2025-07-29,0.3021,10,0.0
3500,2025-08-03,0.2961,10,0.0
3500,2025-08-08,0.2548,10,0.0
3500,2025-08-13,0.3193,10,0.0
3500,2025-08-30,0.3082,10,0.0
3500,2025-09-27,0.3492,10,0.0
3500,2025-10-17,0.3341,10,0.0
3500,2025-10-22,0.423,10,0.0
3500,2025-11-01,0.5024,10,0.0
3500,2025-11-11,0.3341,10,0.0
3500,2025-11-21,0.3958,10,0.0
3500,2025-11-26,0.4406,10,0.0
3500,2025-12-01,0.4157,10,0.0
3500,2025-12-06,0.4199,10,0.0
3500,2025-12-11,0.3726,10,0.0
3500,2025-12-21,0.4225,10,0.0
3500,2025-12-26,0.4269,10,0.0
3500,2025-12-28,0.4183,10,0.0
3500,2026-01-10,0.49,10,0.0
3500,2026-03-16,0.4287,10,0.0
3500,2026-03-21,0.4572,10,0.0
3500,2026-03-28,0.4792,10,0.0
3500,2026-04-05,0.4762,10,0.0
3500,2026-04-17,0.4796,10,0.0
3500,2026-04-20,0.4846,10,0.0
3500,2026-04-30,0.4598,10,0.0
3500,2026-05-05,0.4873,10,0.0
3500,2026-05-07,0.449,10,0.0
3500,2026-05-27,0.3733,10,0.0
3500,2026-06-04,0.3478,10,0.0
3500,2026-06-19,0.3235,10,0.0
3500,2026-06-29,0.3525,10,0.0
3500,2026-07-06,0.3611,10,0.0
3500,2026-07-09,0.389,10,0.0
3500,2026-07-19,0.4119,10,0.0
3500,2026-07-26,0.3786,10,0.0
3500,2026-07-29,0.3698,10,0.0
3500,2026-08-08,0.3393,10,0.0
3500,2026-08-18,0.3535,10,0.0
3500,2026-08-23,0.4132,10,0.0
3500,2026-09-04,0.4012,10,0.0
4000,2019-01-07,0.4981,403,0.0
4000,2019-01-12,0.4549,403,0.0
4000,2019-01-27,0.4857,403,0.0
4000,2019-02-11,0.3966,356,0.1166
4000,2019-03-23,0.5449,403,0.0
4000,2019-04-02,0.5259,403,0.0
4000,2019-04-12,0.5107,403,0.0
4000,2019-04-22,0.5177,403,0.0
4000,2019-04-27,0.5374,403,0.0
4000,2019-05-12,0.3644,376,0.067
4000,2019-05-22,0.4865,403,0.0
4000,2019-05-27,0.482,403,0.0
4000,2019-06-06,0.4821,395,0.0199
4000,2019-06-11,0.4855,403,0.0
4000,2019-06-16,0.4831,403,0.0
4000,2019-06-26,0.4896,403,0.0
4000,2019-07-06,0.5176,403,0.0
4000,2019-07-11,0.4867,403,0.0
4000,2019-07-26,0.4274,403,0.0
4000,2019-07-31,0.4504,403,0.0
4000,2019-08-10,0.3846,403,0.0
4000,2019-08-15,0.4158,403,0.0
4000,2019-08-30,0.3649,403,0.0
4000,2019-09-09,0.381,403,0.0
4000,2019-09-14,0.3773,403,0.0
4000,2019-09-29,0.4203,403,0.0
4000,2019-10-04,0.4166,403,0.0
4000,2019-10-14,0.3767,403,0.0
4000,2019-11-03,0.4116,403,0.0
4000,2019-11-13,0.3971,403,0.0
4000,2019-12-08,0.4348,402,0.0025
4000,2020-01-07,0.4239,398,0.0124
4000,2020-01-27,0.4676,403,0.0
4000,2020-03-12,0.5097,403,0.0
4000,2020-03-17,0.564,403,0.0
4000,2020-03-27,0.498,403,0.0
4000,2020-04-06,0.5132,403,0.0
4000,2020-04-21,0.5171,403,0.0
4000,2020-04-26,0.4648,403,0.0
4000,2020-05-01,0.4086,403,0.0
4000,2020-05-11,0.4349,403,0.0
4000,2020-05-16,0.4209,403,0.0
4000,2020-05-21,0.4083,391,0.0298
4000,2020-05-26,0.4277,403,0.0
4000,2020-05-31,0.4048,403,0.0
4000,2020-07-10,0.4082,403,0.0
4000,2020-07-20,0.4237,403,0.0
4000,2020-07-25,0.3845,403,0.0
4000,2020-08-04,0.4046,403,0.0
4000,2020-08-09,0.3886,402,0.0025
4000,2020-08-19,0.3885,402,0.0025
4000,2020-08-24,0.4275,403,0.0
4000,2020-08-29,0.4036,403,0.0
4000,2020-09-03,0.4041,403,0.0
4000,2020-09-08,0.3807,403,0.0
4000,2020-09-13,0.3767,403,0.0
4000,2020-10-08,0.4123,397,0.0149
4000,2020-10-13,0.3964,403,0.0
4000,2020-10-18,0.3691,403,0.0
4000,2020-10-23,0.4276,403,0.0
4000,2020-10-28,0.4326,403,0.0
4000,2020-11-07,0.412,403,0.0
4000,2020-11-22,0.4233,403,0.0
4000,2021-01-21,0.4621,336,0.1663
4000,2021-01-31,0.4745,403,0.0
4000,2021-02-10,0.5175,403,0.0
4000,2021-02-15,0.4393,356,0.1166
4000,2021-02-20,0.4782,403,0.0
4000,2021-03-02,0.4479,403,0.0
4000,2021-03-12,0.4708,403,0.0
4000,2021-03-22,0.5136,403,0.0
4000,2021-03-27,0.525,403,0.0
4000,2021-04-01,0.5377,403,0.0
4000,2021-04-11,0.556,403,0.0
4000,2021-04-26,0.4984,403,0.0
4000,2021-05-01,0.4707,403,0.0
4000,2021-05-06,0.4438,403,0.0
4000,2021-05-11,0.4313,403,0.0
4000,2021-05-21,0.4536,403,0.0
4000,2021-05-26,0.463,403,0.0
4000,2021-06-05,0.4665,403,0.0
4000,2021-06-25,0.3467,380,0.0571
4000,2021-07-10,0.4122,403,0.0
4000,2021-07-20,0.4004,403,0.0
4000,2021-07-25,0.3925,403,0.0
4000,2021-07-30,0.3729,403,0.0
4000,2021-08-09,0.3379,403,0.0
4000,2021-08-19,0.3541,403,0.0
4000,2021-08-24,0.3531,403,0.0
4000,2021-09-03,0.3686,403,0.0
4000,2021-09-23,0.3728,403,0.0
4000,2021-09-28,0.382,403,0.0
4000,2021-10-23,0.4277,403,0.0
4000,2021-11-07,0.3963,403,0.0
4000,2021-11-17,0.3768,403,0.0
4000,2021-11-22,0.4285,403,0.0
4000,2021-12-12,0.4198,403,0.0
4000,2022-01-16,0.4364,402,0.0025
4000,2022-01-21,0.5216,403,0.0
4000,2022-01-26,0.3939,403,0.0
4000,2022-02-10,0.5369,403,0.0
4000,2022-02-20,0.5178,403,0.0
4000,2022-03-07,0.4985,403,0.0
4000,2022-03-17,0.4785,403,0.0
4000,2022-03-22,0.5096,403,0.0
4000,2022-04-06,0.4702,403,0.0
4000,2022-04-21,0.4524,327,0.1886
4000,2022-04-26,0.5187,403,0.0
4000,2022-05-01,0.4552,403,0.0
4000,2022-05-06,0.4003,363,0.0993
4000,2022-05-11,0.4549,403,0.0
4000,2022-05-21,0.487,403,0.0
4000,2022-05-26,0.4549,403,0.0
4000,2022-06-05,0.4018,403,0.0
4000,2022-06-25,0.4119,403,0.0
4000,2022-06-30,0.4002,403,0.0
4000,2022-07-05,0.4006,403,0.0
4000,2022-07-10,0.3843,403,0.0
4000,2022-07-20,0.3611,372,0.0769
4000,2022-07-25,0.362,403,0.0
4000,2022-07-30,0.3771,333,0.1737
4000,2022-08-14,0.3697,403,0.0
4000,2022-08-24,0.3615,403,0.0
4000,2022-09-03,0.261,402,0.0025
4000,2022-09-18,0.3691,403,0.0
4000,2022-10-23,0.451,403,0.0
4000,2022-11-17,0.4512,403,0.0
4000,2022-11-27,0.443,403,0.0
4000,2022-12-02,0.4201,338,0.1613
4000,2023-01-26,0.4469,403,0.0
4000,2023-02-05,0.3734,389,0.0347
4000,2023-02-10,0.4662,403,0.0
4000,2023-02-20,0.5567,403,0.0
4000,2023-03-17,0.5492,403,0.0
4000,2023-03-22,0.5612,403,0.0
4000,2023-04-01,0.5295,403,0.0
4000,2023-04-11,0.4824,403,0.0
4000,2023-04-16,0.5259,402,0.0025
4000,2023-04-21,0.5648,403,0.0
4000,2023-05-01,0.5641,403,0.0
4000,2023-05-16,0.5292,403,0.0
4000,2023-05-26,0.4732,403,0.0
4000,2023-06-05,0.4666,403,0.0
4000,2023-06-10,0.428,403,0.0
4000,2023-06-20,0.4401,403,0.0
4000,2023-06-25,0.4351,403,0.0
4000,2023-06-30,0.3809,403,0.0
4000,2023-07-05,0.4473,403,0.0
4000,2023-07-15,0.4624,403,0.0
4000,2023-07-25,0.4473,403,0.0
4000,2023-07-30,0.2802,362,0.1017
4000,2023-08-04,0.4318,403,0.0
4000,2023-08-09,0.3617,399,0.0099
4000,2023-08-24,0.3806,403,0.0
4000,2023-09-03,0.4349,403,0.0
4000,2023-09-08,0.4323,403,0.0
4000,2023-09-13,0.416,403,0.0
4000,2023-09-18,0.4285,403,0.0
4000,2023-09-23,0.3728,403,0.0
4000,2023-10-23,0.5059,403,0.0
4000,2023-11-07,0.4754,403,0.0
4000,2023-11-12,0.4399,403,0.0
4000,2023-12-02,0.5021,403,0.0
4000,2023-12-07,0.4829,403,0.0
4000,2023-12-27,0.4977,403,0.0
4000,2024-02-05,0.5021,403,0.0
4000,2024-02-10,0.4551,403,0.0
4000,2024-02-25,0.4239,403,0.0
4000,2024-03-11,0.5064,402,0.0025
4000,2024-03-16,0.4937,403,0.0
4000,2024-03-21,0.5015,361,0.1042
4000,2024-03-31,0.5097,403,0.0
4000,2024-04-05,0.513,403,0.0
4000,2024-04-10,0.5216,403,0.0
4000,2024-04-20,0.5678,403,0.0
4000,2024-04-30,0.5168,403,0.0
4000,2024-05-05,0.502,403,0.0
4000,2024-05-10,0.4166,403,0.0
4000,2024-05-20,0.4367,386,0.0422
4000,2024-05-30,0.4006,403,0.0
4000,2024-06-09,0.4124,403,0.0
4000,2024-06-14,0.416,403,0.0
4000,2024-06-19,0.4201,403,0.0
4000,2024-06-24,0.3731,403,0.0
4000,2024-06-29,0.3694,403,0.0
4000,2024-07-14,0.3693,356,0.1166
4000,2024-07-19,0.3729,403,0.0
4000,2024-07-24,0.3497,403,0.0
4000,2024-07-29,0.3187,403,0.0
4000,2024-08-03,0.3499,403,0.0
4000,2024-08-08,0.3304,403,0.0
4000,2024-08-18,0.3726,403,0.0
4000,2024-08-23,0.3693,403,0.0
4000,2024-08-28,0.3654,403,0.0
4000,2024-09-02,0.31,403,0.0
4000,2024-09-07,0.3341,403,0.0
4000,2024-09-12,0.322,403,0.0
4000,2024-09-22,0.3575,403,0.0
4000,2024-10-02,0.295,403,0.0
4000,2024-10-07,0.3538,403,0.0
4000,2024-10-17,0.3413,336,0.1663
4000,2024-10-22,0.35,403,0.0
4000,2024-11-01,0.3973,403,0.0
4000,2024-11-11,0.443,403,0.0
4000,2024-11-26,0.4593,403,0.0
4000,2024-12-31,0.4744,403,0.0
4000,2025-01-05,0.4862,358,0.1117
4000,2025-01-15,0.483,403,0.0
4000,2025-01-20,0.4862,389,0.0347
4000,2025-01-25,0.5058,403,0.0
4000,2025-02-19,0.5095,403,0.0
4000,2025-02-24,0.5211,403,0.0
4000,2025-03-01,0.4933,403,0.0
4000,2025-03-06,0.4896,403,0.0
4000,2025-03-21,0.5453,403,0.0
4000,2025-05-02,0.5139,403,0.0
4000,2025-05-05,0.5063,403,0.0
4000,2025-05-15,0.4933,403,0.0
4000,2025-05-20,0.4709,403,0.0
4000,2025-05-22,0.2998,353,0.1241
4000,2025-05-25,0.4787,403,0.0
4000,2025-05-30,0.4393,403,0.0
4000,2025-06-04,0.4198,403,0.0
4000,2025-06-19,0.4396,403,0.0
4000,2025-06-29,0.4475,403,0.0
4000,2025-07-14,0.4118,403,0.0
4000,2025-07-19,0.416,403,0.0
4000,2025-07-21,0.3811,403,0.0
4000,2025-07-29,0.3738,403,0.0
4000,2025-08-03,0.2831,403,0.0
4000,2025-08-13,0.2872,403,0.0
4000,2025-08-30,0.3146,403,0.0
4000,2025-09-27,0.3421,403,0.0
4000,2025-10-17,0.3452,403,0.0
4000,2025-10-22,0.3963,403,0.0
4000,2025-11-01,0.3924,403,0.0
4000,2025-11-11,0.3885,403,0.0
4000,2025-11-21,0.4038,403,0.0
4000,2025-11-26,0.4116,403,0.0
4000,2025-12-01,0.3657,403,0.0
4000,2025-12-06,0.369,403,0.0
4000,2025-12-11,0.3874,403,0.0
4000,2025-12-21,0.419,403,0.0
4000,2025-12-26,0.4089,403,0.0
4000,2025-12-28,0.4314,403,0.0
4000,2026-01-10,0.4559,403,0.0
4000,2026-03-16,0.5016,403,0.0
4000,2026-03-21,0.522,403,0.0
4000,2026-03-26,0.4869,336,0.1663
4000,2026-03-28,0.502,403,0.0
4000,2026-04-05,0.4513,379,0.0596
4000,2026-04-17,0.4822,403,0.0
4000,2026-04-20,0.5063,403,0.0
4000,2026-04-30,0.4863,403,0.0
4000,2026-05-05,0.4744,403,0.0
4000,2026-05-07,0.4398,403,0.0
4000,2026-05-27,0.3959,382,0.0521
4000,2026-06-04,0.3264,389,0.0347
4000,2026-06-19,0.3459,403,0.0
4000,2026-06-29,0.3565,403,0.0
4000,2026-07-06,0.3697,403,0.0
4000,2026-07-09,0.3854,403,0.0
4000,2026-07-19,0.4121,403,0.0
4000,2026-07-26,0.3916,403,0.0
4000,2026-07-29,0.3647,403,0.0
4000,2026-08-08,0.3531,397,0.0149
4000,2026-08-18,0.4043,403,0.0
4000,2026-08-23,0.4128,403,0.0
4000,2026-09-04,0.4122,403,0.0
4500,2019-01-07,0.4876,187,0.0
4500,2019-01-12,0.4701,187,0.0
4500,2019-01-27,0.4744,187,0.0
4500,2019-03-13,0.517,164,0.123
4500,2019-03-23,0.5801,187,0.0
4500,2019-04-02,0.4363,187,0.0
4500,2019-04-12,0.4662,187,0.0
4500,2019-04-22,0.5093,187,0.0
4500,2019-04-27,0.4983,187,0.0
4500,2019-05-12,0.4355,187,0.0
4500,2019-05-22,0.494,187,0.0
4500,2019-05-27,0.4913,187,0.0
4500,2019-06-06,0.5059,187,0.0
4500,2019-06-11,0.5098,187,0.0
4500,2019-06-16,0.5093,187,0.0
4500,2019-06-26,0.5099,187,0.0
4500,2019-07-06,0.5649,187,0.0
4500,2019-07-11,0.5295,187,0.0
4500,2019-07-26,0.4631,187,0.0
4500,2019-07-31,0.4825,187,0.0
4500,2019-08-10,0.4002,187,0.0
4500,2019-08-15,0.4312,187,0.0
4500,2019-08-30,0.3922,187,0.0
4500,2019-09-09,0.3545,187,0.0
4500,2019-09-14,0.3621,187,0.0
4500,2019-09-19,0.2944,187,0.0
4500,2019-09-24,0.2505,180,0.0374
4500,2019-09-29,0.4191,187,0.0
4500,2019-10-04,0.4199,187,0.0
4500,2019-10-14,0.4159,187,0.0
4500,2019-11-03,0.4238,187,0.0
4500,2019-11-13,0.4274,187,0.0
4500,2019-11-23,0.3695,187,0.0
4500,2019-12-08,0.4124,187,0.0
4500,2020-01-27,0.5102,187,0.0
4500,2020-03-12,0.4981,187,0.0
4500,2020-03-17,0.5761,187,0.0
4500,2020-03-22,0.5767,186,0.0053
4500,2020-03-27,0.4476,187,0.0
4500,2020-04-06,0.487,187,0.0
4500,2020-04-16,0.4272,168,0.1016
4500,2020-04-21,0.4927,187,0.0
4500,2020-04-26,0.4828,187,0.0
4500,2020-05-01,0.4241,187,0.0
4500,2020-05-06,0.2493,187,0.0
4500,2020-05-11,0.4515,187,0.0
4500,2020-05-16,0.3726,187,0.0
4500,2020-05-21,0.3606,174,0.0695
4500,2020-05-26,0.3963,187,0.0
4500,2020-05-31,0.3848,187,0.0
4500,2020-06-30,0.4044,184,0.016
4500,2020-07-10,0.4239,187,0.0
4500,2020-07-20,0.4314,187,0.0
4500,2020-07-25,0.4165,187,0.0
4500,2020-08-04,0.432,187,0.0
4500,2020-08-09,0.4081,187,0.0
4500,2020-08-19,0.4075,187,0.0
4500,2020-08-24,0.4393,187,0.0
4500,2020-08-29,0.3654,187,0.0
4500,2020-09-03,0.3891,187,0.0
4500,2020-09-08,0.3694,187,0.0
4500,2020-09-13,0.3805,187,0.0
4500,2020-10-08,0.3652,187,0.0
4500,2020-10-13,0.4049,187,0.0
4500,2020-10-18,0.365,187,0.0
4500,2020-10-23,0.4479,187,0.0
4500,2020-10-28,0.4587,187,0.0
4500,2020-11-02,0.4118,171,0.0856
4500,2020-11-07,0.4112,187,0.0
4500,2020-11-22,0.4075,187,0.0
4500,2021-01-21,0.5175,187,0.0
4500,2021-01-31,0.5207,187,0.0
4500,2021-02-10,0.5493,187,0.0
4500,2021-03-02,0.4239,187,0.0
4500,2021-03-12,0.4826,187,0.0
4500,2021-03-22,0.5293,187,0.0
4500,2021-03-27,0.5401,187,0.0
4500,2021-04-01,0.5379,187,0.0
4500,2021-04-11,0.5724,187,0.0
4500,2021-04-26,0.4508,187,0.0
4500,2021-05-01,0.4281,187,0.0
4500,2021-05-06,0.3979,187,0.0
4500,2021-05-11,0.3936,187,0.0
4500,2021-05-21,0.4429,187,0.0
4500,2021-05-26,0.4616,187,0.0
4500,2021-06-05,0.4357,187,0.0
4500,2021-06-15,0.3849,187,0.0
4500,2021-06-20,0.2367,162,0.1337
4500,2021-06-25,0.3847,184,0.016
4500,2021-07-10,0.4156,187,0.0
4500,2021-07-20,0.4047,187,0.0
4500,2021-07-25,0.3814,187,0.0
4500,2021-07-30,0.3614,187,0.0
4500,2021-08-09,0.3422,187,0.0
4500,2021-08-19,0.3539,187,0.0
4500,2021-08-24,0.3459,187,0.0
4500,2021-09-03,0.3724,187,0.0
4500,2021-09-08,0.3768,184,0.016
4500,2021-09-23,0.4167,187,0.0
4500,2021-09-28,0.4083,187,0.0
4500,2021-10-08,0.3853,178,0.0481
4500,2021-10-23,0.4397,187,0.0
4500,2021-11-07,0.4007,187,0.0
4500,2021-11-17,0.37,187,0.0
4500,2021-11-22,0.42,187,0.0
4500,2021-12-12,0.3954,187,0.0
4500,2022-01-16,0.4821,187,0.0
4500,2022-01-21,0.526,187,0.0
4500,2022-01-26,0.4148,184,0.016
4500,2022-02-10,0.5208,187,0.0
4500,2022-02-20,0.5334,187,0.0
4500,2022-03-07,0.4864,187,0.0
4500,2022-03-17,0.4696,187,0.0
4500,2022-03-22,0.518,187,0.0
4500,2022-04-06,0.4858,187,0.0
4500,2022-04-11,0.5408,187,0.0
4500,2022-04-26,0.5018,187,0.0
4500,2022-05-01,0.4346,187,0.0
4500,2022-05-11,0.4553,187,0.0
4500,2022-05-21,0.4865,187,0.0
4500,2022-05-26,0.4709,187,0.0
4500,2022-06-05,0.4429,187,0.0
4500,2022-06-25,0.4471,187,0.0
4500,2022-06-30,0.3842,187,0.0
4500,2022-07-05,0.3687,187,0.0
4500,2022-07-10,0.3572,187,0.0
4500,2022-07-20,0.3461,187,0.0
4500,2022-07-25,0.3537,187,0.0
4500,2022-07-30,0.3888,187,0.0
4500,2022-08-14,0.385,187,0.0
4500,2022-08-24,0.3576,187,0.0
4500,2022-09-03,0.2586,187,0.0
4500,2022-09-18,0.3814,187,0.0
4500,2022-10-13,0.3621,153,0.1818
4500,2022-10-23,0.4124,187,0.0
4500,2022-11-17,0.4549,187,0.0
4500,2022-11-27,0.4477,187,0.0
4500,2022-12-02,0.428,187,0.0
4500,2023-01-16,0.495,187,0.0
4500,2023-01-26,0.4703,187,0.0
4500,2023-02-05,0.4162,155,0.1711
4500,2023-02-10,0.4625,187,0.0
4500,2023-02-20,0.5476,187,0.0
4500,2023-03-17,0.5372,187,0.0
4500,2023-03-22,0.5413,187,0.0
4500,2023-04-01,0.498,187,0.0
4500,2023-04-11,0.467,187,0.0
4500,2023-04-21,0.5689,187,0.0
4500,2023-05-01,0.576,187,0.0
4500,2023-05-16,0.5755,187,0.0
4500,2023-05-21,0.5059,187,0.0
4500,2023-05-26,0.4396,187,0.0
4500,2023-06-05,0.448,187,0.0
4500,2023-06-10,0.431,187,0.0
4500,2023-06-20,0.4428,187,0.0
4500,2023-06-25,0.4391,187,0.0
4500,2023-06-30,0.4012,187,0.0
4500,2023-07-05,0.4469,187,0.0
4500,2023-07-15,0.4597,187,0.0
4500,2023-07-25,0.4434,187,0.0
4500,2023-07-30,0.2763,183,0.0214
4500,2023-08-04,0.3304,187,0.0
4500,2023-08-09,0.3027,187,0.0
4500,2023-08-24,0.3372,187,0.0
4500,2023-09-03,0.412,187,0.0
4500,2023-09-08,0.4398,187,0.0
4500,2023-09-13,0.4281,187,0.0
4500,2023-09-18,0.4402,187,0.0
4500,2023-09-23,0.4399,187,0.0
4500,2023-10-23,0.5057,187,0.0
4500,2023-11-07,0.4596,187,0.0
4500,2023-11-12,0.4391,187,0.0
4500,2023-11-17,0.4355,187,0.0
4500,2023-12-02,0.53,187,0.0
4500,2023-12-07,0.529,187,0.0
4500,2023-12-17,0.4434,187,0.0
4500,2023-12-27,0.459,187,0.0
4500,2024-01-06,0.3919,164,0.123
4500,2024-01-16,0.4396,187,0.0
4500,2024-02-05,0.5175,187,0.0
4500,2024-02-25,0.4475,187,0.0
4500,2024-03-11,0.4877,187,0.0
4500,2024-03-16,0.3959,187,0.0
4500,2024-03-31,0.5067,187,0.0
4500,2024-04-05,0.486,187,0.0
4500,2024-04-10,0.4132,187,0.0
4500,2024-04-20,0.4907,187,0.0
4500,2024-04-30,0.4908,187,0.0
4500,2024-05-05,0.5024,187,0.0
4500,2024-05-10,0.3618,187,0.0
4500,2024-05-20,0.3613,187,0.0
4500,2024-06-09,0.3889,187,0.0
4500,2024-06-14,0.4041,187,0.0
4500,2024-06-19,0.4319,187,0.0
4500,2024-06-24,0.4155,187,0.0
4500,2024-06-29,0.4086,187,0.0
4500,2024-07-19,0.374,187,0.0
4500,2024-07-24,0.3142,187,0.0
4500,2024-07-29,0.2876,187,0.0
4500,2024-08-03,0.3301,187,0.0
4500,2024-08-08,0.3292,187,0.0
4500,2024-08-18,0.3767,187,0.0
4500,2024-08-23,0.3813,187,0.0
4500,2024-08-28,0.3731,187,0.0
4500,2024-09-02,0.3414,187,0.0
4500,2024-09-07,0.3451,187,0.0
4500,2024-09-12,0.3342,187,0.0
4500,2024-09-22,0.3611,187,0.0
4500,2024-10-02,0.306,187,0.0
4500,2024-10-07,0.3527,187,0.0
4500,2024-10-17,0.3501,187,0.0
4500,2024-10-22,0.3613,187,0.0
4500,2024-11-01,0.3919,187,0.0
4500,2024-11-11,0.4351,187,0.0
4500,2024-11-26,0.4431,187,0.0
4500,2024-12-06,0.4902,187,0.0
4500,2024-12-31,0.4436,187,0.0
4500,2025-01-05,0.4557,151,0.1925
4500,2025-01-15,0.4893,187,0.0
4500,2025-01-20,0.5167,187,0.0
4500,2025-01-25,0.5133,187,0.0
4500,2025-02-19,0.5687,187,0.0
4500,2025-02-24,0.5758,187,0.0
4500,2025-03-01,0.5684,187,0.0
4500,2025-03-06,0.4488,187,0.0
4500,2025-03-21,0.4671,187,0.0
4500,2025-04-30,0.4276,187,0.0
4500,2025-05-02,0.4665,187,0.0
4500,2025-05-05,0.45,187,0.0
4500,2025-05-15,0.5138,187,0.0
4500,2025-05-20,0.5049,187,0.0
4500,2025-05-22,0.319,172,0.0802
4500,2025-05-25,0.506,187,0.0
4500,2025-05-30,0.4695,187,0.0
4500,2025-06-04,0.4694,187,0.0
4500,2025-06-19,0.4942,187,0.0
4500,2025-06-29,0.3584,187,0.0
4500,2025-07-09,0.3492,174,0.0695
4500,2025-07-14,0.4044,187,0.0
4500,2025-07-19,0.4163,187,0.0
4500,2025-07-21,0.3966,187,0.0
4500,2025-07-29,0.4087,187,0.0
4500,2025-08-03,0.3061,187,0.0
4500,2025-08-13,0.2754,187,0.0
4500,2025-08-30,0.2909,187,0.0
4500,2025-09-27,0.3029,187,0.0
4500,2025-10-17,0.3058,187,0.0
4500,2025-10-22,0.3436,187,0.0
4500,2025-11-01,0.3421,183,0.0214
4500,2025-11-11,0.3297,187,0.0
4500,2025-11-21,0.3499,187,0.0
4500,2025-11-26,0.3536,187,0.0
4500,2025-12-01,0.3241,187,0.0
4500,2025-12-06,0.3193,187,0.0
4500,2025-12-08,0.2405,171,0.0856
4500,2025-12-11,0.3577,187,0.0
4500,2025-12-26,0.3523,187,0.0
4500,2025-12-28,0.3734,187,0.0
4500,2026-01-10,0.3925,187,0.0
4500,2026-03-16,0.4315,187,0.0
4500,2026-03-21,0.4438,187,0.0
4500,2026-03-26,0.4241,157,0.1604
4500,2026-03-28,0.4292,187,0.0
4500,2026-04-17,0.4323,187,0.0
4500,2026-04-20,0.444,187,0.0
4500,2026-04-30,0.4194,187,0.0
4500,2026-05-05,0.4087,187,0.0
4500,2026-05-07,0.3894,187,0.0
4500,2026-06-04,0.3618,187,0.0
4500,2026-06-19,0.4233,187,0.0
4500,2026-06-29,0.4121,187,0.0
4500,2026-07-06,0.4066,187,0.0
4500,2026-07-09,0.4237,187,0.0
4500,2026-07-19,0.4238,187,0.0
4500,2026-07-26,0.4127,187,0.0
4500,2026-07-29,0.3691,187,0.0
4500,2026-08-18,0.3659,187,0.0
4500,2026-08-23,0.3686,187,0.0
4500,2026-09-04,0.3859,187,0.0
5000,2019-01-07,0.5056,281,0.0377
5000,2019-01-12,0.4672,292,0.0
5000,2019-01-27,0.5369,292,0.0
5000,2019-03-13,0.4746,276,0.0548
5000,2019-03-23,0.5642,292,0.0
5000,2019-04-02,0.5366,292,0.0
5000,2019-04-12,0.5253,292,0.0
5000,2019-04-22,0.5298,292,0.0
5000,2019-04-27,0.5687,292,0.0
5000,2019-05-12,0.509,287,0.0171
5000,2019-05-22,0.5761,292,0.0
5000,2019-05-27,0.5645,292,0.0
5000,2019-06-06,0.5531,292,0.0
5000,2019-06-11,0.5255,292,0.0
5000,2019-06-16,0.5134,292,0.0
5000,2019-06-26,0.5096,292,0.0
5000,2019-07-06,0.548,292,0.0
5000,2019-07-11,0.5019,292,0.0
5000,2019-07-26,0.4468,292,0.0
5000,2019-07-31,0.4638,292,0.0
5000,2019-08-05,0.2746,272,0.0685
5000,2019-08-10,0.4199,292,0.0
5000,2019-08-15,0.4437,292,0.0
5000,2019-08-30,0.3853,292,0.0
5000,2019-09-09,0.3727,292,0.0
5000,2019-09-14,0.3767,292,0.0
5000,2019-09-19,0.2602,276,0.0548
5000,2019-09-24,0.2742,250,0.1438
5000,2019-09-29,0.4081,292,0.0
5000,2019-10-04,0.4125,292,0.0
5000,2019-10-14,0.3965,292,0.0
5000,2019-11-03,0.4041,292,0.0
5000,2019-11-13,0.4313,292,0.0
5000,2019-11-23,0.4276,292,0.0
5000,2019-12-08,0.4394,292,0.0
5000,2020-01-27,0.5096,292,0.0
5000,2020-03-07,0.4473,271,0.0719
5000,2020-03-12,0.5445,292,0.0
5000,2020-03-17,0.5644,292,0.0
5000,2020-03-27,0.4864,292,0.0
5000,2020-04-06,0.5052,292,0.0
5000,2020-04-21,0.4819,282,0.0342
5000,2020-04-26,0.4779,292,0.0
5000,2020-05-01,0.4271,292,0.0
5000,2020-05-06,0.2623,291,0.0034
5000,2020-05-11,0.4826,292,0.0
5000,2020-05-16,0.4706,292,0.0
5000,2020-05-21,0.4314,290,0.0068
5000,2020-05-26,0.4463,292,0.0
5000,2020-05-31,0.42,292,0.0
5000,2020-06-30,0.4087,247,0.1541
5000,2020-07-10,0.4326,292,0.0
5000,2020-07-20,0.4427,292,0.0
5000,2020-07-25,0.4163,292,0.0
5000,2020-08-04,0.4085,292,0.0
5000,2020-08-09,0.3892,292,0.0
5000,2020-08-19,0.3927,292,0.0
5000,2020-08-24,0.4157,292,0.0
5000,2020-08-29,0.3889,292,0.0
5000,2020-09-03,0.3887,292,0.0
5000,2020-09-08,0.3808,292,0.0
5000,2020-09-13,0.3687,292,0.0
5000,2020-10-08,0.3619,291,0.0034
5000,2020-10-13,0.3927,292,0.0
5000,2020-10-18,0.4079,292,0.0
5000,2020-10-23,0.4085,292,0.0
5000,2020-10-28,0.4156,292,0.0
5000,2020-11-02,0.3886,267,0.0856
5000,2020-11-07,0.4078,292,0.0
5000,2020-11-22,0.3179,244,0.1644
5000,2021-01-21,0.4863,292,0.0
5000,2021-01-31,0.4661,292,0.0
5000,2021-02-10,0.5126,292,0.0
5000,2021-02-15,0.4113,285,0.024
5000,2021-03-02,0.3798,266,0.089
5000,2021-03-12,0.5376,292,0.0
5000,2021-03-22,0.5218,292,0.0
5000,2021-03-27,0.5179,292,0.0
5000,2021-04-01,0.49,290,0.0068
5000,2021-04-11,0.5365,292,0.0
5000,2021-05-01,0.5182,292,0.0
5000,2021-05-06,0.5011,292,0.0
5000,2021-05-11,0.4818,292,0.0
5000,2021-05-21,0.4859,292,0.0
5000,2021-05-26,0.4865,292,0.0
5000,2021-06-05,0.4874,292,0.0
5000,2021-06-15,0.334,289,0.0103
5000,2021-06-25,0.3963,291,0.0034
5000,2021-07-10,0.4153,292,0.0
5000,2021-07-20,0.4047,292,0.0
5000,2021-07-25,0.3845,292,0.0
5000,2021-07-30,0.3811,292,0.0
5000,2021-08-09,0.3533,292,0.0
5000,2021-08-19,0.358,292,0.0
5000,2021-08-24,0.354,292,0.0
5000,2021-09-03,0.3573,292,0.0
5000,2021-09-23,0.3765,292,0.0
5000,2021-09-28,0.3693,292,0.0
5000,2021-10-08,0.3679,290,0.0068
5000,2021-10-23,0.4001,292,0.0
5000,2021-11-07,0.4278,292,0.0
5000,2021-11-17,0.4042,292,0.0
5000,2021-11-22,0.4393,292,0.0
5000,2021-12-12,0.3224,268,0.0822
5000,2021-12-22,0.4122,260,0.1096
5000,2022-01-16,0.4476,271,0.0719
5000,2022-01-21,0.5101,292,0.0
5000,2022-01-26,0.5013,291,0.0034
5000,2022-02-10,0.5215,292,0.0
5000,2022-02-20,0.5291,292,0.0
5000,2022-03-02,0.5612,276,0.0548
5000,2022-03-07,0.49,292,0.0
5000,2022-03-17,0.514,292,0.0
5000,2022-03-22,0.553,292,0.0
5000,2022-04-06,0.4982,292,0.0
5000,2022-04-11,0.5298,290,0.0068
5000,2022-04-26,0.5301,292,0.0
5000,2022-05-01,0.5136,292,0.0
5000,2022-05-11,0.5063,292,0.0
5000,2022-05-21,0.5012,292,0.0
5000,2022-05-26,0.4742,292,0.0
5000,2022-06-05,0.463,292,0.0
5000,2022-06-25,0.4514,292,0.0
5000,2022-06-30,0.4753,292,0.0
5000,2022-07-05,0.4549,292,0.0
5000,2022-07-10,0.4393,292,0.0
5000,2022-07-20,0.4008,292,0.0
5000,2022-07-25,0.3891,292,0.0
5000,2022-07-30,0.4039,292,0.0
5000,2022-08-14,0.3769,292,0.0
5000,2022-08-24,0.3572,292,0.0
5000,2022-09-03,0.1973,267,0.0856
5000,2022-09-18,0.3219,292,0.0
5000,2022-09-23,0.3266,277,0.0514
5000,2022-10-23,0.3231,292,0.0
5000,2022-11-17,0.4166,292,0.0
5000,2022-11-27,0.4046,292,0.0
5000,2022-12-02,0.3968,292,0.0
5000,2023-01-16,0.4862,292,0.0
5000,2023-01-26,0.5341,292,0.0
5000,2023-02-10,0.4711,267,0.0856
5000,2023-02-20,0.5568,292,0.0
5000,2023-03-17,0.5805,292,0.0
5000,2023-03-22,0.56,292,0.0
5000,2023-04-01,0.5459,292,0.0
5000,2023-04-11,0.5288,292,0.0
5000,2023-04-16,0.5302,243,0.1678
5000,2023-04-21,0.592,292,0.0
5000,2023-05-01,0.5837,292,0.0
5000,2023-05-16,0.5836,292,0.0
5000,2023-05-21,0.5255,292,0.0
5000,2023-05-26,0.5127,292,0.0
5000,2023-06-05,0.4984,292,0.0
5000,2023-06-10,0.475,292,0.0
5000,2023-06-20,0.4286,292,0.0
5000,2023-06-25,0.3609,292,0.0
5000,2023-07-05,0.3615,292,0.0
5000,2023-07-15,0.3923,292,0.0
5000,2023-07-25,0.3774,292,0.0
5000,2023-07-30,0.2754,290,0.0068
5000,2023-08-04,0.3493,292,0.0
5000,2023-08-09,0.245,292,0.0
5000,2023-08-24,0.361,292,0.0
5000,2023-09-03,0.4277,292,0.0
5000,2023-09-08,0.4277,292,0.0
5000,2023-09-13,0.4124,292,0.0
5000,2023-09-18,0.4118,292,0.0
5000,2023-09-23,0.4125,292,0.0
5000,2023-10-23,0.4513,292,0.0
5000,2023-11-07,0.4864,292,0.0
5000,2023-11-12,0.4547,292,0.0
5000,2023-11-17,0.455,290,0.0068
5000,2023-12-02,0.5295,292,0.0
5000,2023-12-07,0.5143,292,0.0
5000,2023-12-17,0.4982,285,0.024
5000,2023-12-27,0.5168,292,0.0
5000,2024-01-11,0.4908,249,0.1473
5000,2024-01-16,0.4512,292,0.0
5000,2024-02-05,0.5411,292,0.0
5000,2024-02-25,0.4402,292,0.0
5000,2024-03-11,0.5604,292,0.0
5000,2024-03-16,0.4747,292,0.0
5000,2024-03-31,0.5331,292,0.0
5000,2024-04-05,0.5257,292,0.0
5000,2024-04-10,0.545,292,0.0
5000,2024-04-20,0.5639,292,0.0
5000,2024-04-30,0.518,292,0.0
5000,2024-05-05,0.5138,292,0.0
5000,2024-05-10,0.4154,292,0.0
5000,2024-05-20,0.4747,292,0.0
5000,2024-06-09,0.3891,292,0.0
5000,2024-06-14,0.3803,292,0.0
5000,2024-06-19,0.4111,292,0.0
5000,2024-06-24,0.3965,292,0.0
5000,2024-06-29,0.3957,292,0.0
5000,2024-07-19,0.4236,292,0.0
5000,2024-07-24,0.4196,292,0.0
5000,2024-07-29,0.3336,292,0.0
5000,2024-08-03,0.3533,292,0.0
5000,2024-08-08,0.3457,292,0.0
5000,2024-08-18,0.3736,292,0.0
5000,2024-08-23,0.3723,292,0.0
5000,2024-08-28,0.3772,292,0.0
5000,2024-09-02,0.338,292,0.0
5000,2024-09-07,0.3548,292,0.0
5000,2024-09-12,0.3416,292,0.0
5000,2024-09-22,0.3583,292,0.0
5000,2024-10-02,0.3181,292,0.0
5000,2024-10-07,0.3768,292,0.0
5000,2024-10-17,0.3651,292,0.0
5000,2024-10-22,0.369,292,0.0
5000,2024-11-01,0.3928,292,0.0
5000,2024-11-11,0.4548,292,0.0
5000,2024-11-26,0.4592,292,0.0
5000,2024-12-06,0.4791,250,0.1438
5000,2025-01-15,0.49,292,0.0
5000,2025-01-20,0.5442,292,0.0
5000,2025-01-25,0.5409,292,0.0
5000,2025-02-19,0.5718,292,0.0
5000,2025-02-24,0.5687,292,0.0
5000,2025-03-01,0.577,292,0.0
5000,2025-03-06,0.572,292,0.0
5000,2025-03-21,0.5326,292,0.0
5000,2025-04-30,0.5095,269,0.0788
5000,2025-05-02,0.5417,292,0.0
5000,2025-05-05,0.5485,292,0.0
5000,2025-05-15,0.5684,292,0.0
5000,2025-05-20,0.5066,292,0.0
5000,2025-05-22,0.3564,275,0.0582
5000,2025-05-25,0.4901,292,0.0
5000,2025-05-30,0.4747,292,0.0
5000,2025-06-04,0.483,292,0.0
5000,2025-06-19,0.4908,292,0.0
5000,2025-06-29,0.4786,292,0.0
5000,2025-07-09,0.3704,280,0.0411
5000,2025-07-14,0.3763,292,0.0
5000,2025-07-19,0.3661,292,0.0
5000,2025-07-21,0.342,292,0.0
5000,2025-07-29,0.385,292,0.0
5000,2025-08-03,0.3496,284,0.0274
5000,2025-08-13,0.3618,292,0.0
5000,2025-08-18,0.3024,258,0.1164
5000,2025-08-30,0.373,292,0.0
5000,2025-09-27,0.3845,292,0.0
5000,2025-10-17,0.369,292,0.0
5000,2025-10-22,0.4245,292,0.0
5000,2025-11-01,0.4005,250,0.1438
5000,2025-11-11,0.4283,292,0.0
5000,2025-11-21,0.4592,292,0.0
5000,2025-11-26,0.4586,292,0.0
5000,2025-12-01,0.4194,292,0.0
5000,2025-12-06,0.4118,292,0.0
5000,2025-12-11,0.4635,292,0.0
5000,2025-12-26,0.4473,292,0.0
5000,2025-12-28,0.4823,292,0.0
5000,2026-01-10,0.5177,292,0.0
5000,2026-01-25,0.4197,245,0.161
5000,2026-03-16,0.5519,292,0.0
5000,2026-03-21,0.5725,292,0.0
5000,2026-03-28,0.5222,292,0.0
5000,2026-04-17,0.5172,292,0.0
5000,2026-04-20,0.5261,292,0.0
5000,2026-04-30,0.5208,292,0.0
5000,2026-05-05,0.5095,292,0.0
5000,2026-05-07,0.4831,292,0.0
5000,2026-06-04,0.4242,257,0.1199
5000,2026-06-19,0.4983,292,0.0
5000,2026-06-29,0.4827,292,0.0
5000,2026-07-06,0.4668,292,0.0
5000,2026-07-09,0.4749,292,0.0
5000,2026-07-19,0.4628,292,0.0
5000,2026-07-26,0.4431,292,0.0
5000,2026-07-29,0.3963,292,0.0
5000,2026-08-18,0.4243,292,0.0
5000,2026-08-23,0.4272,292,0.0
5000,2026-09-04,0.4328,292,0.0
5500,2019-01-12,0.5415,322,0.0
5500,2019-01-27,0.4316,322,0.0
5500,2019-03-13,0.432,258,0.1988
5500,2019-03-23,0.6082,322,0.0
5500,2019-04-02,0.5844,322,0.0
5500,2019-04-12,0.475,322,0.0
5500,2019-04-22,0.5249,322,0.0
5500,2019-04-27,0.5766,322,0.0
5500,2019-05-12,0.4864,290,0.0994
5500,2019-05-22,0.5958,322,0.0
5500,2019-05-27,0.5917,322,0.0
5500,2019-06-06,0.5764,322,0.0
5500,2019-06-11,0.58,322,0.0
5500,2019-06-16,0.4481,322,0.0
5500,2019-06-26,0.4866,322,0.0
5500,2019-07-06,0.5649,322,0.0
5500,2019-07-11,0.5328,322,0.0
5500,2019-07-26,0.494,322,0.0
5500,2019-07-31,0.5106,322,0.0
5500,2019-08-05,0.2803,322,0.0
5500,2019-08-10,0.4394,322,0.0
5500,2019-08-15,0.4788,322,0.0
5500,2019-08-30,0.4041,322,0.0
5500,2019-09-09,0.4238,322,0.0
5500,2019-09-14,0.4155,322,0.0
5500,2019-09-29,0.4559,322,0.0
5500,2019-10-04,0.3929,322,0.0
5500,2019-10-14,0.3924,322,0.0
5500,2019-11-03,0.4117,322,0.0
5500,2019-11-13,0.4314,322,0.0
5500,2019-11-23,0.3734,322,0.0
5500,2019-12-08,0.4631,322,0.0
5500,2020-01-27,0.5255,322,0.0
5500,2020-03-07,0.4269,306,0.0497
5500,2020-03-12,0.5018,322,0.0
5500,2020-03-17,0.568,322,0.0
5500,2020-03-27,0.5373,308,0.0435
5500,2020-04-06,0.5725,322,0.0
5500,2020-04-21,0.5529,322,0.0
5500,2020-04-26,0.487,322,0.0
5500,2020-05-01,0.4469,322,0.0
5500,2020-05-06,0.2626,322,0.0
5500,2020-05-11,0.4825,322,0.0
5500,2020-05-16,0.4523,322,0.0
5500,2020-05-21,0.4506,322,0.0
5500,2020-05-26,0.4673,322,0.0
5500,2020-05-31,0.4401,322,0.0
5500,2020-07-10,0.4463,322,0.0
5500,2020-07-20,0.4622,322,0.0
5500,2020-07-25,0.4431,322,0.0
5500,2020-08-04,0.4429,322,0.0
5500,2020-08-09,0.4037,322,0.0
5500,2020-08-19,0.4199,322,0.0
5500,2020-08-24,0.4431,322,0.0
5500,2020-08-29,0.4049,322,0.0
5500,2020-09-03,0.4162,322,0.0
5500,2020-09-08,0.4119,322,0.0
5500,2020-09-13,0.4084,322,0.0
5500,2020-10-08,0.3805,322,0.0
5500,2020-10-13,0.4236,322,0.0
5500,2020-10-18,0.3962,322,0.0
5500,2020-10-23,0.4673,322,0.0
5500,2020-10-28,0.4901,322,0.0
5500,2020-11-07,0.4356,322,0.0
5500,2021-01-21,0.5322,322,0.0
5500,2021-01-31,0.4822,304,0.0559
5500,2021-02-10,0.5597,322,0.0
5500,2021-02-15,0.4515,322,0.0
5500,2021-03-12,0.5343,322,0.0
5500,2021-03-22,0.4859,322,0.0
5500,2021-03-27,0.5213,322,0.0
5500,2021-04-01,0.5329,258,0.1988
5500,2021-04-11,0.5845,322,0.0
5500,2021-05-01,0.4943,322,0.0
5500,2021-05-06,0.4863,322,0.0
5500,2021-05-11,0.4666,322,0.0
5500,2021-05-21,0.5131,322,0.0
5500,2021-05-26,0.525,322,0.0
5500,2021-06-05,0.502,322,0.0
5500,2021-06-15,0.2822,317,0.0155
5500,2021-06-20,0.4324,263,0.1832
5500,2021-06-25,0.4122,322,0.0
5500,2021-07-10,0.4586,322,0.0
5500,2021-07-20,0.4536,322,0.0
5500,2021-07-25,0.4195,322,0.0
5500,2021-07-30,0.4036,322,0.0
5500,2021-08-09,0.3775,322,0.0
5500,2021-08-19,0.3928,322,0.0
5500,2021-08-24,0.3881,322,0.0
5500,2021-09-03,0.4161,322,0.0
5500,2021-09-23,0.4243,322,0.0
5500,2021-09-28,0.4237,322,0.0
5500,2021-10-08,0.4165,322,0.0
5500,2021-10-13,0.3737,297,0.0776
5500,2021-10-23,0.4785,322,0.0
5500,2021-11-07,0.4473,322,0.0
5500,2021-11-17,0.4509,322,0.0
5500,2021-11-22,0.4947,322,0.0
5500,2021-12-12,0.3604,303,0.059
5500,2021-12-22,0.4939,322,0.0
5500,2022-01-21,0.5649,322,0.0
5500,2022-01-26,0.5681,322,0.0
5500,2022-02-10,0.6042,322,0.0
5500,2022-02-20,0.611,322,0.0
5500,2022-03-02,0.6304,322,0.0
5500,2022-03-07,0.5649,322,0.0
5500,2022-03-17,0.4863,322,0.0
5500,2022-03-22,0.5409,322,0.0
5500,2022-04-06,0.5177,322,0.0
5500,2022-04-11,0.5723,322,0.0
5500,2022-04-26,0.5764,322,0.0
5500,2022-05-01,0.5528,322,0.0
5500,2022-05-11,0.5645,322,0.0
5500,2022-05-21,0.5247,322,0.0
5500,2022-05-26,0.4988,322,0.0
5500,2022-06-05,0.486,322,0.0
5500,2022-06-25,0.4239,322,0.0
5500,2022-06-30,0.4275,322,0.0
5500,2022-07-05,0.4359,322,0.0
5500,2022-07-10,0.4276,322,0.0
5500,2022-07-20,0.412,322,0.0
5500,2022-07-25,0.4048,322,0.0
5500,2022-07-30,0.4359,322,0.0
5500,2022-08-14,0.4247,322,0.0
5500,2022-08-24,0.412,322,0.0
5500,2022-09-18,0.4473,322,0.0
5500,2022-09-23,0.4482,322,0.0
5500,2022-10-23,0.4981,322,0.0
5500,2022-11-17,0.52,322,0.0
5500,2022-11-27,0.5019,322,0.0
5500,2022-12-02,0.5024,322,0.0
5500,2023-01-16,0.5447,322,0.0
5500,2023-01-26,0.5565,322,0.0
5500,2023-02-20,0.6466,322,0.0
5500,2023-03-02,0.6157,293,0.0901
5500,2023-03-17,0.6346,322,0.0
5500,2023-03-22,0.5291,322,0.0
5500,2023-04-01,0.522,322,0.0
5500,2023-04-11,0.5492,322,0.0
5500,2023-04-16,0.5565,321,0.0031
5500,2023-04-21,0.6183,322,0.0
5500,2023-05-01,0.6258,322,0.0
5500,2023-05-16,0.4897,322,0.0
5500,2023-05-21,0.4471,322,0.0
5500,2023-05-26,0.4548,322,0.0
5500,2023-06-05,0.502,322,0.0
5500,2023-06-10,0.494,322,0.0
5500,2023-06-20,0.4702,322,0.0
5500,2023-06-25,0.4426,322,0.0
5500,2023-07-05,0.4632,322,0.0
5500,2023-07-15,0.4818,322,0.0
5500,2023-07-25,0.4664,322,0.0
5500,2023-07-30,0.2898,296,0.0807
5500,2023-08-04,0.4516,322,0.0
5500,2023-08-09,0.2288,322,0.0
5500,2023-08-24,0.3724,322,0.0
5500,2023-08-29,0.3847,302,0.0621
5500,2023-09-03,0.4588,322,0.0
5500,2023-09-08,0.4795,322,0.0
5500,2023-09-13,0.4858,322,0.0
5500,2023-09-18,0.4901,322,0.0
5500,2023-09-23,0.4708,322,0.0
5500,2023-10-23,0.5382,322,0.0
5500,2023-11-07,0.5257,322,0.0
5500,2023-11-12,0.5056,322,0.0
5500,2023-11-17,0.4834,322,0.0
5500,2023-11-22,0.4978,286,0.1118
5500,2023-12-02,0.5533,322,0.0
5500,2023-12-07,0.5259,319,0.0093
5500,2023-12-17,0.5413,322,0.0
5500,2023-12-27,0.5412,322,0.0
5500,2024-01-11,0.4934,322,0.0
5500,2024-01-16,0.533,298,0.0745
5500,2024-02-05,0.6007,322,0.0
5500,2024-02-25,0.5178,315,0.0217
5500,2024-03-11,0.634,322,0.0
5500,2024-03-16,0.5722,322,0.0
5500,2024-03-31,0.6467,322,0.0
5500,2024-04-05,0.6386,322,0.0
5500,2024-04-10,0.6425,322,0.0
5500,2024-04-20,0.5602,322,0.0
5500,2024-04-30,0.5417,322,0.0
5500,2024-05-05,0.5526,322,0.0
5500,2024-05-10,0.4702,322,0.0
5500,2024-05-20,0.4631,322,0.0
5500,2024-05-30,0.4518,320,0.0062
5500,2024-06-09,0.4982,322,0.0
5500,2024-06-14,0.4865,322,0.0
5500,2024-06-19,0.5027,322,0.0
5500,2024-06-24,0.475,322,0.0
5500,2024-06-29,0.4438,322,0.0
5500,2024-07-19,0.4822,322,0.0
5500,2024-07-24,0.4787,322,0.0
5500,2024-07-29,0.4435,322,0.0
5500,2024-08-03,0.4636,322,0.0
5500,2024-08-08,0.4163,322,0.0
5500,2024-08-18,0.4476,322,0.0
5500,2024-08-23,0.4355,322,0.0
5500,2024-08-28,0.4473,322,0.0
5500,2024-09-02,0.4001,322,0.0
5500,2024-09-07,0.412,322,0.0
5500,2024-09-12,0.3765,322,0.0
5500,2024-09-22,0.4074,322,0.0
5500,2024-10-02,0.3544,322,0.0
5500,2024-10-07,0.4041,322,0.0
5500,2024-10-17,0.4006,322,0.0
5500,2024-10-22,0.4277,322,0.0
5500,2024-11-01,0.4671,322,0.0
5500,2024-11-11,0.5448,322,0.0
5500,2024-11-26,0.5288,322,0.0
5500,2025-01-15,0.5098,322,0.0
5500,2025-01-20,0.5563,322,0.0
5500,2025-01-25,0.3998,316,0.0186
5500,2025-02-19,0.5759,322,0.0
5500,2025-02-24,0.5959,322,0.0
5500,2025-03-01,0.6152,322,0.0
5500,2025-03-06,0.5917,322,0.0
5500,2025-03-21,0.6235,322,0.0
5500,2025-04-12,0.5811,322,0.0
5500,2025-05-02,0.549,322,0.0
5500,2025-05-05,0.5253,322,0.0
5500,2025-05-15,0.5611,322,0.0
5500,2025-05-20,0.5528,322,0.0
5500,2025-05-22,0.3924,311,0.0342
5500,2025-05-25,0.5445,322,0.0
5500,2025-05-30,0.5289,322,0.0
5500,2025-06-04,0.5387,322,0.0
5500,2025-06-19,0.5372,322,0.0
5500,2025-06-29,0.5455,322,0.0
5500,2025-07-09,0.4701,322,0.0
5500,2025-07-14,0.4437,322,0.0
5500,2025-07-19,0.4164,322,0.0
5500,2025-07-21,0.381,322,0.0
5500,2025-07-24,0.291,313,0.028
5500,2025-07-29,0.3602,322,0.0
5500,2025-08-13,0.3267,322,0.0
5500,2025-08-30,0.3265,322,0.0
5500,2025-09-27,0.3142,322,0.0
5500,2025-10-17,0.311,322,0.0
5500,2025-10-22,0.3617,322,0.0
5500,2025-11-01,0.4002,311,0.0342
5500,2025-11-11,0.373,322,0.0
5500,2025-11-21,0.393,322,0.0
5500,2025-11-26,0.4153,322,0.0
5500,2025-12-01,0.3776,322,0.0
5500,2025-12-06,0.3615,322,0.0
5500,2025-12-11,0.4165,322,0.0
5500,2025-12-26,0.4043,322,0.0
5500,2025-12-28,0.4236,322,0.0
5500,2026-01-10,0.467,322,0.0
5500,2026-01-25,0.4135,283,0.1211
5500,2026-03-16,0.4161,322,0.0
5500,2026-03-21,0.4094,322,0.0
5500,2026-03-28,0.3969,322,0.0
5500,2026-04-17,0.431,322,0.0
5500,2026-04-20,0.4352,322,0.0
5500,2026-04-30,0.4461,322,0.0
5500,2026-05-05,0.408,322,0.0
5500,2026-05-07,0.3845,322,0.0
5500,2026-06-19,0.4161,322,0.0
5500,2026-06-29,0.4237,322,0.0
5500,2026-07-06,0.4229,322,0.0
5500,2026-07-09,0.4396,322,0.0
5500,2026-07-19,0.4509,322,0.0
5500,2026-07-26,0.4231,322,0.0
5500,2026-07-29,0.4011,322,0.0
5500,2026-08-18,0.4125,322,0.0
5500,2026-08-23,0.4119,322,0.0
5500,2026-09-04,0.4016,322,0.0
6000,2019-01-12,0.4509,178,0.0
6000,2019-01-27,0.4785,178,0.0
6000,2019-03-13,0.4159,144,0.191
6000,2019-03-23,0.5764,178,0.0
6000,2019-04-02,0.5251,178,0.0
6000,2019-04-12,0.4977,178,0.0
6000,2019-04-22,0.4705,178,0.0
6000,2019-04-27,0.4976,178,0.0
6000,2019-05-12,0.4284,156,0.1236
6000,2019-05-22,0.5647,178,0.0
6000,2019-05-27,0.5455,178,0.0
6000,2019-06-06,0.4597,146,0.1798
6000,2019-06-11,0.4898,178,0.0
6000,2019-06-16,0.483,178,0.0
6000,2019-06-26,0.4855,178,0.0
6000,2019-07-06,0.5254,178,0.0
6000,2019-07-11,0.486,178,0.0
6000,2019-07-26,0.4124,178,0.0
6000,2019-07-31,0.4517,178,0.0
6000,2019-08-10,0.4076,178,0.0
6000,2019-08-15,0.4164,178,0.0
6000,2019-08-30,0.3264,178,0.0
6000,2019-09-09,0.3375,178,0.0
6000,2019-09-14,0.3266,178,0.0
6000,2019-09-29,0.3884,178,0.0
6000,2019-10-04,0.3969,178,0.0
6000,2019-10-14,0.3806,178,0.0
6000,2019-11-03,0.3763,178,0.0
6000,2019-11-13,0.3922,178,0.0
6000,2019-11-23,0.3767,178,0.0
6000,2019-12-08,0.4238,178,0.0
6000,2020-01-27,0.4941,178,0.0
6000,2020-03-12,0.4042,178,0.0
6000,2020-03-17,0.4548,178,0.0
6000,2020-04-06,0.4318,178,0.0
6000,2020-04-21,0.4474,178,0.0
6000,2020-04-26,0.4075,178,0.0
6000,2020-05-01,0.3734,178,0.0
6000,2020-05-06,0.2064,178,0.0
6000,2020-05-11,0.4363,178,0.0
6000,2020-05-16,0.4124,178,0.0
6000,2020-05-21,0.3928,178,0.0
6000,2020-05-26,0.4036,178,0.0
6000,2020-05-31,0.3782,178,0.0
6000,2020-07-10,0.3962,178,0.0
6000,2020-07-20,0.4158,178,0.0
6000,2020-07-25,0.3894,178,0.0
6000,2020-08-04,0.3815,178,0.0
6000,2020-08-09,0.3524,178,0.0
6000,2020-08-19,0.3621,178,0.0
6000,2020-08-24,0.3926,178,0.0
6000,2020-08-29,0.3815,178,0.0
6000,2020-09-03,0.3839,178,0.0
6000,2020-09-08,0.3499,178,0.0
6000,2020-09-13,0.3459,178,0.0
6000,2020-10-08,0.3501,164,0.0787
6000,2020-10-13,0.3649,178,0.0
6000,2020-10-18,0.3721,178,0.0
6000,2020-10-23,0.3922,178,0.0
6000,2020-10-28,0.4124,178,0.0
6000,2020-11-07,0.4111,178,0.0
6000,2020-11-22,0.4154,178,0.0
6000,2021-01-21,0.4554,178,0.0
6000,2021-01-31,0.3694,165,0.073
6000,2021-02-10,0.4398,178,0.0
6000,2021-02-15,0.4549,178,0.0
6000,2021-02-20,0.4237,162,0.0899
6000,2021-03-12,0.4706,178,0.0
6000,2021-03-22,0.4863,178,0.0
6000,2021-03-27,0.4909,178,0.0
6000,2021-04-01,0.4617,159,0.1067
6000,2021-04-11,0.5141,178,0.0
6000,2021-05-01,0.4624,178,0.0
6000,2021-05-06,0.4475,178,0.0
6000,2021-05-11,0.4196,178,0.0
6000,2021-05-21,0.4354,178,0.0
6000,2021-05-26,0.4741,178,0.0
6000,2021-06-05,0.4706,178,0.0
6000,2021-06-25,0.3972,164,0.0787
6000,2021-07-10,0.3801,178,0.0
6000,2021-07-20,0.3808,178,0.0
6000,2021-07-25,0.3691,178,0.0
6000,2021-07-30,0.3577,178,0.0
6000,2021-08-09,0.3493,178,0.0
6000,2021-08-19,0.3303,178,0.0
6000,2021-08-24,0.3263,178,0.0
6000,2021-09-03,0.3255,178,0.0
6000,2021-09-23,0.3696,178,0.0
6000,2021-09-28,0.3534,178,0.0
6000,2021-10-23,0.4039,178,0.0
6000,2021-11-07,0.4202,178,0.0
6000,2021-11-17,0.3878,178,0.0
6000,2021-11-22,0.4316,178,0.0
6000,2021-11-27,0.4325,176,0.0112
6000,2022-01-21,0.475,178,0.0
6000,2022-01-26,0.3648,150,0.1573
6000,2022-02-10,0.4746,178,0.0
6000,2022-02-20,0.4939,178,0.0
6000,2022-03-02,0.529,178,0.0
6000,2022-03-07,0.4946,178,0.0
6000,2022-03-17,0.5414,178,0.0
6000,2022-03-22,0.5527,178,0.0
6000,2022-04-06,0.5218,178,0.0
6000,2022-04-11,0.5068,178,0.0
6000,2022-04-26,0.5024,178,0.0
6000,2022-05-01,0.5103,178,0.0
6000,2022-05-11,0.4907,178,0.0
6000,2022-05-21,0.4944,178,0.0
6000,2022-05-26,0.4899,178,0.0
6000,2022-06-05,0.4701,178,0.0
6000,2022-06-25,0.4433,178,0.0
6000,2022-06-30,0.4794,178,0.0
6000,2022-07-05,0.4631,178,0.0
6000,2022-07-10,0.4277,178,0.0
6000,2022-07-25,0.3493,178,0.0
6000,2022-07-30,0.3881,164,0.0787
6000,2022-08-14,0.3687,178,0.0
6000,2022-08-24,0.3457,178,0.0
6000,2022-09-18,0.3932,178,0.0
6000,2022-09-23,0.3925,178,0.0
6000,2022-10-23,0.4477,178,0.0
6000,2022-11-17,0.4038,178,0.0
6000,2022-11-27,0.3494,178,0.0
6000,2022-12-02,0.3612,178,0.0
6000,2023-01-16,0.4945,178,0.0
6000,2023-01-26,0.5448,178,0.0
6000,2023-02-20,0.5686,178,0.0
6000,2023-03-02,0.5565,178,0.0
6000,2023-03-17,0.571,178,0.0
6000,2023-03-22,0.587,178,0.0
6000,2023-04-01,0.5806,178,0.0
6000,2023-04-11,0.5796,178,0.0
6000,2023-04-16,0.5523,178,0.0
6000,2023-04-21,0.552,178,0.0
6000,2023-05-01,0.5324,178,0.0
6000,2023-05-16,0.5561,178,0.0
6000,2023-05-21,0.5264,178,0.0
6000,2023-05-26,0.5211,178,0.0
6000,2023-06-05,0.4789,178,0.0
6000,2023-06-10,0.4549,178,0.0
6000,2023-06-20,0.4553,178,0.0
6000,2023-06-25,0.4392,178,0.0
6000,2023-07-05,0.3956,178,0.0
6000,2023-07-15,0.4042,178,0.0
6000,2023-07-25,0.3885,178,0.0
6000,2023-08-04,0.38,178,0.0
6000,2023-08-09,0.3693,178,0.0
6000,2023-08-24,0.3457,178,0.0
6000,2023-08-29,0.3421,164,0.0787
6000,2023-09-03,0.3891,178,0.0
6000,2023-09-08,0.3926,178,0.0
6000,2023-09-13,0.4033,178,0.0
6000,2023-09-18,0.3969,178,0.0
6000,2023-09-23,0.4363,178,0.0
6000,2023-10-23,0.4786,178,0.0
6000,2023-11-07,0.4992,178,0.0
6000,2023-11-12,0.4468,178,0.0
6000,2023-11-22,0.4545,144,0.191
6000,2023-12-02,0.5253,178,0.0
6000,2023-12-17,0.4868,178,0.0
6000,2023-12-27,0.4866,178,0.0
6000,2024-01-11,0.4382,173,0.0281
6000,2024-02-05,0.5333,178,0.0
6000,2024-02-25,0.3878,152,0.1461
6000,2024-03-11,0.5175,178,0.0
6000,2024-03-16,0.4899,178,0.0
6000,2024-03-31,0.5802,178,0.0
6000,2024-04-05,0.5732,178,0.0
6000,2024-04-10,0.5686,178,0.0
6000,2024-04-20,0.5905,178,0.0
6000,2024-04-30,0.5133,178,0.0
6000,2024-05-05,0.5446,178,0.0
6000,2024-05-10,0.4594,178,0.0
6000,2024-05-20,0.4393,178,0.0
6000,2024-06-09,0.4476,178,0.0
6000,2024-06-14,0.4197,178,0.0
6000,2024-06-19,0.4435,178,0.0
6000,2024-06-24,0.4281,178,0.0
6000,2024-06-29,0.3725,178,0.0
6000,2024-07-19,0.3845,178,0.0
6000,2024-07-24,0.4003,178,0.0
6000,2024-07-29,0.338,178,0.0
6000,2024-08-03,0.3968,178,0.0
6000,2024-08-08,0.3603,178,0.0
6000,2024-08-18,0.3857,178,0.0
6000,2024-08-23,0.3882,178,0.0
6000,2024-08-28,0.3971,178,0.0
6000,2024-09-02,0.3418,178,0.0
6000,2024-09-07,0.3562,178,0.0
6000,2024-09-12,0.3453,178,0.0
6000,2024-09-22,0.3809,178,0.0
6000,2024-10-02,0.3333,178,0.0
6000,2024-10-07,0.3925,178,0.0
6000,2024-10-17,0.3769,178,0.0
6000,2024-10-22,0.3729,174,0.0225
6000,2024-11-01,0.4161,178,0.0
6000,2024-11-11,0.4755,178,0.0
6000,2024-11-26,0.4633,178,0.0
6000,2024-12-31,0.4946,165,0.073
6000,2025-01-15,0.494,178,0.0
6000,2025-01-20,0.5254,178,0.0
6000,2025-02-19,0.5531,178,0.0
6000,2025-02-24,0.5601,178,0.0
6000,2025-03-01,0.5568,178,0.0
6000,2025-03-06,0.5418,178,0.0
6000,2025-03-21,0.5581,178,0.0
6000,2025-04-12,0.5262,171,0.0393
6000,2025-05-02,0.5678,178,0.0
6000,2025-05-05,0.5567,178,0.0
6000,2025-05-15,0.5763,178,0.0
6000,2025-05-20,0.5329,178,0.0
6000,2025-05-22,0.4011,162,0.0899
6000,2025-05-25,0.5409,178,0.0
6000,2025-05-30,0.5212,178,0.0
6000,2025-06-04,0.5061,178,0.0
6000,2025-06-11,0.3624,157,0.118
6000,2025-06-19,0.5204,178,0.0
6000,2025-06-29,0.4898,178,0.0
6000,2025-07-14,0.4521,178,0.0
6000,2025-07-19,0.4271,178,0.0
6000,2025-07-21,0.3883,178,0.0
6000,2025-07-24,0.3026,168,0.0562
6000,2025-07-29,0.4202,178,0.0
6000,2025-08-13,0.3723,178,0.0
6000,2025-08-30,0.3733,178,0.0
6000,2025-09-27,0.3847,178,0.0
6000,2025-10-17,0.3646,178,0.0
6000,2025-10-22,0.4314,178,0.0
6000,2025-11-01,0.4273,178,0.0
6000,2025-11-11,0.451,178,0.0
6000,2025-11-21,0.4664,178,0.0
6000,2025-11-26,0.4824,178,0.0
6000,2025-12-01,0.444,178,0.0
6000,2025-12-06,0.4315,178,0.0
6000,2025-12-11,0.4786,178,0.0
6000,2025-12-26,0.4564,178,0.0
6000,2025-12-28,0.4818,178,0.0
6000,2026-01-10,0.5016,178,0.0
6000,2026-03-06,0.4202,178,0.0
6000,2026-03-16,0.5605,178,0.0
6000,2026-03-21,0.5881,178,0.0
6000,2026-03-28,0.5828,178,0.0
6000,2026-04-17,0.5803,178,0.0
6000,2026-04-20,0.5955,178,0.0
6000,2026-04-30,0.5555,178,0.0
6000,2026-05-05,0.5326,178,0.0
6000,2026-05-07,0.5247,178,0.0
6000,2026-06-19,0.5049,178,0.0
6000,2026-06-29,0.4987,178,0.0
6000,2026-07-06,0.4864,178,0.0
6000,2026-07-09,0.4864,178,0.0
6000,2026-07-19,0.5528,178,0.0
6000,2026-07-26,0.5218,178,0.0
6000,2026-07-29,0.4742,178,0.0
6000,2026-08-18,0.5016,178,0.0
6000,2026-08-23,0.506,178,0.0
6000,2026-09-04,0.5217,178,0.0
6500,2019-01-07,0.552,132,0.1081
6500,2019-01-12,0.4816,148,0.0
6500,2019-01-22,0.4836,148,0.0
6500,2019-01-27,0.5417,148,0.0
6500,2019-03-23,0.6597,148,0.0
6500,2019-04-02,0.6029,148,0.0
6500,2019-04-12,0.5645,148,0.0
6500,2019-04-22,0.5726,148,0.0
6500,2019-04-27,0.6111,148,0.0
6500,2019-05-12,0.5227,142,0.0405
6500,2019-05-22,0.6624,148,0.0
6500,2019-05-27,0.6748,148,0.0
6500,2019-06-06,0.6431,148,0.0
6500,2019-06-11,0.6045,148,0.0
6500,2019-06-16,0.6079,148,0.0
6500,2019-06-26,0.5771,148,0.0
6500,2019-07-06,0.5488,148,0.0
6500,2019-07-11,0.4948,148,0.0
6500,2019-07-26,0.4428,148,0.0
6500,2019-07-31,0.4665,148,0.0
6500,2019-08-10,0.4003,148,0.0
6500,2019-08-15,0.4263,148,0.0
6500,2019-08-30,0.3889,148,0.0
6500,2019-09-09,0.409,148,0.0
6500,2019-09-14,0.3847,148,0.0
6500,2019-09-29,0.4368,148,0.0
6500,2019-10-04,0.4304,148,0.0
6500,2019-10-14,0.4342,148,0.0
6500,2019-11-03,0.4202,148,0.0
6500,2019-11-13,0.3655,131,0.1149
6500,2019-11-23,0.4318,148,0.0
6500,2019-12-08,0.4657,148,0.0
6500,2020-01-27,0.5608,148,0.0
6500,2020-03-07,0.4984,124,0.1622
6500,2020-03-12,0.5771,148,0.0
6500,2020-03-17,0.5769,148,0.0
6500,2020-04-06,0.5147,148,0.0
6500,2020-04-21,0.4872,144,0.027
6500,2020-04-26,0.4974,148,0.0
6500,2020-05-01,0.4624,148,0.0
6500,2020-05-06,0.2609,148,0.0
6500,2020-05-11,0.5214,148,0.0
6500,2020-05-16,0.4781,148,0.0
6500,2020-05-21,0.5034,148,0.0
6500,2020-05-26,0.5243,148,0.0
6500,2020-05-31,0.4966,148,0.0
6500,2020-06-20,0.5105,148,0.0
6500,2020-07-10,0.5061,148,0.0
6500,2020-07-20,0.4864,148,0.0
6500,2020-07-25,0.4393,148,0.0
6500,2020-08-04,0.4168,148,0.0
6500,2020-08-09,0.3915,148,0.0
6500,2020-08-19,0.4272,148,0.0
6500,2020-08-24,0.4627,148,0.0
6500,2020-08-29,0.4281,148,0.0
6500,2020-09-03,0.4083,148,0.0
6500,2020-09-08,0.3879,148,0.0
6500,2020-09-13,0.3768,148,0.0
6500,2020-10-08,0.4008,148,0.0
6500,2020-10-13,0.4092,148,0.0
6500,2020-10-18,0.3998,148,0.0
6500,2020-10-23,0.4447,148,0.0
6500,2020-10-28,0.4708,148,0.0
6500,2020-11-07,0.4424,148,0.0
6500,2020-11-22,0.4775,148,0.0
6500,2021-01-21,0.5166,148,0.0
6500,2021-01-31,0.5022,148,0.0
6500,2021-02-10,0.5495,148,0.0
6500,2021-02-15,0.5763,148,0.0
6500,2021-02-20,0.564,148,0.0
6500,2021-03-12,0.5966,148,0.0
6500,2021-03-22,0.5999,148,0.0
6500,2021-03-27,0.5878,148,0.0
6500,2021-04-11,0.5992,148,0.0
6500,2021-04-26,0.5198,131,0.1149
6500,2021-05-01,0.5729,148,0.0
6500,2021-05-06,0.5379,148,0.0
6500,2021-05-11,0.5062,148,0.0
6500,2021-05-21,0.5492,148,0.0
6500,2021-05-26,0.5494,148,0.0
6500,2021-06-05,0.5364,148,0.0
6500,2021-06-15,0.5011,129,0.1284
6500,2021-06-25,0.4269,148,0.0
6500,2021-07-10,0.4548,148,0.0
6500,2021-07-20,0.4444,148,0.0
6500,2021-07-25,0.4232,148,0.0
6500,2021-07-30,0.4119,148,0.0
6500,2021-08-09,0.3785,148,0.0
6500,2021-08-19,0.3809,148,0.0
6500,2021-08-24,0.3684,148,0.0
6500,2021-09-03,0.3884,148,0.0
6500,2021-09-23,0.3845,148,0.0
6500,2021-09-28,0.3771,148,0.0
6500,2021-10-13,0.347,124,0.1622
6500,2021-10-23,0.4361,148,0.0
6500,2021-11-07,0.4323,148,0.0
6500,2021-11-17,0.4332,148,0.0
6500,2021-11-22,0.4815,148,0.0
6500,2021-11-27,0.4661,148,0.0
6500,2022-01-16,0.4555,148,0.0
6500,2022-01-21,0.5488,148,0.0
6500,2022-02-10,0.5708,148,0.0
6500,2022-02-20,0.5436,148,0.0
6500,2022-03-02,0.5882,148,0.0
6500,2022-03-07,0.5799,148,0.0
6500,2022-03-17,0.5965,148,0.0
6500,2022-03-22,0.6005,148,0.0
6500,2022-04-06,0.5803,148,0.0
6500,2022-04-11,0.6225,148,0.0
6500,2022-04-21,0.5923,140,0.0541
6500,2022-04-26,0.5967,148,0.0
6500,2022-05-01,0.5996,148,0.0
6500,2022-05-11,0.5523,148,0.0
6500,2022-05-16,0.4682,127,0.1419
6500,2022-05-21,0.577,148,0.0
6500,2022-05-26,0.5483,148,0.0
6500,2022-06-05,0.5332,148,0.0
6500,2022-06-25,0.5016,148,0.0
6500,2022-06-30,0.5143,148,0.0
6500,2022-07-05,0.5094,148,0.0
6500,2022-07-10,0.4866,148,0.0
6500,2022-07-25,0.428,148,0.0
6500,2022-08-14,0.3391,148,0.0
6500,2022-08-24,0.3394,148,0.0
6500,2022-09-18,0.4198,148,0.0
6500,2022-09-23,0.4397,148,0.0
6500,2022-10-23,0.4909,148,0.0
6500,2022-11-12,0.3926,148,0.0
6500,2022-11-17,0.4359,148,0.0
6500,2022-11-27,0.4274,148,0.0
6500,2022-12-02,0.467,148,0.0
6500,2022-12-17,0.5213,142,0.0405
6500,2023-01-16,0.546,148,0.0
6500,2023-01-26,0.5994,148,0.0
6500,2023-02-05,0.5753,131,0.1149
6500,2023-02-10,0.5412,148,0.0
6500,2023-02-20,0.6496,148,0.0
6500,2023-03-02,0.6041,148,0.0
6500,2023-03-17,0.6508,148,0.0
6500,2023-03-22,0.6306,148,0.0
6500,2023-04-01,0.6543,148,0.0
6500,2023-04-11,0.6388,148,0.0
6500,2023-04-16,0.5801,148,0.0
6500,2023-04-21,0.6539,148,0.0
6500,2023-05-01,0.6312,148,0.0
6500,2023-05-16,0.5909,148,0.0
6500,2023-05-21,0.5329,148,0.0
6500,2023-05-26,0.5341,148,0.0
6500,2023-06-05,0.5382,148,0.0
6500,2023-06-10,0.5256,148,0.0
6500,2023-06-20,0.53,148,0.0
6500,2023-06-25,0.4981,148,0.0
6500,2023-07-05,0.5017,148,0.0
6500,2023-07-15,0.4904,148,0.0
6500,2023-07-25,0.4667,148,0.0
6500,2023-08-04,0.4437,148,0.0
6500,2023-08-09,0.3922,148,0.0
6500,2023-08-24,0.3729,148,0.0
6500,2023-08-29,0.35,135,0.0878
6500,2023-09-03,0.4391,148,0.0
6500,2023-09-08,0.4592,148,0.0
6500,2023-09-13,0.4543,148,0.0
6500,2023-09-18,0.4629,148,0.0
6500,2023-09-23,0.4742,148,0.0
6500,2023-10-23,0.5374,148,0.0
6500,2023-11-07,0.5453,148,0.0
6500,2023-11-12,0.5131,148,0.0
6500,2023-12-02,0.5408,148,0.0
6500,2023-12-07,0.5374,148,0.0
6500,2023-12-17,0.5213,148,0.0
6500,2023-12-27,0.5564,148,0.0
6500,2024-01-11,0.5518,148,0.0
6500,2024-02-05,0.5878,148,0.0
6500,2024-03-11,0.6261,148,0.0
6500,2024-03-16,0.5603,148,0.0
6500,2024-03-31,0.6463,148,0.0
6500,2024-04-05,0.624,148,0.0
6500,2024-04-10,0.6273,148,0.0
6500,2024-04-20,0.6633,148,0.0
6500,2024-04-30,0.6113,148,0.0
6500,2024-05-05,0.5929,148,0.0
6500,2024-05-10,0.538,148,0.0
6500,2024-05-20,0.4936,132,0.1081
6500,2024-05-30,0.5218,148,0.0
6500,2024-06-04,0.3838,143,0.0338
6500,2024-06-09,0.5294,148,0.0
6500,2024-06-14,0.4984,148,0.0
6500,2024-06-19,0.5147,148,0.0
6500,2024-06-24,0.4671,148,0.0
6500,2024-06-29,0.4355,148,0.0
6500,2024-07-19,0.4463,148,0.0
6500,2024-07-24,0.4321,148,0.0
6500,2024-07-29,0.3918,148,0.0
6500,2024-08-03,0.4316,148,0.0
6500,2024-08-08,0.4118,148,0.0
6500,2024-08-18,0.4011,148,0.0
6500,2024-08-23,0.3151,148,0.0
6500,2024-08-28,0.3348,148,0.0
6500,2024-09-02,0.2954,148,0.0
6500,2024-09-07,0.3252,148,0.0
6500,2024-09-12,0.342,148,0.0
6500,2024-09-22,0.4009,148,0.0
6500,2024-10-02,0.3656,148,0.0
6500,2024-10-07,0.444,148,0.0
6500,2024-10-17,0.4235,148,0.0
6500,2024-10-22,0.4386,148,0.0
6500,2024-11-01,0.4509,148,0.0
6500,2024-11-11,0.5489,148,0.0
6500,2024-11-26,0.4898,148,0.0
6500,2024-12-11,0.5512,145,0.0203
6500,2024-12-31,0.5286,148,0.0
6500,2025-01-15,0.5533,148,0.0
6500,2025-01-25,0.5329,143,0.0338
6500,2025-02-14,0.585,148,0.0
6500,2025-02-19,0.6076,148,0.0
6500,2025-02-24,0.5914,148,0.0
6500,2025-03-01,0.6004,148,0.0
6500,2025-03-06,0.6089,148,0.0
6500,2025-03-21,0.5918,148,0.0
6500,2025-04-10,0.5566,126,0.1486
6500,2025-04-12,0.5505,131,0.1149
6500,2025-04-30,0.6713,148,0.0
6500,2025-05-02,0.6732,148,0.0
6500,2025-05-05,0.6345,148,0.0
6500,2025-05-15,0.6549,148,0.0
6500,2025-05-20,0.6031,148,0.0
6500,2025-05-25,0.6041,148,0.0
6500,2025-05-30,0.5735,148,0.0
6500,2025-06-04,0.5764,148,0.0
6500,2025-06-11,0.4537,126,0.1486
6500,2025-06-19,0.5649,148,0.0
6500,2025-06-29,0.5606,148,0.0
6500,2025-07-14,0.5295,148,0.0
6500,2025-07-19,0.5087,148,0.0
6500,2025-07-21,0.4744,148,0.0
6500,2025-07-29,0.486,148,0.0
6500,2025-08-13,0.4243,148,0.0
6500,2025-08-30,0.3886,148,0.0
6500,2025-09-27,0.4015,148,0.0
6500,2025-10-17,0.3963,148,0.0
6500,2025-10-22,0.4473,148,0.0
6500,2025-11-01,0.4399,148,0.0
6500,2025-11-11,0.4743,148,0.0
6500,2025-11-21,0.4821,148,0.0
6500,2025-11-26,0.4986,148,0.0
6500,2025-12-01,0.4509,148,0.0
6500,2025-12-06,0.4625,148,0.0
6500,2025-12-11,0.5092,148,0.0
6500,2025-12-26,0.4867,148,0.0
6500,2025-12-28,0.5453,148,0.0
6500,2026-01-10,0.552,148,0.0
6500,2026-03-06,0.5381,127,0.1419
6500,2026-03-16,0.6035,148,0.0
6500,2026-03-21,0.651,148,0.0
6500,2026-03-28,0.6271,148,0.0
6500,2026-04-05,0.634,120,0.1892
6500,2026-04-17,0.634,148,0.0
6500,2026-04-20,0.6388,148,0.0
6500,2026-04-30,0.6269,148,0.0
6500,2026-05-05,0.5678,148,0.0
6500,2026-05-07,0.5497,139,0.0608
6500,2026-06-19,0.5993,148,0.0
6500,2026-06-29,0.5763,148,0.0
6500,2026-07-06,0.5561,148,0.0
6500,2026-07-09,0.5572,148,0.0
6500,2026-07-19,0.5613,148,0.0
6500,2026-07-26,0.5596,148,0.0
6500,2026-07-29,0.5222,148,0.0
6500,2026-08-18,0.5302,148,0.0
6500,2026-08-23,0.5255,148,0.0
6500,2026-09-04,0.5374,148,0.0
7000,2019-01-07,0.7489,255,0.0
7000,2019-01-12,0.6673,255,0.0
7000,2019-01-22,0.6628,255,0.0
7000,2019-01-27,0.7438,255,0.0
7000,2019-03-13,0.6807,255,0.0
7000,2019-03-18,0.7052,214,0.1608
7000,2019-03-23,0.8142,255,0.0
7000,2019-04-02,0.7865,255,0.0
7000,2019-04-12,0.7518,255,0.0
7000,2019-04-22,0.7494,255,0.0
7000,2019-04-27,0.7767,255,0.0
7000,2019-05-12,0.6819,239,0.0627
7000,2019-05-22,0.7908,255,0.0
7000,2019-05-27,0.7914,255,0.0
7000,2019-06-06,0.7745,255,0.0
7000,2019-06-11,0.7586,255,0.0
7000,2019-06-16,0.7444,255,0.0
7000,2019-06-26,0.7283,255,0.0
7000,2019-07-06,0.7634,255,0.0
7000,2019-07-11,0.7319,255,0.0
7000,2019-07-26,0.7075,255,0.0
7000,2019-07-31,0.7194,255,0.0
7000,2019-08-10,0.659,255,0.0
7000,2019-08-15,0.673,255,0.0
7000,2019-08-30,0.6285,255,0.0
7000,2019-09-09,0.6391,255,0.0
7000,2019-09-14,0.6233,255,0.0
7000,2019-09-29,0.6198,255,0.0
7000,2019-10-04,0.6191,255,0.0
7000,2019-10-14,0.6088,255,0.0
7000,2019-11-03,0.6091,255,0.0
7000,2019-11-13,0.368,254,0.0039
7000,2019-11-23,0.5997,255,0.0
7000,2019-12-08,0.6447,255,0.0
7000,2019-12-28,0.6513,255,0.0
7000,2020-01-27,0.744,255,0.0
7000,2020-03-12,0.7531,255,0.0
7000,2020-03-17,0.7988,255,0.0
7000,2020-03-27,0.7169,231,0.0941
7000,2020-04-06,0.7815,255,0.0
7000,2020-04-26,0.7673,255,0.0
7000,2020-05-01,0.7175,255,0.0
7000,2020-05-06,0.4099,255,0.0
7000,2020-05-11,0.7587,255,0.0
7000,2020-05-16,0.7439,255,0.0
7000,2020-05-21,0.7432,255,0.0
7000,2020-05-26,0.7601,255,0.0
7000,2020-05-31,0.7325,255,0.0
7000,2020-06-20,0.7319,255,0.0
7000,2020-06-30,0.6978,255,0.0
7000,2020-07-10,0.7215,255,0.0
7000,2020-07-20,0.7017,255,0.0
7000,2020-07-25,0.6618,255,0.0
7000,2020-08-04,0.6652,255,0.0
7000,2020-08-09,0.6382,255,0.0
7000,2020-08-14,0.5983,255,0.0
7000,2020-08-19,0.6394,255,0.0
7000,2020-08-24,0.6655,255,0.0
7000,2020-08-29,0.6478,255,0.0
7000,2020-09-03,0.6194,255,0.0
7000,2020-09-08,0.6077,255,0.0
7000,2020-09-13,0.5763,255,0.0
7000,2020-10-08,0.3889,228,0.1059
7000,2020-10-13,0.3306,255,0.0
7000,2020-10-18,0.3065,255,0.0
7000,2020-10-23,0.3492,255,0.0
7000,2020-10-28,0.3618,255,0.0
7000,2020-11-07,0.363,255,0.0
7000,2020-11-22,0.4277,255,0.0
7000,2021-01-21,0.6578,255,0.0
7000,2021-01-31,0.467,255,0.0
7000,2021-02-10,0.7323,255,0.0
7000,2021-02-15,0.7561,255,0.0
7000,2021-02-20,0.7525,255,0.0
7000,2021-03-12,0.7332,255,0.0
7000,2021-03-22,0.7394,255,0.0
7000,2021-03-27,0.7357,255,0.0
7000,2021-04-01,0.7385,255,0.0
7000,2021-04-11,0.7406,255,0.0
7000,2021-04-26,0.6939,255,0.0
7000,2021-05-01,0.7328,255,0.0
7000,2021-05-06,0.7079,255,0.0
7000,2021-05-11,0.6783,255,0.0
7000,2021-05-21,0.7142,255,0.0
7000,2021-05-26,0.7134,255,0.0
7000,2021-06-05,0.7047,255,0.0
7000,2021-06-15,0.6709,255,0.0
7000,2021-06-20,0.6343,255,0.0
7000,2021-06-25,0.4742,255,0.0
7000,2021-07-10,0.6463,255,0.0
7000,2021-07-20,0.6303,255,0.0
7000,2021-07-25,0.6263,255,0.0
7000,2021-07-30,0.6081,255,0.0
7000,2021-08-09,0.5911,255,0.0
7000,2021-08-19,0.5725,255,0.0
7000,2021-08-24,0.5836,255,0.0
7000,2021-09-03,0.5794,255,0.0
7000,2021-09-23,0.4751,255,0.0
7000,2021-09-28,0.4635,255,0.0
7000,2021-10-13,0.2517,233,0.0863
7000,2021-10-23,0.5371,255,0.0
7000,2021-11-07,0.4966,255,0.0
7000,2021-11-17,0.4983,255,0.0
7000,2021-11-22,0.5877,255,0.0
7000,2021-11-27,0.592,255,0.0
7000,2021-12-12,0.5927,255,0.0
7000,2021-12-22,0.3305,244,0.0431
7000,2022-01-16,0.4703,255,0.0
7000,2022-01-21,0.6894,255,0.0
7000,2022-01-26,0.6609,255,0.0
7000,2022-02-10,0.6973,255,0.0
7000,2022-02-20,0.6727,255,0.0
7000,2022-03-02,0.7125,255,0.0
7000,2022-03-07,0.7017,255,0.0
7000,2022-03-17,0.7476,255,0.0
7000,2022-03-22,0.7608,255,0.0
7000,2022-04-06,0.694,255,0.0
7000,2022-04-11,0.7052,255,0.0
7000,2022-04-26,0.7053,255,0.0
7000,2022-05-01,0.7094,255,0.0
7000,2022-05-11,0.6899,255,0.0
7000,2022-05-21,0.7197,255,0.0
7000,2022-05-26,0.7176,255,0.0
7000,2022-06-05,0.7077,255,0.0
7000,2022-06-15,0.4203,255,0.0
7000,2022-06-25,0.6177,255,0.0
7000,2022-06-30,0.6619,255,0.0
7000,2022-07-05,0.6521,255,0.0
7000,2022-07-10,0.6227,255,0.0
7000,2022-07-25,0.6208,255,0.0
7000,2022-08-14,0.6025,255,0.0
7000,2022-08-24,0.5755,255,0.0
7000,2022-09-03,0.4458,255,0.0
7000,2022-09-18,0.5997,255,0.0
7000,2022-09-23,0.5836,255,0.0
7000,2022-10-23,0.5838,255,0.0
7000,2022-11-12,0.5759,255,0.0
7000,2022-11-17,0.6393,255,0.0
7000,2022-11-27,0.6137,255,0.0
7000,2022-12-02,0.623,255,0.0
7000,2022-12-17,0.6467,255,0.0
7000,2023-01-16,0.6657,255,0.0
7000,2023-01-26,0.7294,255,0.0
7000,2023-02-05,0.7175,255,0.0
7000,2023-02-10,0.6232,255,0.0
7000,2023-02-20,0.7821,255,0.0
7000,2023-03-02,0.7642,255,0.0
7000,2023-03-17,0.775,255,0.0
7000,2023-03-22,0.7866,255,0.0
7000,2023-04-01,0.7979,255,0.0
7000,2023-04-06,0.5135,237,0.0706
7000,2023-04-11,0.7597,255,0.0
7000,2023-04-16,0.6351,255,0.0
7000,2023-04-21,0.7725,255,0.0
7000,2023-05-01,0.7717,255,0.0
7000,2023-05-16,0.775,255,0.0
7000,2023-05-21,0.7557,255,0.0
7000,2023-05-26,0.7484,255,0.0
7000,2023-06-05,0.7289,255,0.0
7000,2023-06-10,0.7206,255,0.0
7000,2023-06-20,0.6986,255,0.0
7000,2023-06-25,0.6927,255,0.0
7000,2023-07-05,0.6771,255,0.0
7000,2023-07-15,0.6695,255,0.0
7000,2023-07-25,0.6543,255,0.0
7000,2023-08-04,0.619,255,0.0
7000,2023-08-09,0.5641,255,0.0
7000,2023-08-24,0.5603,255,0.0
7000,2023-09-03,0.5678,255,0.0
7000,2023-09-08,0.6143,255,0.0
7000,2023-09-13,0.5599,255,0.0
7000,2023-09-18,0.5636,255,0.0
7000,2023-09-23,0.561,255,0.0
7000,2023-10-23,0.6466,255,0.0
7000,2023-11-07,0.6783,255,0.0
7000,2023-11-12,0.6336,255,0.0
7000,2023-12-02,0.6692,255,0.0
7000,2023-12-07,0.658,255,0.0
7000,2023-12-17,0.6674,255,0.0
7000,2023-12-27,0.6961,255,0.0
7000,2024-01-11,0.7152,255,0.0
7000,2024-02-05,0.7469,255,0.0
7000,2024-03-11,0.7989,255,0.0
7000,2024-03-16,0.7376,255,0.0
7000,2024-03-31,0.7878,255,0.0
7000,2024-04-05,0.7366,255,0.0
7000,2024-04-10,0.7253,255,0.0
7000,2024-04-20,0.7712,255,0.0
7000,2024-04-30,0.7521,255,0.0
7000,2024-05-05,0.7543,255,0.0
7000,2024-05-10,0.732,255,0.0
7000,2024-05-20,0.565,255,0.0
7000,2024-05-30,0.7206,255,0.0
7000,2024-06-04,0.6188,255,0.0
7000,2024-06-09,0.7251,255,0.0
7000,2024-06-14,0.6862,255,0.0
7000,2024-06-19,0.7019,255,0.0
7000,2024-06-24,0.6819,255,0.0
7000,2024-06-29,0.6453,255,0.0
7000,2024-07-19,0.6629,255,0.0
7000,2024-07-24,0.6452,255,0.0
7000,2024-07-29,0.5992,255,0.0
7000,2024-08-03,0.6431,255,0.0
7000,2024-08-08,0.5961,255,0.0
7000,2024-08-18,0.6004,255,0.0
7000,2024-08-23,0.5754,255,0.0
7000,2024-08-28,0.5847,255,0.0
7000,2024-09-02,0.2974,255,0.0
7000,2024-09-07,0.2844,255,0.0
7000,2024-09-12,0.2752,255,0.0
7000,2024-09-22,0.3219,255,0.0
7000,2024-10-02,0.2949,255,0.0
7000,2024-10-07,0.3535,255,0.0
7000,2024-10-17,0.3814,255,0.0
7000,2024-10-22,0.4038,255,0.0
7000,2024-11-01,0.4155,255,0.0
7000,2024-11-11,0.4822,255,0.0
7000,2024-11-26,0.5635,255,0.0
7000,2024-12-11,0.6666,255,0.0
7000,2024-12-31,0.7518,255,0.0
7000,2025-01-15,0.7483,255,0.0
7000,2025-01-25,0.6898,255,0.0
7000,2025-02-14,0.7012,255,0.0
7000,2025-02-19,0.753,255,0.0
7000,2025-02-24,0.7379,255,0.0
7000,2025-03-01,0.7716,255,0.0
7000,2025-03-06,0.7538,255,0.0
7000,2025-03-21,0.7593,255,0.0
7000,2025-04-12,0.6233,255,0.0
7000,2025-04-30,0.7688,255,0.0
7000,2025-05-02,0.7744,255,0.0
7000,2025-05-05,0.7599,255,0.0
7000,2025-05-15,0.7692,255,0.0
7000,2025-05-20,0.7471,255,0.0
7000,2025-05-25,0.7513,255,0.0
7000,2025-05-30,0.7293,255,0.0
7000,2025-06-04,0.736,255,0.0
7000,2025-06-11,0.5386,255,0.0
7000,2025-06-19,0.666,255,0.0
7000,2025-06-29,0.67,255,0.0
7000,2025-07-14,0.6236,255,0.0
7000,2025-07-19,0.6239,255,0.0
7000,2025-07-21,0.6274,255,0.0
7000,2025-07-29,0.6574,255,0.0
7000,2025-08-13,0.6113,255,0.0
7000,2025-08-30,0.4855,255,0.0
7000,2025-09-27,0.4656,255,0.0
7000,2025-10-17,0.4594,255,0.0
7000,2025-10-22,0.529,255,0.0
7000,2025-11-01,0.4964,255,0.0
7000,2025-11-11,0.5387,255,0.0
7000,2025-11-21,0.5683,255,0.0
7000,2025-11-26,0.5728,255,0.0
7000,2025-12-01,0.5572,255,0.0
7000,2025-12-06,0.5636,255,0.0
7000,2025-12-11,0.5984,255,0.0
7000,2025-12-26,0.5792,255,0.0
7000,2025-12-28,0.6373,255,0.0
7000,2026-01-10,0.6226,255,0.0
7000,2026-03-06,0.7334,222,0.1294
7000,2026-03-16,0.7275,255,0.0
7000,2026-03-21,0.705,255,0.0
7000,2026-03-28,0.7511,255,0.0
7000,2026-04-17,0.717,255,0.0
7000,2026-04-20,0.7203,255,0.0
7000,2026-04-30,0.7258,255,0.0
7000,2026-05-05,0.7063,255,0.0
7000,2026-05-07,0.6759,224,0.1216
7000,2026-05-27,0.4631,255,0.0
7000,2026-06-19,0.7134,255,0.0
7000,2026-06-29,0.6925,255,0.0
7000,2026-07-06,0.678,255,0.0
7000,2026-07-09,0.6657,255,0.0
7000,2026-07-19,0.6477,255,0.0
7000,2026-07-26,0.6309,255,0.0
7000,2026-07-29,0.5959,255,0.0
7000,2026-08-18,0.606,255,0.0
7000,2026-08-23,0.6157,255,0.0
7000,2026-09-04,0.618,255,0.0
8500,2019-01-07,0.6428,31,0.0
8500,2019-01-12,0.6268,31,0.0
8500,2019-01-27,0.3531,31,0.0
8500,2019-02-01,0.47,31,0.0
8500,2019-02-11,0.5333,31,0.0
8500,2019-02-21,0.2567,31,0.0
8500,2019-03-18,0.3743,31,0.0
8500,2019-03-23,0.375,31,0.0
8500,2019-04-02,0.4427,31,0.0
8500,2019-04-07,0.3856,31,0.0
8500,2019-04-12,0.5161,31,0.0
8500,2019-04-22,0.4476,31,0.0
8500,2019-04-27,0.4867,31,0.0
8500,2019-05-12,0.452,31,0.0
8500,2019-05-22,0.685,31,0.0
8500,2019-05-27,0.6662,31,0.0
8500,2019-06-06,0.5501,31,0.0
8500,2019-06-11,0.6541,31,0.0
8500,2019-06-16,0.4287,31,0.0
8500,2019-06-26,0.4727,31,0.0
8500,2019-07-06,0.5965,31,0.0
8500,2019-07-11,0.5882,31,0.0
8500,2019-07-26,0.5388,31,0.0
8500,2019-07-31,0.6028,31,0.0
8500,2019-08-10,0.5044,31,0.0
8500,2019-08-15,0.5413,31,0.0
8500,2019-08-30,0.4876,31,0.0
8500,2019-09-09,0.5319,31,0.0
8500,2019-09-14,0.4825,31,0.0
8500,2019-09-29,0.541,31,0.0
8500,2019-10-04,0.4892,31,0.0
8500,2019-10-14,0.4909,31,0.0
8500,2019-10-24,0.3307,31,0.0
8500,2019-11-03,0.3888,31,0.0
8500,2019-11-13,0.4425,31,0.0
8500,2019-11-23,0.3584,31,0.0
8500,2019-12-08,0.4775,31,0.0
8500,2019-12-28,0.4975,31,0.0
8500,2020-01-07,0.5186,31,0.0
8500,2020-01-27,0.4318,31,0.0
8500,2020-03-07,0.5028,31,0.0
8500,2020-03-12,0.5375,31,0.0
8500,2020-03-17,0.6969,31,0.0
8500,2020-03-22,0.3268,28,0.0968
8500,2020-03-27,0.3193,31,0.0
8500,2020-04-06,0.467,31,0.0
8500,2020-04-11,0.1552,29,0.0645
8500,2020-04-21,0.5409,31,0.0
8500,2020-04-26,0.5361,31,0.0
8500,2020-05-01,0.4107,31,0.0
8500,2020-05-11,0.4537,31,0.0
8500,2020-05-16,0.451,31,0.0
8500,2020-05-21,0.4595,31,0.0
8500,2020-05-26,0.4778,31,0.0
8500,2020-05-31,0.3966,31,0.0
8500,2020-06-20,0.4985,31,0.0
8500,2020-06-30,0.5051,31,0.0
8500,2020-07-05,0.4164,31,0.0
8500,2020-07-10,0.4217,31,0.0
8500,2020-07-20,0.4857,31,0.0
8500,2020-07-25,0.4733,31,0.0
8500,2020-08-04,0.4862,31,0.0
8500,2020-08-09,0.4509,31,0.0
8500,2020-08-14,0.3831,31,0.0
8500,2020-08-19,0.4483,31,0.0
8500,2020-08-24,0.5136,31,0.0
8500,2020-08-29,0.4972,31,0.0
8500,2020-09-03,0.478,31,0.0
8500,2020-09-08,0.4232,31,0.0
8500,2020-09-13,0.4386,31,0.0
8500,2020-10-08,0.3125,31,0.0
8500,2020-10-13,0.3602,31,0.0
8500,2020-10-18,0.3227,25,0.1935
8500,2020-10-23,0.4506,31,0.0
8500,2020-10-28,0.5011,31,0.0
8500,2020-11-07,0.3683,31,0.0
8500,2020-11-22,0.4656,31,0.0
8500,2020-11-27,0.4945,31,0.0
8500,2021-01-16,0.4159,31,0.0
8500,2021-01-21,0.47,31,0.0
8500,2021-02-10,0.6006,31,0.0
8500,2021-02-15,0.594,31,0.0
8500,2021-02-20,0.6287,31,0.0
8500,2021-03-02,0.5491,31,0.0
8500,2021-03-07,0.4398,31,0.0
8500,2021-03-12,0.346,31,0.0
8500,2021-03-22,0.4759,31,0.0
8500,2021-03-27,0.5463,31,0.0
8500,2021-04-11,0.6388,31,0.0
8500,2021-04-26,0.4241,30,0.0323
8500,2021-05-01,0.5123,31,0.0
8500,2021-05-06,0.5002,31,0.0
8500,2021-05-11,0.4837,31,0.0
8500,2021-05-21,0.5214,31,0.0
8500,2021-05-26,0.5767,31,0.0
8500,2021-06-05,0.5991,31,0.0
8500,2021-06-15,0.5375,31,0.0
8500,2021-06-25,0.4701,31,0.0
8500,2021-07-10,0.3469,31,0.0
8500,2021-07-20,0.3925,31,0.0
8500,2021-07-25,0.3835,31,0.0
8500,2021-07-30,0.4036,31,0.0
8500,2021-08-09,0.393,31,0.0
8500,2021-08-19,0.4218,31,0.0
8500,2021-08-24,0.3704,31,0.0
8500,2021-09-03,0.4391,31,0.0
8500,2021-09-23,0.3814,31,0.0
8500,2021-09-28,0.4131,31,0.0
8500,2021-10-23,0.502,31,0.0
8500,2021-11-07,0.4756,31,0.0
8500,2021-11-17,0.4766,31,0.0
8500,2021-11-22,0.5336,31,0.0
8500,2021-11-27,0.5525,31,0.0
8500,2021-12-07,-0.0226,31,0.0
8500,2021-12-12,0.3997,31,0.0
8500,2021-12-27,0.4446,31,0.0
8500,2022-01-01,0.4934,31,0.0
8500,2022-01-16,0.5449,31,0.0
8500,2022-01-21,0.5611,31,0.0
8500,2022-01-26,0.4286,31,0.0
8500,2022-02-10,0.6016,30,0.0323
8500,2022-02-20,0.5035,31,0.0
8500,2022-03-02,0.565,31,0.0
8500,2022-03-07,0.5958,31,0.0
8500,2022-03-17,0.6351,31,0.0
8500,2022-03-22,0.656,31,0.0
8500,2022-04-06,0.3503,31,0.0
8500,2022-04-11,0.4435,31,0.0
8500,2022-04-26,0.5997,31,0.0
8500,2022-05-01,0.6045,31,0.0
8500,2022-05-11,0.6066,31,0.0
8500,2022-05-21,0.5831,31,0.0
8500,2022-05-26,0.6059,31,0.0
8500,2022-06-05,0.61,31,0.0
8500,2022-06-25,0.4368,31,0.0
8500,2022-06-30,0.4756,31,0.0
8500,2022-07-05,0.4911,31,0.0
8500,2022-07-10,0.4766,31,0.0
8500,2022-07-20,0.4707,31,0.0
8500,2022-07-25,0.4864,31,0.0
8500,2022-08-14,0.4249,31,0.0
8500,2022-08-24,0.3614,31,0.0
8500,2022-09-18,0.4743,31,0.0
8500,2022-09-23,0.4875,31,0.0
8500,2022-10-23,0.521,31,0.0
8500,2022-11-12,0.5737,31,0.0
8500,2022-11-17,0.5965,31,0.0
8500,2022-11-27,0.5906,31,0.0
8500,2022-12-02,0.5935,31,0.0
8500,2023-01-16,0.5834,31,0.0
8500,2023-01-26,0.4398,31,0.0
8500,2023-02-05,0.4632,31,0.0
8500,2023-03-02,0.6703,31,0.0
8500,2023-03-17,0.5788,31,0.0
8500,2023-03-22,0.4371,31,0.0
8500,2023-04-01,0.5711,31,0.0
8500,2023-04-11,0.6292,31,0.0
8500,2023-04-16,0.6227,31,0.0
8500,2023-04-21,0.6364,31,0.0
8500,2023-05-01,0.6605,31,0.0
8500,2023-05-16,0.6728,31,0.0
8500,2023-05-21,0.6236,31,0.0
8500,2023-05-26,0.6595,31,0.0
8500,2023-06-05,0.6344,31,0.0
8500,2023-06-10,0.6388,31,0.0
8500,2023-06-20,0.6078,31,0.0
8500,2023-06-25,0.591,31,0.0
8500,2023-06-30,0.4405,31,0.0
8500,2023-07-05,0.5789,31,0.0
8500,2023-07-15,0.5874,31,0.0
8500,2023-07-25,0.546,31,0.0
8500,2023-08-04,0.5139,31,0.0
8500,2023-08-09,0.4986,31,0.0
8500,2023-08-24,0.4404,31,0.0
8500,2023-09-03,0.5418,31,0.0
8500,2023-09-08,0.5022,31,0.0
8500,2023-09-13,0.4168,31,0.0
8500,2023-09-18,0.3334,31,0.0
8500,2023-09-23,0.3821,31,0.0
8500,2023-10-03,0.2427,31,0.0
8500,2023-10-23,0.6192,31,0.0
8500,2023-11-07,0.6535,31,0.0
8500,2023-11-12,0.506,31,0.0
8500,2023-12-02,0.6497,31,0.0
8500,2023-12-07,0.6456,31,0.0
8500,2023-12-17,0.4905,31,0.0
8500,2023-12-22,0.3781,30,0.0323
8500,2023-12-27,0.3571,31,0.0
8500,2024-01-06,0.4506,31,0.0
8500,2024-01-11,0.347,29,0.0645
8500,2024-02-05,0.6083,31,0.0
8500,2024-02-10,0.5571,31,0.0
8500,2024-03-06,0.4571,30,0.0323
8500,2024-03-11,0.6314,31,0.0
8500,2024-03-16,0.5947,31,0.0
8500,2024-03-31,0.3626,31,0.0
8500,2024-04-05,0.4315,31,0.0
8500,2024-04-10,0.4959,31,0.0
8500,2024-04-20,0.6101,31,0.0
8500,2024-04-30,0.6226,31,0.0
8500,2024-05-05,0.6419,31,0.0
8500,2024-05-10,0.5888,31,0.0
8500,2024-05-20,0.4994,25,0.1935
8500,2024-05-30,0.4047,31,0.0
8500,2024-06-09,0.4751,31,0.0
8500,2024-06-14,0.4858,31,0.0
8500,2024-06-19,0.3534,31,0.0
8500,2024-06-24,0.3552,31,0.0
8500,2024-06-29,0.3826,31,0.0
8500,2024-07-19,0.5069,31,0.0
8500,2024-07-24,0.4922,31,0.0
8500,2024-07-29,0.4521,31,0.0
8500,2024-08-03,0.5213,31,0.0
8500,2024-08-08,0.4493,31,0.0
8500,2024-08-18,0.5047,31,0.0
8500,2024-08-23,0.473,31,0.0
8500,2024-08-28,0.3803,31,0.0
8500,2024-09-02,0.3054,31,0.0
8500,2024-09-07,0.3002,31,0.0
8500,2024-09-12,0.3472,31,0.0
8500,2024-09-22,0.4106,31,0.0
8500,2024-10-02,0.3715,31,0.0
8500,2024-10-07,0.4124,31,0.0
8500,2024-10-12,0.4364,31,0.0
8500,2024-10-17,0.4405,31,0.0
8500,2024-10-22,0.4825,31,0.0
8500,2024-11-01,0.4894,31,0.0
8500,2024-11-11,0.541,31,0.0
8500,2024-11-26,0.5578,31,0.0
8500,2024-12-31,0.4755,31,0.0
8500,2025-01-15,0.5198,31,0.0
8500,2025-01-25,0.5797,31,0.0
8500,2025-02-09,0.5224,31,0.0
8500,2025-02-19,0.5306,31,0.0
8500,2025-02-24,0.5766,31,0.0
8500,2025-03-01,0.6078,31,0.0
8500,2025-03-06,0.6325,31,0.0
8500,2025-03-21,0.7022,31,0.0
8500,2025-04-10,0.3284,27,0.129
8500,2025-04-15,0.365,31,0.0
8500,2025-04-30,0.5456,31,0.0
8500,2025-05-02,0.5754,31,0.0
8500,2025-05-05,0.5422,31,0.0
8500,2025-05-15,0.6197,31,0.0
8500,2025-05-20,0.6156,31,0.0
8500,2025-05-25,0.6466,31,0.0
8500,2025-05-30,0.6193,31,0.0
8500,2025-06-04,0.6445,31,0.0
8500,2025-06-19,0.3363,31,0.0
8500,2025-06-29,0.4115,31,0.0
8500,2025-07-09,0.3705,31,0.0
8500,2025-07-14,0.4866,31,0.0
8500,2025-07-19,0.518,31,0.0
8500,2025-07-21,0.497,31,0.0
8500,2025-07-29,0.5563,31,0.0
8500,2025-08-03,0.3481,31,0.0
8500,2025-08-13,0.3721,31,0.0
8500,2025-08-30,0.4587,31,0.0
8500,2025-09-17,0.4288,30,0.0323
8500,2025-09-27,0.5036,31,0.0
8500,2025-10-17,0.4452,31,0.0
8500,2025-10-22,0.5103,31,0.0
8500,2025-11-01,0.5201,31,0.0
8500,2025-11-11,0.5608,31,0.0
8500,2025-11-21,0.3025,31,0.0
8500,2025-11-26,0.3554,31,0.0
8500,2025-12-01,0.4081,31,0.0
8500,2025-12-06,0.4739,31,0.0
8500,2025-12-11,0.5365,31,0.0
8500,2025-12-21,0.589,31,0.0
8500,2025-12-26,0.5618,31,0.0
8500,2025-12-28,0.5923,31,0.0
8500,2026-01-10,0.6106,31,0.0
8500,2026-01-25,0.499,31,0.0
8500,2026-03-16,0.6244,31,0.0
8500,2026-03-21,0.645,31,0.0
8500,2026-03-28,0.6742,31,0.0
8500,2026-04-05,0.6668,31,0.0
8500,2026-04-17,0.4201,31,0.0
8500,2026-04-20,0.491,31,0.0
8500,2026-04-30,0.423,31,0.0
8500,2026-05-05,0.3147,31,0.0
8500,2026-05-07,0.3645,31,0.0
8500,2026-06-19,0.6021,31,0.0
8500,2026-06-29,0.6263,31,0.0
8500,2026-07-06,0.6293,31,0.0
8500,2026-07-09,0.6317,31,0.0
8500,2026-07-19,0.5099,31,0.0
8500,2026-07-26,0.3634,31,0.0
8500,2026-07-29,0.3495,31,0.0
8500,2026-08-18,0.5564,31,0.0
8500,2026-08-23,0.5544,31,0.0
8500,2026-09-04,0.5928,31,0.0
9000,2019-01-07,0.4943,152,0.0
9000,2019-01-12,0.4714,152,0.0
9000,2019-01-27,0.4496,152,0.0
9000,2019-02-11,0.456,152,0.0
9000,2019-03-18,0.4137,135,0.1118
9000,2019-03-23,0.5557,152,0.0
9000,2019-04-02,0.5602,152,0.0
9000,2019-04-07,0.362,143,0.0592
9000,2019-04-12,0.5295,152,0.0
9000,2019-04-17,0.5365,126,0.1711
9000,2019-04-22,0.5135,152,0.0
9000,2019-04-27,0.5055,152,0.0
9000,2019-05-22,0.5999,152,0.0
9000,2019-05-27,0.5802,152,0.0
9000,2019-06-06,0.3825,126,0.1711
9000,2019-06-11,0.5361,152,0.0
9000,2019-06-16,0.5223,152,0.0
9000,2019-06-26,0.5219,152,0.0
9000,2019-07-06,0.5677,152,0.0
9000,2019-07-11,0.521,152,0.0
9000,2019-07-26,0.4512,152,0.0
9000,2019-07-31,0.4895,152,0.0
9000,2019-08-10,0.4046,152,0.0
9000,2019-08-15,0.4322,152,0.0
9000,2019-08-30,0.3492,152,0.0
9000,2019-09-09,0.3807,152,0.0
9000,2019-09-14,0.3495,152,0.0
9000,2019-09-29,0.4087,152,0.0
9000,2019-10-04,0.33,152,0.0
9000,2019-10-14,0.2673,152,0.0
9000,2019-11-03,0.3535,152,0.0
9000,2019-11-13,0.3886,152,0.0
9000,2019-11-23,0.3526,152,0.0
9000,2019-12-08,0.4122,152,0.0
9000,2019-12-28,0.4208,152,0.0
9000,2020-01-07,0.4167,152,0.0
9000,2020-01-27,0.494,152,0.0
9000,2020-03-07,0.4325,152,0.0
9000,2020-03-12,0.4355,152,0.0
9000,2020-03-17,0.502,152,0.0
9000,2020-03-27,0.4709,152,0.0
9000,2020-04-06,0.4905,152,0.0
9000,2020-04-21,0.4861,152,0.0
9000,2020-04-26,0.4594,152,0.0
9000,2020-05-01,0.4076,152,0.0
9000,2020-05-11,0.452,152,0.0
9000,2020-05-16,0.4203,152,0.0
9000,2020-05-21,0.4154,152,0.0
9000,2020-05-26,0.4316,152,0.0
9000,2020-05-31,0.4166,152,0.0
9000,2020-06-20,0.4429,152,0.0
9000,2020-06-30,0.4231,152,0.0
9000,2020-07-10,0.4083,152,0.0
9000,2020-07-20,0.4005,152,0.0
9000,2020-07-25,0.3728,152,0.0
9000,2020-08-04,0.381,152,0.0
9000,2020-08-09,0.334,152,0.0
9000,2020-08-14,0.3264,134,0.1184
9000,2020-08-19,0.3492,152,0.0
9000,2020-08-24,0.3881,152,0.0
9000,2020-08-29,0.3767,152,0.0
9000,2020-09-03,0.3965,152,0.0
9000,2020-09-08,0.3258,152,0.0
9000,2020-09-13,0.3467,152,0.0
9000,2020-10-08,0.3651,151,0.0066
9000,2020-10-13,0.3414,152,0.0
9000,2020-10-18,0.3253,148,0.0263
9000,2020-10-23,0.3998,152,0.0
9000,2020-10-28,0.3765,152,0.0
9000,2020-11-07,0.3454,152,0.0
9000,2020-11-22,0.3887,152,0.0
9000,2021-01-16,0.3844,152,0.0
9000,2021-02-10,0.4152,152,0.0
9000,2021-02-15,0.3649,152,0.0
9000,2021-02-20,0.4665,152,0.0
9000,2021-03-02,0.4509,152,0.0
9000,2021-03-07,0.3739,133,0.125
9000,2021-03-12,0.4174,152,0.0
9000,2021-03-22,0.4594,152,0.0
9000,2021-03-27,0.4824,152,0.0
9000,2021-04-11,0.5292,152,0.0
9000,2021-04-26,0.4471,149,0.0197
9000,2021-05-01,0.4861,152,0.0
9000,2021-05-06,0.4752,152,0.0
9000,2021-05-11,0.4389,152,0.0
9000,2021-05-21,0.4657,152,0.0
9000,2021-05-26,0.5023,152,0.0
9000,2021-06-05,0.5129,152,0.0
9000,2021-06-15,0.4748,152,0.0
9000,2021-06-20,0.4477,132,0.1316
9000,2021-06-25,0.3385,152,0.0
9000,2021-07-10,0.4091,152,0.0
9000,2021-07-20,0.4088,152,0.0
9000,2021-07-25,0.3849,152,0.0
9000,2021-07-30,0.3773,152,0.0
9000,2021-08-09,0.3419,152,0.0
9000,2021-08-19,0.3419,152,0.0
9000,2021-08-24,0.3026,152,0.0
9000,2021-09-03,0.3068,152,0.0
9000,2021-09-23,0.3658,152,0.0
9000,2021-09-28,0.3655,152,0.0
9000,2021-10-23,0.3772,152,0.0
9000,2021-11-07,0.4393,152,0.0
9000,2021-11-17,0.4034,152,0.0
9000,2021-11-22,0.4478,152,0.0
9000,2021-11-27,0.4492,135,0.1118
9000,2021-12-12,0.3765,152,0.0
9000,2021-12-22,0.3385,134,0.1184
9000,2021-12-27,0.3688,140,0.0789
9000,2022-01-01,0.4396,152,0.0
9000,2022-01-16,0.4665,152,0.0
9000,2022-01-21,0.5026,152,0.0
9000,2022-01-26,0.3651,152,0.0
9000,2022-02-10,0.5064,152,0.0
9000,2022-02-20,0.4668,152,0.0
9000,2022-03-02,0.483,152,0.0
9000,2022-03-07,0.4588,152,0.0
9000,2022-03-17,0.5407,126,0.1711
9000,2022-03-22,0.5406,152,0.0
9000,2022-04-06,0.4972,152,0.0
9000,2022-04-11,0.4625,152,0.0
9000,2022-04-21,0.5302,133,0.125
9000,2022-04-26,0.5211,152,0.0
9000,2022-05-01,0.5211,152,0.0
9000,2022-05-11,0.5212,152,0.0
9000,2022-05-21,0.4745,152,0.0
9000,2022-05-26,0.4213,152,0.0
9000,2022-06-05,0.3697,152,0.0
9000,2022-06-25,0.3958,152,0.0
9000,2022-06-30,0.4175,152,0.0
9000,2022-07-05,0.4315,152,0.0
9000,2022-07-10,0.4092,145,0.0461
9000,2022-07-20,0.3846,152,0.0
9000,2022-07-25,0.3802,152,0.0
9000,2022-08-14,0.408,152,0.0
9000,2022-08-24,0.3502,152,0.0
9000,2022-09-18,0.3692,152,0.0
9000,2022-09-23,0.3845,152,0.0
9000,2022-10-23,0.4393,152,0.0
9000,2022-11-17,0.3372,152,0.0
9000,2022-11-27,0.3225,152,0.0
9000,2022-12-02,0.3379,152,0.0
9000,2022-12-17,0.4277,140,0.0789
9000,2023-01-16,0.3766,150,0.0132
9000,2023-01-26,0.4232,152,0.0
9000,2023-02-05,0.4429,152,0.0
9000,2023-03-02,0.5258,152,0.0
9000,2023-03-17,0.514,152,0.0
9000,2023-03-22,0.5298,152,0.0
9000,2023-04-01,0.533,152,0.0
9000,2023-04-11,0.529,152,0.0
9000,2023-04-16,0.5457,152,0.0
9000,2023-04-21,0.5573,152,0.0
9000,2023-05-01,0.5644,152,0.0
9000,2023-05-16,0.5879,152,0.0
9000,2023-05-21,0.5521,152,0.0
9000,2023-05-26,0.5328,152,0.0
9000,2023-06-05,0.5409,152,0.0
9000,2023-06-10,0.5403,152,0.0
9000,2023-06-20,0.4978,152,0.0
9000,2023-06-25,0.4795,152,0.0
9000,2023-07-05,0.4829,152,0.0
9000,2023-07-15,0.49,152,0.0
9000,2023-07-25,0.4667,152,0.0
9000,2023-08-04,0.4237,152,0.0
9000,2023-08-09,0.3526,152,0.0
9000,2023-08-24,0.3334,152,0.0
9000,2023-09-03,0.4161,152,0.0
9000,2023-09-08,0.4393,152,0.0
9000,2023-09-13,0.3964,152,0.0
9000,2023-09-18,0.4036,152,0.0
9000,2023-09-23,0.4082,152,0.0
9000,2023-10-03,0.2046,152,0.0
9000,2023-10-23,0.483,152,0.0
9000,2023-11-07,0.5335,152,0.0
9000,2023-11-12,0.4319,152,0.0
9000,2023-12-02,0.553,152,0.0
9000,2023-12-07,0.4827,152,0.0
9000,2023-12-17,0.4943,152,0.0
9000,2023-12-27,0.47,152,0.0
9000,2024-01-11,0.4865,150,0.0132
9000,2024-02-05,0.5366,152,0.0
9000,2024-02-10,0.4628,152,0.0
9000,2024-03-11,0.5567,152,0.0
9000,2024-03-16,0.411,152,0.0
9000,2024-03-31,0.5222,152,0.0
9000,2024-04-05,0.5453,152,0.0
9000,2024-04-10,0.5527,152,0.0
9000,2024-04-20,0.596,152,0.0
9000,2024-04-30,0.5653,152,0.0
9000,2024-05-05,0.5878,152,0.0
9000,2024-05-10,0.5168,139,0.0855
9000,2024-05-20,0.4977,147,0.0329
9000,2024-05-30,0.4869,152,0.0
9000,2024-06-09,0.4857,152,0.0
9000,2024-06-14,0.4864,152,0.0
9000,2024-06-19,0.4932,152,0.0
9000,2024-06-24,0.4702,152,0.0
9000,2024-06-29,0.3642,152,0.0
9000,2024-07-19,0.3657,152,0.0
9000,2024-07-24,0.3686,152,0.0
9000,2024-07-29,0.3445,152,0.0
9000,2024-08-03,0.3663,152,0.0
9000,2024-08-08,0.3065,152,0.0
9000,2024-08-18,0.3415,152,0.0
9000,2024-08-23,0.3187,152,0.0
9000,2024-08-28,0.3419,152,0.0
9000,2024-09-02,0.2793,152,0.0
9000,2024-09-07,0.268,152,0.0
9000,2024-09-12,0.2909,152,0.0
9000,2024-09-22,0.2748,152,0.0
9000,2024-10-02,0.2396,152,0.0
9000,2024-10-07,0.2594,152,0.0
9000,2024-10-12,0.2785,152,0.0
9000,2024-10-17,0.3149,152,0.0
9000,2024-10-22,0.329,152,0.0
9000,2024-11-01,0.3582,152,0.0
9000,2024-11-11,0.4471,139,0.0855
9000,2024-11-26,0.3923,152,0.0
9000,2024-12-01,0.4207,129,0.1513
9000,2024-12-31,0.4753,152,0.0
9000,2025-01-15,0.4255,152,0.0
9000,2025-01-25,0.4627,152,0.0
9000,2025-02-09,0.4856,128,0.1579
9000,2025-02-14,0.4856,130,0.1447
9000,2025-02-19,0.5018,152,0.0
9000,2025-02-24,0.5008,152,0.0
9000,2025-03-01,0.5215,152,0.0
9000,2025-03-06,0.5024,152,0.0
9000,2025-03-21,0.521,152,0.0
9000,2025-04-10,0.5091,136,0.1053
9000,2025-04-15,0.5328,152,0.0
9000,2025-04-30,0.5644,152,0.0
9000,2025-05-02,0.5833,152,0.0
9000,2025-05-05,0.5371,152,0.0
9000,2025-05-15,0.549,152,0.0
9000,2025-05-20,0.5257,152,0.0
9000,2025-05-25,0.509,152,0.0
9000,2025-05-30,0.4926,152,0.0
9000,2025-06-04,0.4714,152,0.0
9000,2025-06-19,0.5022,152,0.0
9000,2025-06-29,0.4902,152,0.0
9000,2025-07-09,0.428,129,0.1513
9000,2025-07-14,0.4352,152,0.0
9000,2025-07-19,0.44,152,0.0
9000,2025-07-21,0.4236,152,0.0
9000,2025-07-29,0.3735,152,0.0
9000,2025-08-03,0.3029,146,0.0395
9000,2025-08-13,0.3138,152,0.0
9000,2025-08-30,0.3262,152,0.0
9000,2025-09-27,0.3496,152,0.0
9000,2025-10-17,0.3255,143,0.0592
9000,2025-10-22,0.3611,152,0.0
9000,2025-11-01,0.3821,145,0.0461
9000,2025-11-11,0.4385,152,0.0
9000,2025-11-21,0.4441,152,0.0
9000,2025-11-26,0.4742,152,0.0
9000,2025-12-01,0.4194,152,0.0
9000,2025-12-06,0.4113,151,0.0066
9000,2025-12-11,0.4462,152,0.0
9000,2025-12-21,0.4742,143,0.0592
9000,2025-12-26,0.4472,152,0.0
9000,2025-12-28,0.4628,152,0.0
9000,2026-01-10,0.4389,152,0.0
9000,2026-03-16,0.5213,152,0.0
9000,2026-03-21,0.4975,152,0.0
9000,2026-03-28,0.4629,152,0.0
9000,2026-04-05,0.4664,152,0.0
9000,2026-04-17,0.518,152,0.0
9000,2026-04-20,0.5097,152,0.0
9000,2026-04-30,0.5244,152,0.0
9000,2026-05-05,0.5122,152,0.0
9000,2026-05-07,0.5096,152,0.0
9000,2026-06-19,0.3965,152,0.0
9000,2026-06-29,0.3724,152,0.0
9000,2026-07-06,0.4091,152,0.0
9000,2026-07-09,0.4276,152,0.0
9000,2026-07-19,0.4362,152,0.0
9000,2026-07-26,0.4407,152,0.0
9000,2026-07-29,0.4114,152,0.0
9000,2026-08-18,0.3734,152,0.0
9000,2026-08-23,0.396,152,0.0
9000,2026-09-04,0.4242,152,0.0
9500,2019-01-07,0.5119,373,0.0
9500,2019-01-12,0.5139,373,0.0
9500,2019-01-22,0.4395,323,0.134
9500,2019-01-27,0.4936,373,0.0
9500,2019-02-11,0.421,373,0.0
9500,2019-03-23,0.4553,373,0.0
9500,2019-04-02,0.5102,373,0.0
9500,2019-04-12,0.5366,373,0.0
9500,2019-04-17,0.4121,365,0.0214
9500,2019-04-22,0.42,373,0.0
9500,2019-04-27,0.4476,373,0.0
9500,2019-05-22,0.6037,373,0.0
9500,2019-05-27,0.5955,373,0.0
9500,2019-06-06,0.4009,368,0.0134
9500,2019-06-11,0.4938,373,0.0
9500,2019-06-16,0.4241,373,0.0
9500,2019-06-26,0.4706,373,0.0
9500,2019-07-06,0.5327,373,0.0
9500,2019-07-11,0.5144,373,0.0
9500,2019-07-26,0.4465,373,0.0
9500,2019-07-31,0.4978,373,0.0
9500,2019-08-10,0.412,373,0.0
9500,2019-08-15,0.4508,373,0.0
9500,2019-08-30,0.3774,373,0.0
9500,2019-09-09,0.4157,373,0.0
9500,2019-09-14,0.3727,373,0.0
9500,2019-09-29,0.3459,373,0.0
9500,2019-10-04,0.3222,373,0.0
9500,2019-10-14,0.3378,373,0.0
9500,2019-11-03,0.3887,373,0.0
9500,2019-11-13,0.4158,373,0.0
9500,2019-11-23,0.4082,373,0.0
9500,2019-12-08,0.4124,314,0.1582
9500,2019-12-28,0.4241,359,0.0375
9500,2020-01-07,0.4004,369,0.0107
9500,2020-01-27,0.5415,373,0.0
9500,2020-03-07,0.4016,373,0.0
9500,2020-03-12,0.4389,373,0.0
9500,2020-03-17,0.5412,373,0.0
9500,2020-03-27,0.4744,373,0.0
9500,2020-04-06,0.5212,373,0.0
9500,2020-04-21,0.4901,373,0.0
9500,2020-04-26,0.3966,373,0.0
9500,2020-05-01,0.3605,373,0.0
9500,2020-05-11,0.4321,373,0.0
9500,2020-05-16,0.3998,373,0.0
9500,2020-05-21,0.3813,373,0.0
9500,2020-05-26,0.4078,373,0.0
9500,2020-05-31,0.4039,373,0.0
9500,2020-06-20,0.4322,373,0.0
9500,2020-06-30,0.4278,373,0.0
9500,2020-07-10,0.3807,373,0.0
9500,2020-07-20,0.4282,373,0.0
9500,2020-07-25,0.4003,373,0.0
9500,2020-08-04,0.42,373,0.0
9500,2020-08-09,0.3844,373,0.0
9500,2020-08-19,0.3613,373,0.0
9500,2020-08-24,0.3928,373,0.0
9500,2020-08-29,0.3736,373,0.0
9500,2020-09-03,0.3847,373,0.0
9500,2020-09-08,0.3535,373,0.0
9500,2020-09-13,0.362,373,0.0
9500,2020-10-03,0.0606,318,0.1475
9500,2020-10-08,0.3142,333,0.1072
9500,2020-10-13,0.3304,373,0.0
9500,2020-10-18,0.3037,350,0.0617
9500,2020-10-23,0.4117,373,0.0
9500,2020-10-28,0.4433,373,0.0
9500,2020-11-07,0.3966,373,0.0
9500,2020-11-22,0.4285,373,0.0
9500,2021-01-16,0.4161,373,0.0
9500,2021-02-10,0.4896,373,0.0
9500,2021-02-15,0.4361,373,0.0
9500,2021-02-20,0.471,366,0.0188
9500,2021-03-02,0.4816,373,0.0
9500,2021-03-07,0.4198,300,0.1957
9500,2021-03-12,0.4593,373,0.0
9500,2021-03-22,0.5016,373,0.0
9500,2021-03-27,0.5562,373,0.0
9500,2021-04-11,0.5222,373,0.0
9500,2021-04-26,0.3693,339,0.0912
9500,2021-05-01,0.4547,373,0.0
9500,2021-05-06,0.4004,373,0.0
9500,2021-05-11,0.3655,373,0.0
9500,2021-05-21,0.3973,373,0.0
9500,2021-05-26,0.4708,373,0.0
9500,2021-06-05,0.5017,373,0.0
9500,2021-06-15,0.4346,373,0.0
9500,2021-06-20,0.4044,368,0.0134
9500,2021-06-25,0.3259,320,0.1421
9500,2021-07-10,0.3347,373,0.0
9500,2021-07-20,0.3844,373,0.0
9500,2021-07-25,0.3616,373,0.0
9500,2021-07-30,0.3652,373,0.0
9500,2021-08-09,0.3496,373,0.0
9500,2021-08-19,0.3498,373,0.0
9500,2021-08-24,0.3296,373,0.0
9500,2021-09-03,0.3572,373,0.0
9500,2021-09-23,0.3803,358,0.0402
9500,2021-09-28,0.3968,373,0.0
9500,2021-10-08,0.31,317,0.1501
9500,2021-10-23,0.3969,373,0.0
9500,2021-11-07,0.4513,373,0.0
9500,2021-11-17,0.447,373,0.0
9500,2021-11-22,0.4898,373,0.0
9500,2021-11-27,0.4736,342,0.0831
9500,2021-12-12,0.4199,373,0.0
9500,2021-12-22,0.4004,320,0.1421
9500,2022-01-16,0.4981,373,0.0
9500,2022-01-21,0.5094,373,0.0
9500,2022-01-26,0.4905,373,0.0
9500,2022-02-10,0.5572,373,0.0
9500,2022-02-20,0.533,373,0.0
9500,2022-03-02,0.5137,373,0.0
9500,2022-03-07,0.5057,373,0.0
9500,2022-03-22,0.4399,373,0.0
9500,2022-04-06,0.4898,318,0.1475
9500,2022-04-11,0.4863,373,0.0
9500,2022-04-21,0.5142,367,0.0161
9500,2022-04-26,0.5529,373,0.0
9500,2022-05-01,0.5566,373,0.0
9500,2022-05-11,0.4782,373,0.0
9500,2022-05-21,0.4787,373,0.0
9500,2022-05-26,0.4516,373,0.0
9500,2022-06-05,0.4552,373,0.0
9500,2022-06-25,0.4118,373,0.0
9500,2022-06-30,0.4352,373,0.0
9500,2022-07-05,0.4354,373,0.0
9500,2022-07-10,0.3846,304,0.185
9500,2022-07-20,0.3534,373,0.0
9500,2022-07-25,0.3612,373,0.0
9500,2022-08-14,0.3455,373,0.0
9500,2022-08-24,0.3188,373,0.0
9500,2022-09-18,0.3931,373,0.0
9500,2022-09-23,0.4118,373,0.0
9500,2022-10-23,0.4897,373,0.0
9500,2022-11-17,0.4979,373,0.0
9500,2022-11-27,0.5056,373,0.0
9500,2022-12-02,0.4778,373,0.0
9500,2022-12-17,0.483,304,0.185
9500,2023-01-16,0.3896,373,0.0
9500,2023-01-26,0.5019,373,0.0
9500,2023-02-05,0.5054,373,0.0
9500,2023-02-20,0.6083,364,0.0241
9500,2023-03-02,0.4831,373,0.0
9500,2023-03-17,0.4271,373,0.0
9500,2023-03-22,0.4553,373,0.0
9500,2023-04-01,0.5447,373,0.0
9500,2023-04-11,0.5647,373,0.0
9500,2023-04-16,0.5413,373,0.0
9500,2023-04-21,0.4443,373,0.0
9500,2023-05-01,0.4791,373,0.0
9500,2023-05-16,0.5642,373,0.0
9500,2023-05-21,0.5216,373,0.0
9500,2023-05-26,0.4983,373,0.0
9500,2023-06-05,0.5101,373,0.0
9500,2023-06-10,0.4709,373,0.0
9500,2023-06-20,0.474,373,0.0
9500,2023-06-25,0.4665,373,0.0
9500,2023-07-05,0.4668,373,0.0
9500,2023-07-15,0.4815,373,0.0
9500,2023-07-25,0.4543,373,0.0
9500,2023-08-04,0.4048,373,0.0
9500,2023-08-09,0.346,373,0.0
9500,2023-08-24,0.3375,373,0.0
9500,2023-09-03,0.4517,373,0.0
9500,2023-09-08,0.432,373,0.0
9500,2023-09-13,0.3652,373,0.0
9500,2023-09-18,0.3883,373,0.0
9500,2023-09-23,0.4197,373,0.0
9500,2023-10-03,0.126,373,0.0
9500,2023-10-23,0.5253,373,0.0
9500,2023-11-07,0.5169,373,0.0
9500,2023-11-12,0.455,373,0.0
9500,2023-12-02,0.5412,373,0.0
9500,2023-12-07,0.5414,373,0.0
9500,2023-12-17,0.5456,373,0.0
9500,2023-12-27,0.5178,373,0.0
9500,2024-01-11,0.5369,373,0.0
9500,2024-02-05,0.4546,373,0.0
9500,2024-03-11,0.5955,373,0.0
9500,2024-03-16,0.5493,373,0.0
9500,2024-03-31,0.3649,373,0.0
9500,2024-04-05,0.4309,373,0.0
9500,2024-04-10,0.4866,369,0.0107
9500,2024-04-20,0.5763,373,0.0
9500,2024-04-30,0.5563,373,0.0
9500,2024-05-05,0.5526,373,0.0
9500,2024-05-20,0.3848,373,0.0
9500,2024-05-30,0.4006,373,0.0
9500,2024-06-09,0.4469,373,0.0
9500,2024-06-14,0.4347,373,0.0
9500,2024-06-19,0.3808,373,0.0
9500,2024-06-24,0.3535,373,0.0
9500,2024-06-29,0.3457,373,0.0
9500,2024-07-19,0.4077,373,0.0
9500,2024-07-24,0.4164,373,0.0
9500,2024-07-29,0.3726,373,0.0
9500,2024-08-03,0.4202,373,0.0
9500,2024-08-08,0.3731,373,0.0
9500,2024-08-18,0.3458,373,0.0
9500,2024-08-23,0.3531,373,0.0
9500,2024-08-28,0.3731,373,0.0
9500,2024-09-02,0.3107,373,0.0
9500,2024-09-07,0.2951,373,0.0
9500,2024-09-12,0.3145,373,0.0
9500,2024-09-22,0.3572,373,0.0
9500,2024-10-02,0.2869,373,0.0
9500,2024-10-07,0.33,373,0.0
9500,2024-10-12,0.3615,373,0.0
9500,2024-10-17,0.3493,373,0.0
9500,2024-10-22,0.3848,373,0.0
9500,2024-11-01,0.4196,373,0.0
9500,2024-11-26,0.451,373,0.0
9500,2024-12-06,0.5019,311,0.1662
9500,2024-12-31,0.5524,373,0.0
9500,2025-01-15,0.5193,373,0.0
9500,2025-01-25,0.5098,373,0.0
9500,2025-02-14,0.4706,354,0.0509
9500,2025-02-19,0.4977,373,0.0
9500,2025-02-24,0.537,373,0.0
9500,2025-03-01,0.5761,373,0.0
9500,2025-03-06,0.5807,373,0.0
9500,2025-03-21,0.5958,373,0.0
9500,2025-04-12,0.5565,330,0.1153
9500,2025-04-15,0.5873,373,0.0
9500,2025-05-02,0.517,373,0.0
9500,2025-05-05,0.5255,373,0.0
9500,2025-05-15,0.5097,373,0.0
9500,2025-05-20,0.5057,373,0.0
9500,2025-05-25,0.5061,373,0.0
9500,2025-05-30,0.4823,373,0.0
9500,2025-06-04,0.4905,373,0.0
9500,2025-06-19,0.4857,373,0.0
9500,2025-06-29,0.5101,373,0.0
9500,2025-07-14,0.4275,373,0.0
9500,2025-07-19,0.4276,373,0.0
9500,2025-07-21,0.4048,373,0.0
9500,2025-07-29,0.435,373,0.0
9500,2025-08-03,0.3612,373,0.0
9500,2025-08-13,0.3803,373,0.0
9500,2025-08-30,0.3734,373,0.0
9500,2025-09-27,0.3656,373,0.0
9500,2025-10-22,0.4429,373,0.0
9500,2025-11-01,0.4004,373,0.0
9500,2025-11-11,0.4903,373,0.0
9500,2025-11-21,0.436,373,0.0
9500,2025-11-26,0.4709,373,0.0
9500,2025-12-01,0.436,373,0.0
9500,2025-12-06,0.4313,373,0.0
9500,2025-12-11,0.5057,373,0.0
9500,2025-12-26,0.5178,373,0.0
9500,2025-12-28,0.5598,373,0.0
9500,2026-01-10,0.5516,373,0.0
9500,2026-03-16,0.5452,373,0.0
9500,2026-03-21,0.5251,373,0.0
9500,2026-03-28,0.4407,373,0.0
9500,2026-04-05,0.4668,373,0.0
9500,2026-04-17,0.5264,373,0.0
9500,2026-04-20,0.5365,373,0.0
9500,2026-04-30,0.5221,373,0.0
9500,2026-05-05,0.5179,373,0.0
9500,2026-05-07,0.5091,373,0.0
9500,2026-06-19,0.4481,373,0.0
9500,2026-06-29,0.478,373,0.0
9500,2026-07-06,0.4904,373,0.0
9500,2026-07-09,0.5065,373,0.0
9500,2026-07-19,0.4742,373,0.0
9500,2026-07-26,0.4512,373,0.0
9500,2026-07-29,0.4239,373,0.0
9500,2026-08-18,0.4705,373,0.0
9500,2026-08-23,0.4832,373,0.0
9500,2026-09-04,0.4904,373,0.0
10000,2019-01-07,0.5247,199,0.0
10000,2019-01-12,0.5133,199,0.0
10000,2019-01-22,0.4983,199,0.0
10000,2019-01-27,0.5839,199,0.0
10000,2019-02-11,0.4992,199,0.0
10000,2019-03-23,0.6151,199,0.0
10000,2019-04-02,0.5528,199,0.0
10000,2019-04-07,0.3537,180,0.0955
10000,2019-04-12,0.4943,199,0.0
10000,2019-04-17,0.5097,190,0.0452
10000,2019-04-22,0.4936,199,0.0
10000,2019-04-27,0.5376,199,0.0
10000,2019-05-22,0.5686,199,0.0
10000,2019-05-27,0.5766,199,0.0
10000,2019-06-06,0.3884,199,0.0
10000,2019-06-11,0.544,199,0.0
10000,2019-06-16,0.51,199,0.0
10000,2019-06-26,0.5343,199,0.0
10000,2019-07-06,0.5839,199,0.0
10000,2019-07-11,0.5267,199,0.0
10000,2019-07-26,0.4551,199,0.0
10000,2019-07-31,0.5021,199,0.0
10000,2019-08-10,0.435,199,0.0
10000,2019-08-15,0.4547,199,0.0
10000,2019-08-30,0.3813,199,0.0
10000,2019-09-09,0.3764,199,0.0
10000,2019-09-14,0.3096,199,0.0
10000,2019-09-19,0.346,183,0.0804
10000,2019-09-29,0.377,199,0.0
10000,2019-10-04,0.3613,199,0.0
10000,2019-10-14,0.3113,199,0.0
10000,2019-11-03,0.3453,199,0.0
10000,2019-11-13,0.4243,199,0.0
10000,2019-11-23,0.3878,199,0.0
10000,2019-12-28,0.4322,197,0.0101
10000,2020-01-07,0.4356,188,0.0553
10000,2020-01-27,0.5574,199,0.0
10000,2020-03-07,0.4522,199,0.0
10000,2020-03-12,0.4719,199,0.0
10000,2020-03-17,0.5719,199,0.0
10000,2020-03-27,0.4974,199,0.0
10000,2020-04-06,0.5259,199,0.0
10000,2020-04-21,0.5019,199,0.0
10000,2020-04-26,0.4624,199,0.0
10000,2020-05-01,0.3574,199,0.0
10000,2020-05-11,0.4669,199,0.0
10000,2020-05-16,0.4595,199,0.0
10000,2020-05-21,0.4319,199,0.0
10000,2020-05-26,0.4496,199,0.0
10000,2020-05-31,0.4166,199,0.0
10000,2020-06-20,0.4669,199,0.0
10000,2020-06-30,0.4356,199,0.0
10000,2020-07-05,0.393,197,0.0101
10000,2020-07-10,0.4438,199,0.0
10000,2020-07-20,0.4509,199,0.0
10000,2020-07-25,0.4003,199,0.0
10000,2020-08-04,0.4039,199,0.0
10000,2020-08-09,0.3652,199,0.0
10000,2020-08-14,0.3379,199,0.0
10000,2020-08-19,0.3575,199,0.0
10000,2020-08-24,0.409,199,0.0
10000,2020-08-29,0.384,199,0.0
10000,2020-09-03,0.3853,199,0.0
10000,2020-09-08,0.3425,199,0.0
10000,2020-09-13,0.3347,199,0.0
10000,2020-10-13,0.3488,199,0.0
10000,2020-10-23,0.3769,199,0.0
10000,2020-10-28,0.4091,199,0.0
10000,2020-11-07,0.3963,199,0.0
10000,2020-11-22,0.4553,199,0.0
10000,2021-01-16,0.3857,199,0.0
10000,2021-01-21,0.4546,199,0.0
10000,2021-02-10,0.4668,199,0.0
10000,2021-02-15,0.525,199,0.0
10000,2021-02-20,0.4555,195,0.0201
10000,2021-03-02,0.4779,199,0.0
10000,2021-03-12,0.5174,199,0.0
10000,2021-03-22,0.5295,199,0.0
10000,2021-03-27,0.5478,199,0.0
10000,2021-04-11,0.5614,199,0.0
10000,2021-05-01,0.4868,199,0.0
10000,2021-05-06,0.4788,199,0.0
10000,2021-05-11,0.4435,199,0.0
10000,2021-05-21,0.4784,199,0.0
10000,2021-05-26,0.4939,199,0.0
10000,2021-06-05,0.5293,199,0.0
10000,2021-06-15,0.4862,199,0.0
10000,2021-06-20,0.4587,199,0.0
10000,2021-07-10,0.4123,199,0.0
10000,2021-07-20,0.3972,199,0.0
10000,2021-07-25,0.3722,199,0.0
10000,2021-07-30,0.369,199,0.0
10000,2021-08-09,0.3374,199,0.0
10000,2021-08-19,0.3302,199,0.0
10000,2021-08-24,0.3257,199,0.0
10000,2021-09-03,0.3494,199,0.0
10000,2021-09-23,0.2877,163,0.1809
10000,2021-09-28,0.3889,199,0.0
10000,2021-10-08,0.3499,199,0.0
10000,2021-10-23,0.4194,199,0.0
10000,2021-11-07,0.4669,199,0.0
10000,2021-11-17,0.4237,199,0.0
10000,2021-11-22,0.4749,199,0.0
10000,2021-11-27,0.4629,160,0.196
10000,2021-12-12,0.4226,199,0.0
10000,2022-01-16,0.53,199,0.0
10000,2022-01-21,0.5057,199,0.0
10000,2022-01-26,0.5209,199,0.0
10000,2022-02-10,0.5403,199,0.0
10000,2022-02-20,0.5289,199,0.0
10000,2022-03-02,0.5327,199,0.0
10000,2022-03-07,0.5172,199,0.0
10000,2022-03-22,0.5959,199,0.0
10000,2022-04-11,0.4117,199,0.0
10000,2022-04-21,0.4941,163,0.1809
10000,2022-04-26,0.5716,199,0.0
10000,2022-05-01,0.5755,199,0.0
10000,2022-05-11,0.5578,199,0.0
10000,2022-05-21,0.5303,199,0.0
10000,2022-05-26,0.4894,199,0.0
10000,2022-06-05,0.455,199,0.0
10000,2022-06-25,0.4592,199,0.0
10000,2022-06-30,0.5025,199,0.0
10000,2022-07-05,0.4868,199,0.0
10000,2022-07-20,0.3302,199,0.0
10000,2022-07-25,0.3421,199,0.0
10000,2022-07-30,0.2876,172,0.1357
10000,2022-08-14,0.3449,199,0.0
10000,2022-08-24,0.3304,199,0.0
10000,2022-09-03,0.0874,167,0.1608
10000,2022-09-18,0.3611,199,0.0
10000,2022-09-23,0.3822,199,0.0
10000,2022-10-23,0.4714,199,0.0
10000,2022-11-17,0.4947,199,0.0
10000,2022-11-27,0.4793,199,0.0
10000,2022-12-02,0.4553,199,0.0
10000,2023-01-16,0.4081,199,0.0
10000,2023-01-26,0.4749,199,0.0
10000,2023-02-05,0.4641,199,0.0
10000,2023-02-20,0.5801,199,0.0
10000,2023-03-02,0.554,199,0.0
10000,2023-03-17,0.569,199,0.0
10000,2023-03-22,0.5886,199,0.0
10000,2023-04-01,0.5527,199,0.0
10000,2023-04-11,0.5329,199,0.0
10000,2023-04-16,0.5733,199,0.0
10000,2023-04-21,0.5962,199,0.0
10000,2023-05-01,0.5883,199,0.0
10000,2023-05-11,0.4542,187,0.0603
10000,2023-05-16,0.6153,199,0.0
10000,2023-05-21,0.5797,199,0.0
10000,2023-05-26,0.5483,199,0.0
10000,2023-06-05,0.545,199,0.0
10000,2023-06-10,0.509,199,0.0
10000,2023-06-20,0.4907,199,0.0
10000,2023-06-25,0.4901,199,0.0
10000,2023-07-05,0.4977,199,0.0
10000,2023-07-15,0.4975,199,0.0
10000,2023-07-25,0.4863,199,0.0
10000,2023-07-30,0.247,187,0.0603
10000,2023-08-04,0.4275,199,0.0
10000,2023-08-09,0.3965,199,0.0
10000,2023-08-24,0.3337,199,0.0
10000,2023-09-03,0.4163,199,0.0
10000,2023-09-08,0.4356,199,0.0
10000,2023-09-13,0.4234,199,0.0
10000,2023-09-18,0.4117,199,0.0
10000,2023-09-23,0.419,199,0.0
10000,2023-10-03,0.0725,199,0.0
10000,2023-10-23,0.5213,199,0.0
10000,2023-11-07,0.5526,199,0.0
10000,2023-11-12,0.4399,199,0.0
10000,2023-11-17,0.3571,199,0.0
10000,2023-11-22,0.4817,199,0.0
10000,2023-12-02,0.5638,199,0.0
10000,2023-12-07,0.5131,199,0.0
10000,2023-12-17,0.5326,199,0.0
10000,2023-12-27,0.4747,199,0.0
10000,2024-01-11,0.4903,198,0.005
10000,2024-01-16,0.4863,199,0.0
10000,2024-02-05,0.5918,199,0.0
10000,2024-03-06,0.51,193,0.0302
10000,2024-03-11,0.611,199,0.0
10000,2024-03-16,0.5413,199,0.0
10000,2024-03-31,0.5682,199,0.0
10000,2024-04-05,0.5794,199,0.0
10000,2024-04-10,0.5816,199,0.0
10000,2024-04-20,0.6199,199,0.0
10000,2024-04-30,0.5913,199,0.0
10000,2024-05-05,0.5879,199,0.0
10000,2024-05-20,0.4393,198,0.005
10000,2024-05-30,0.3652,199,0.0
10000,2024-06-09,0.4668,199,0.0
10000,2024-06-14,0.4524,199,0.0
10000,2024-06-19,0.4156,199,0.0
10000,2024-06-24,0.3962,199,0.0
10000,2024-06-29,0.373,199,0.0
10000,2024-07-19,0.432,199,0.0
10000,2024-07-24,0.4434,199,0.0
10000,2024-07-29,0.365,199,0.0
10000,2024-08-03,0.4199,199,0.0
10000,2024-08-08,0.3687,199,0.0
10000,2024-08-18,0.3851,199,0.0
10000,2024-08-23,0.3654,199,0.0
10000,2024-08-28,0.3575,199,0.0
10000,2024-09-02,0.2987,199,0.0
10000,2024-09-07,0.2674,199,0.0
10000,2024-09-12,0.2998,199,0.0
10000,2024-09-22,0.3407,199,0.0
10000,2024-10-02,0.2914,199,0.0
10000,2024-10-07,0.3382,199,0.0
10000,2024-10-12,0.3808,199,0.0
10000,2024-10-17,0.3542,199,0.0
10000,2024-10-22,0.3933,199,0.0
10000,2024-11-01,0.4044,199,0.0
10000,2024-11-26,0.4628,199,0.0
10000,2024-12-01,0.4668,168,0.1558
10000,2024-12-06,0.4714,199,0.0
10000,2024-12-31,0.5136,199,0.0
10000,2025-01-05,0.4858,199,0.0
10000,2025-01-15,0.4703,199,0.0
10000,2025-01-25,0.47,199,0.0
10000,2025-02-09,0.5009,196,0.0151
10000,2025-02-19,0.5688,199,0.0
10000,2025-02-24,0.5727,199,0.0
10000,2025-03-01,0.5919,199,0.0
10000,2025-03-06,0.5796,199,0.0
10000,2025-03-21,0.5731,199,0.0
10000,2025-03-31,0.2755,181,0.0905
10000,2025-04-12,0.5174,199,0.0
10000,2025-04-15,0.5293,199,0.0
10000,2025-05-02,0.5957,199,0.0
10000,2025-05-05,0.5795,199,0.0
10000,2025-05-15,0.6044,199,0.0
10000,2025-05-20,0.5838,199,0.0
10000,2025-05-25,0.5724,199,0.0
10000,2025-05-30,0.5366,199,0.0
10000,2025-06-04,0.5299,199,0.0
10000,2025-06-19,0.5331,199,0.0
10000,2025-06-29,0.5418,199,0.0
10000,2025-07-14,0.4245,199,0.0
10000,2025-07-19,0.4316,199,0.0
10000,2025-07-21,0.4168,199,0.0
10000,2025-07-24,0.2403,177,0.1106
10000,2025-07-29,0.3962,199,0.0
10000,2025-08-03,0.349,197,0.0101
10000,2025-08-13,0.3804,199,0.0
10000,2025-08-30,0.3655,199,0.0
10000,2025-09-27,0.3538,199,0.0
10000,2025-10-22,0.4044,199,0.0
10000,2025-11-01,0.4159,199,0.0
10000,2025-11-11,0.467,199,0.0
10000,2025-11-21,0.4782,199,0.0
10000,2025-11-26,0.5098,199,0.0
10000,2025-12-01,0.4154,199,0.0
10000,2025-12-06,0.4009,199,0.0
10000,2025-12-11,0.4706,199,0.0
10000,2025-12-26,0.5131,199,0.0
10000,2025-12-28,0.5365,199,0.0
10000,2026-01-10,0.5449,199,0.0
10000,2026-03-16,0.5874,199,0.0
10000,2026-03-21,0.5769,199,0.0
10000,2026-03-28,0.5187,199,0.0
10000,2026-04-05,0.4816,197,0.0101
10000,2026-04-17,0.5411,199,0.0
10000,2026-04-20,0.5361,199,0.0
10000,2026-04-30,0.5334,199,0.0
10000,2026-05-05,0.5376,199,0.0
10000,2026-05-07,0.5296,199,0.0
10000,2026-06-19,0.4898,199,0.0
10000,2026-06-29,0.4857,199,0.0
10000,2026-07-06,0.4979,199,0.0
10000,2026-07-09,0.4979,199,0.0
10000,2026-07-19,0.5252,199,0.0
10000,2026-07-26,0.5143,199,0.0
10000,2026-07-29,0.482,199,0.0
10000,2026-08-08,0.443,199,0.0
10000,2026-08-18,0.4043,199,0.0
10000,2026-08-23,0.3968,199,0.0
10000,2026-09-04,0.4353,199,0.0
10500,2019-01-07,0.6412,77,0.0
10500,2019-01-12,0.4862,77,0.0
10500,2019-01-22,0.5239,77,0.0
10500,2019-01-27,0.6458,77,0.0
10500,2019-02-11,0.5585,77,0.0
10500,2019-03-18,0.4974,63,0.1818
10500,2019-03-23,0.6935,77,0.0
10500,2019-04-02,0.4713,77,0.0
10500,2019-04-07,0.3348,77,0.0
10500,2019-04-12,0.5187,77,0.0
10500,2019-04-22,0.5457,77,0.0
10500,2019-04-27,0.626,77,0.0
10500,2019-05-12,0.391,73,0.0519
10500,2019-05-22,0.6147,77,0.0
10500,2019-05-27,0.6507,77,0.0
10500,2019-06-06,0.5916,77,0.0
10500,2019-06-11,0.6455,77,0.0
10500,2019-06-16,0.6032,77,0.0
10500,2019-06-26,0.6161,77,0.0
10500,2019-07-06,0.6476,77,0.0
10500,2019-07-11,0.572,77,0.0
10500,2019-07-26,0.3816,77,0.0
10500,2019-07-31,0.4268,77,0.0
10500,2019-08-10,0.3583,77,0.0
10500,2019-08-15,0.3899,77,0.0
10500,2019-08-30,0.4079,77,0.0
10500,2019-09-09,0.4397,77,0.0
10500,2019-09-14,0.3863,77,0.0
10500,2019-09-19,0.3306,77,0.0
10500,2019-09-29,0.439,77,0.0
10500,2019-10-04,0.4215,77,0.0
10500,2019-10-14,0.447,77,0.0
10500,2019-11-03,0.4555,77,0.0
10500,2019-11-13,0.4782,77,0.0
10500,2019-11-23,0.4117,77,0.0
10500,2019-12-28,0.5015,77,0.0
10500,2020-01-07,0.5928,77,0.0
10500,2020-01-27,0.5366,77,0.0
10500,2020-03-07,0.4003,77,0.0
10500,2020-03-12,0.5354,77,0.0
10500,2020-03-17,0.6197,77,0.0
10500,2020-03-27,0.5937,77,0.0
10500,2020-04-01,0.3406,77,0.0
10500,2020-04-06,0.6003,77,0.0
10500,2020-04-21,0.5873,77,0.0
10500,2020-04-26,0.5569,77,0.0
10500,2020-05-01,0.4915,77,0.0
10500,2020-05-11,0.4787,77,0.0
10500,2020-05-16,0.473,77,0.0
10500,2020-05-21,0.4716,77,0.0
10500,2020-05-26,0.5087,77,0.0
10500,2020-05-31,0.4629,77,0.0
10500,2020-06-20,0.513,77,0.0
10500,2020-06-30,0.5228,77,0.0
10500,2020-07-10,0.4666,77,0.0
10500,2020-07-20,0.504,77,0.0
10500,2020-07-25,0.4588,77,0.0
10500,2020-08-04,0.4778,77,0.0
10500,2020-08-09,0.4282,77,0.0
10500,2020-08-14,0.4197,77,0.0
10500,2020-08-19,0.4943,77,0.0
10500,2020-08-24,0.5335,77,0.0
10500,2020-08-29,0.5134,77,0.0
10500,2020-09-03,0.5016,77,0.0
10500,2020-09-08,0.461,77,0.0
10500,2020-09-13,0.4601,77,0.0
10500,2020-10-13,0.4171,77,0.0
10500,2020-10-18,0.2212,77,0.0
10500,2020-10-23,0.4693,77,0.0
10500,2020-10-28,0.5289,77,0.0
10500,2020-11-07,0.4295,77,0.0
10500,2020-11-22,0.5671,77,0.0
10500,2021-01-16,0.4834,77,0.0
10500,2021-01-21,0.5082,77,0.0
10500,2021-02-10,0.569,77,0.0
10500,2021-02-15,0.6265,77,0.0
10500,2021-02-20,0.4509,65,0.1558
10500,2021-03-02,0.5905,77,0.0
10500,2021-03-12,0.5306,77,0.0
10500,2021-03-22,0.6185,77,0.0
10500,2021-03-27,0.6425,77,0.0
10500,2021-04-11,0.5641,77,0.0
10500,2021-05-01,0.4194,77,0.0
10500,2021-05-06,0.4436,77,0.0
10500,2021-05-11,0.4244,77,0.0
10500,2021-05-21,0.4795,77,0.0
10500,2021-05-26,0.4835,77,0.0
10500,2021-06-05,0.5293,77,0.0
10500,2021-06-15,0.4588,77,0.0
10500,2021-06-20,0.439,77,0.0
10500,2021-07-10,0.4502,77,0.0
10500,2021-07-20,0.443,77,0.0
10500,2021-07-25,0.431,77,0.0
10500,2021-07-30,0.4114,77,0.0
10500,2021-08-09,0.3883,77,0.0
10500,2021-08-19,0.4024,77,0.0
10500,2021-08-24,0.3354,77,0.0
10500,2021-09-03,0.3796,77,0.0
10500,2021-09-23,0.2233,77,0.0
10500,2021-09-28,0.4012,77,0.0
10500,2021-10-08,0.3649,77,0.0
10500,2021-10-13,0.3882,73,0.0519
10500,2021-10-23,0.5062,77,0.0
10500,2021-11-07,0.4345,77,0.0
10500,2021-11-17,0.4567,77,0.0
10500,2021-11-22,0.5377,77,0.0
10500,2021-11-27,0.5749,77,0.0
10500,2021-12-12,0.5602,77,0.0
10500,2022-01-16,0.6888,77,0.0
10500,2022-01-21,0.5878,77,0.0
10500,2022-01-26,0.6064,77,0.0
10500,2022-02-10,0.6578,77,0.0
10500,2022-02-20,0.5379,77,0.0
10500,2022-03-02,0.5568,77,0.0
10500,2022-03-07,0.5575,77,0.0
10500,2022-03-22,0.639,77,0.0
10500,2022-04-11,0.5928,77,0.0
10500,2022-04-16,0.6097,77,0.0
10500,2022-04-26,0.6202,77,0.0
10500,2022-05-01,0.6166,77,0.0
10500,2022-05-11,0.6154,77,0.0
10500,2022-05-21,0.5423,77,0.0
10500,2022-05-26,0.5099,77,0.0
10500,2022-06-05,0.5203,77,0.0
10500,2022-06-25,0.4316,77,0.0
10500,2022-06-30,0.456,77,0.0
10500,2022-07-05,0.443,77,0.0
10500,2022-07-10,0.3768,77,0.0
10500,2022-07-20,0.345,77,0.0
10500,2022-07-25,0.3386,77,0.0
10500,2022-07-30,0.3844,70,0.0909
10500,2022-08-14,0.36,77,0.0
10500,2022-08-24,0.3485,77,0.0
10500,2022-09-18,0.4174,77,0.0
10500,2022-09-23,0.4568,77,0.0
10500,2022-10-23,0.4904,77,0.0
10500,2022-11-17,0.5601,77,0.0
10500,2022-11-27,0.489,77,0.0
10500,2022-12-02,0.5181,77,0.0
10500,2023-01-16,0.4865,77,0.0
10500,2023-01-26,0.5819,77,0.0
10500,2023-02-05,0.5426,77,0.0
10500,2023-02-20,0.6743,77,0.0
10500,2023-03-02,0.3872,77,0.0
10500,2023-03-17,0.5164,77,0.0
10500,2023-03-22,0.5446,77,0.0
10500,2023-04-01,0.6067,77,0.0
10500,2023-04-11,0.6076,77,0.0
10500,2023-04-16,0.6332,77,0.0
10500,2023-04-21,0.6516,77,0.0
10500,2023-05-01,0.647,77,0.0
10500,2023-05-11,0.6425,68,0.1169
10500,2023-05-16,0.6608,77,0.0
10500,2023-05-21,0.6548,77,0.0
10500,2023-05-26,0.5032,77,0.0
10500,2023-06-05,0.5007,77,0.0
10500,2023-06-10,0.4391,77,0.0
10500,2023-06-20,0.4707,77,0.0
10500,2023-06-25,0.49,77,0.0
10500,2023-07-05,0.5216,77,0.0
10500,2023-07-15,0.5107,77,0.0
10500,2023-07-25,0.5021,77,0.0
10500,2023-08-04,0.4685,77,0.0
10500,2023-08-09,0.4383,77,0.0
10500,2023-08-24,0.42,77,0.0
10500,2023-09-03,0.51,77,0.0
10500,2023-09-08,0.5282,77,0.0
10500,2023-09-13,0.4744,77,0.0
10500,2023-09-18,0.3957,77,0.0
10500,2023-09-23,0.3506,77,0.0
10500,2023-10-03,0.0207,77,0.0
10500,2023-10-23,0.5775,77,0.0
10500,2023-11-07,0.5141,77,0.0
10500,2023-11-12,0.5138,77,0.0
10500,2023-11-17,0.4583,76,0.013
10500,2023-11-22,0.5889,77,0.0
10500,2023-12-02,0.6424,77,0.0
10500,2023-12-07,0.4861,77,0.0
10500,2023-12-17,0.4628,77,0.0
10500,2023-12-27,0.541,77,0.0
10500,2024-01-11,0.4927,77,0.0
10500,2024-01-16,0.4332,77,0.0
10500,2024-02-05,0.6267,77,0.0
10500,2024-03-11,0.5835,77,0.0
10500,2024-03-16,0.5483,77,0.0
10500,2024-03-31,0.5216,77,0.0
10500,2024-04-05,0.5267,77,0.0
10500,2024-04-10,0.5872,77,0.0
10500,2024-04-20,0.643,77,0.0
10500,2024-04-30,0.6453,77,0.0
10500,2024-05-05,0.658,77,0.0
10500,2024-05-10,0.5992,77,0.0
10500,2024-05-20,0.5809,70,0.0909
10500,2024-05-30,0.381,77,0.0
10500,2024-06-09,0.5212,77,0.0
10500,2024-06-14,0.4937,77,0.0
10500,2024-06-19,0.4551,77,0.0
10500,2024-06-24,0.4154,77,0.0
10500,2024-06-29,0.4234,77,0.0
10500,2024-07-19,0.5024,77,0.0
10500,2024-07-24,0.5214,77,0.0
10500,2024-07-29,0.3929,77,0.0
10500,2024-08-03,0.3448,77,0.0
10500,2024-08-08,0.3261,77,0.0
10500,2024-08-18,0.3889,77,0.0
10500,2024-08-23,0.4049,77,0.0
10500,2024-08-28,0.3845,77,0.0
10500,2024-09-02,0.3292,77,0.0
10500,2024-09-07,0.3378,77,0.0
10500,2024-09-12,0.3694,77,0.0
10500,2024-09-22,0.4039,77,0.0
10500,2024-10-02,0.3333,77,0.0
10500,2024-10-07,0.3843,77,0.0
10500,2024-10-12,0.4525,77,0.0
10500,2024-10-17,0.4116,77,0.0
10500,2024-10-22,0.4511,77,0.0
10500,2024-11-01,0.3613,77,0.0
10500,2024-11-11,0.5013,77,0.0
10500,2024-11-26,0.5309,77,0.0
10500,2024-12-01,0.5158,77,0.0
10500,2024-12-06,0.5124,77,0.0
10500,2024-12-31,0.4821,77,0.0
10500,2025-01-05,0.3859,77,0.0
10500,2025-01-15,0.5025,77,0.0
10500,2025-01-25,0.5533,77,0.0
10500,2025-02-09,0.6009,64,0.1688
10500,2025-02-19,0.5825,77,0.0
10500,2025-02-24,0.617,77,0.0
10500,2025-03-01,0.6478,77,0.0
10500,2025-03-06,0.6141,77,0.0
10500,2025-03-21,0.6385,77,0.0
10500,2025-03-31,0.4364,77,0.0
10500,2025-04-12,0.5332,77,0.0
10500,2025-04-15,0.5578,77,0.0
10500,2025-05-02,0.5613,77,0.0
10500,2025-05-05,0.5489,77,0.0
10500,2025-05-15,0.5919,77,0.0
10500,2025-05-20,0.5691,77,0.0
10500,2025-05-25,0.5831,77,0.0
10500,2025-05-30,0.5911,77,0.0
10500,2025-06-04,0.6235,77,0.0
10500,2025-06-19,0.3967,77,0.0
10500,2025-06-29,0.4543,77,0.0
10500,2025-07-14,0.415,77,0.0
10500,2025-07-19,0.4233,77,0.0
10500,2025-07-21,0.4106,77,0.0
10500,2025-07-29,0.4866,77,0.0
10500,2025-08-13,0.4396,77,0.0
10500,2025-08-30,0.4305,77,0.0
10500,2025-09-27,0.466,77,0.0
10500,2025-10-22,0.4473,77,0.0
10500,2025-11-01,0.4045,77,0.0
10500,2025-11-11,0.437,77,0.0
10500,2025-11-21,0.3814,77,0.0
10500,2025-11-26,0.4358,77,0.0
10500,2025-12-01,0.4192,77,0.0
10500,2025-12-06,0.4516,77,0.0
10500,2025-12-11,0.5373,77,0.0
10500,2025-12-26,0.5803,77,0.0
10500,2025-12-28,0.6008,77,0.0
10500,2026-01-10,0.5561,77,0.0
10500,2026-01-25,0.3531,68,0.1169
10500,2026-03-16,0.6612,77,0.0
10500,2026-03-21,0.6983,77,0.0
10500,2026-03-28,0.6589,77,0.0
10500,2026-04-05,0.607,66,0.1429
10500,2026-04-17,0.5571,77,0.0
10500,2026-04-20,0.5966,77,0.0
10500,2026-04-30,0.5524,77,0.0
10500,2026-05-05,0.4972,77,0.0
10500,2026-05-07,0.4931,77,0.0
10500,2026-06-19,0.5363,77,0.0
10500,2026-06-29,0.5469,77,0.0
10500,2026-07-06,0.5562,77,0.0
10500,2026-07-09,0.5669,77,0.0
10500,2026-07-19,0.5711,77,0.0
10500,2026-07-26,0.5644,77,0.0
10500,2026-07-29,0.5407,77,0.0
10500,2026-08-08,0.5444,77,0.0
10500,2026-08-18,0.5418,77,0.0
10500,2026-08-23,0.5094,77,0.0
10500,2026-09-04,0.5516,77,0.0
11000,2019-01-07,0.6327,18,0.0
11000,2019-01-27,0.5953,18,0.0
11000,2019-03-13,0.5772,18,0.0
11000,2019-03-23,0.6567,18,0.0
11000,2019-04-02,0.6134,18,0.0
11000,2019-04-07,0.6529,18,0.0
11000,2019-04-22,0.4643,18,0.0
11000,2019-04-27,0.5942,18,0.0
11000,2019-05-12,0.4647,18,0.0
11000,2019-05-22,0.6811,18,0.0
11000,2019-05-27,0.6233,18,0.0
11000,2019-06-06,0.4564,18,0.0
11000,2019-06-11,0.5014,18,0.0
11000,2019-06-16,0.4998,18,0.0
11000,2019-06-26,0.5343,18,0.0
11000,2019-07-06,0.6307,18,0.0
11000,2019-07-11,0.5942,18,0.0
11000,2019-07-26,0.4478,17,0.0556
11000,2019-07-31,0.5245,18,0.0
11000,2019-08-10,0.4471,18,0.0
11000,2019-08-15,0.483,18,0.0
11000,2019-08-30,0.4367,18,0.0
11000,2019-09-09,0.521,18,0.0
11000,2019-09-14,0.3255,18,0.0
11000,2019-09-19,0.3053,18,0.0
11000,2019-09-29,0.4679,18,0.0
11000,2019-10-04,0.4734,18,0.0
11000,2019-10-14,0.4924,18,0.0
11000,2019-10-19,0.4386,18,0.0
11000,2019-10-24,0.2749,15,0.1667
11000,2019-11-03,0.4185,18,0.0
11000,2019-11-13,0.495,18,0.0
11000,2019-11-23,0.3739,18,0.0
11000,2019-12-28,0.4937,18,0.0
11000,2020-01-27,0.4657,18,0.0
11000,2020-03-12,0.5023,18,0.0
11000,2020-03-17,0.5978,18,0.0
11000,2020-03-22,0.5669,18,0.0
11000,2020-04-06,0.5164,18,0.0
11000,2020-04-21,0.5592,18,0.0
11000,2020-04-26,0.5229,18,0.0
11000,2020-05-01,0.4222,18,0.0
11000,2020-05-11,0.465,18,0.0
11000,2020-05-16,0.4722,18,0.0
11000,2020-05-21,0.4833,18,0.0
11000,2020-05-26,0.5186,18,0.0
11000,2020-05-31,0.4928,18,0.0
11000,2020-06-20,0.4883,18,0.0
11000,2020-06-30,0.4992,18,0.0
11000,2020-07-10,0.434,18,0.0
11000,2020-07-20,0.4879,18,0.0
11000,2020-07-25,0.4627,18,0.0
11000,2020-08-04,0.4204,18,0.0
11000,2020-08-09,0.4071,18,0.0
11000,2020-08-14,0.3279,18,0.0
11000,2020-08-19,0.4563,18,0.0
11000,2020-08-24,0.481,18,0.0
11000,2020-08-29,0.4598,18,0.0
11000,2020-09-03,0.5113,18,0.0
11000,2020-09-08,0.4502,18,0.0
11000,2020-09-13,0.4271,18,0.0
11000,2020-10-13,0.4486,18,0.0
11000,2020-10-18,0.2324,18,0.0
11000,2020-10-23,0.527,18,0.0
11000,2020-10-28,0.5491,18,0.0
11000,2020-11-07,0.3627,18,0.0
11000,2020-11-22,0.4319,18,0.0
11000,2021-01-16,0.5647,18,0.0
11000,2021-01-21,0.5289,18,0.0
11000,2021-02-10,0.581,18,0.0
11000,2021-02-15,0.6397,18,0.0
11000,2021-02-20,0.5364,18,0.0
11000,2021-03-02,0.4865,18,0.0
11000,2021-03-12,0.5665,18,0.0
11000,2021-03-22,0.6349,18,0.0
11000,2021-03-27,0.6735,18,0.0
11000,2021-04-11,0.6819,18,0.0
11000,2021-04-26,0.4844,18,0.0
11000,2021-05-01,0.5011,18,0.0
11000,2021-05-06,0.5336,18,0.0
11000,2021-05-11,0.5013,18,0.0
11000,2021-05-21,0.5235,18,0.0
11000,2021-05-26,0.4963,18,0.0
11000,2021-06-05,0.5223,18,0.0
11000,2021-06-15,0.4221,17,0.0556
11000,2021-06-20,0.3271,17,0.0556
11000,2021-07-10,0.4299,18,0.0
11000,2021-07-20,0.4278,18,0.0
11000,2021-07-25,0.3939,18,0.0
11000,2021-07-30,0.4144,18,0.0
11000,2021-08-09,0.4214,18,0.0
11000,2021-08-19,0.3987,18,0.0
11000,2021-08-24,0.4585,18,0.0
11000,2021-09-03,0.4716,18,0.0
11000,2021-09-23,0.3159,15,0.1667
11000,2021-09-28,0.3949,18,0.0
11000,2021-10-08,0.391,18,0.0
11000,2021-10-13,0.3804,18,0.0
11000,2021-10-23,0.4737,18,0.0
11000,2021-11-07,0.3926,18,0.0
11000,2021-11-17,0.3926,18,0.0
11000,2021-11-22,0.448,18,0.0
11000,2021-11-27,0.5341,18,0.0
11000,2021-12-02,0.1883,18,0.0
11000,2021-12-12,0.4585,18,0.0
11000,2022-01-16,0.6573,18,0.0
11000,2022-01-21,0.4971,18,0.0
11000,2022-01-26,0.5905,18,0.0
11000,2022-02-10,0.5845,18,0.0
11000,2022-02-20,0.4646,18,0.0
11000,2022-03-02,0.6171,18,0.0
11000,2022-03-07,0.6079,18,0.0
11000,2022-03-17,0.6814,18,0.0
11000,2022-03-22,0.6883,18,0.0
11000,2022-04-06,0.6189,18,0.0
11000,2022-04-11,0.285,18,0.0
11000,2022-04-16,0.6657,18,0.0
11000,2022-04-26,0.6413,18,0.0
11000,2022-05-01,0.6672,18,0.0
11000,2022-05-11,0.6371,18,0.0
11000,2022-05-21,0.6348,18,0.0
11000,2022-05-26,0.631,18,0.0
11000,2022-06-05,0.6149,18,0.0
11000,2022-06-25,0.5645,18,0.0
11000,2022-06-30,0.5997,18,0.0
11000,2022-07-05,0.5873,18,0.0
11000,2022-07-15,0.3033,18,0.0
11000,2022-07-25,0.363,18,0.0
11000,2022-08-14,0.3719,18,0.0
11000,2022-08-24,0.3747,18,0.0
11000,2022-09-18,0.4763,18,0.0
11000,2022-09-23,0.4989,18,0.0
11000,2022-10-23,0.5001,18,0.0
11000,2022-11-17,0.589,18,0.0
11000,2022-11-27,0.4764,18,0.0
11000,2022-12-02,0.4823,18,0.0
11000,2023-01-26,0.5863,18,0.0
11000,2023-02-05,0.5151,18,0.0
11000,2023-02-20,0.6864,18,0.0
11000,2023-03-02,0.5122,18,0.0
11000,2023-03-17,0.44,18,0.0
11000,2023-03-22,0.4834,18,0.0
11000,2023-04-01,0.6444,18,0.0
11000,2023-04-11,0.6547,18,0.0
11000,2023-04-16,0.6836,18,0.0
11000,2023-04-21,0.6992,18,0.0
11000,2023-05-01,0.6676,18,0.0
11000,2023-05-16,0.6975,18,0.0
11000,2023-05-21,0.6674,18,0.0
11000,2023-05-26,0.4052,18,0.0
11000,2023-06-05,0.3671,18,0.0
11000,2023-06-10,0.3875,18,0.0
11000,2023-06-20,0.4509,18,0.0
11000,2023-06-25,0.4818,18,0.0
11000,2023-07-05,0.4952,18,0.0
11000,2023-07-15,0.4969,18,0.0
11000,2023-07-25,0.5197,18,0.0
11000,2023-08-04,0.4854,18,0.0
11000,2023-08-09,0.503,18,0.0
11000,2023-08-24,0.4243,18,0.0
11000,2023-09-03,0.6131,18,0.0
11000,2023-09-08,0.5774,18,0.0
11000,2023-09-13,0.3608,18,0.0
11000,2023-09-18,0.349,18,0.0
11000,2023-09-23,0.4072,18,0.0
11000,2023-10-23,0.5972,18,0.0
11000,2023-11-07,0.5439,18,0.0
11000,2023-11-12,0.5406,18,0.0
11000,2023-11-22,0.577,18,0.0
11000,2023-12-02,0.6521,18,0.0
11000,2023-12-07,0.6479,18,0.0
11000,2023-12-17,0.6362,18,0.0
11000,2023-12-22,0.2897,18,0.0
11000,2023-12-27,0.3608,18,0.0
11000,2024-01-16,0.5756,18,0.0
11000,2024-02-05,0.6037,18,0.0
11000,2024-03-11,0.6133,18,0.0
11000,2024-03-16,0.6111,18,0.0
11000,2024-03-21,0.3923,18,0.0
11000,2024-03-31,0.4887,18,0.0
11000,2024-04-05,0.5099,18,0.0
11000,2024-04-10,0.5933,18,0.0
11000,2024-04-20,0.6569,18,0.0
11000,2024-04-30,0.5469,18,0.0
11000,2024-05-05,0.5006,18,0.0
11000,2024-05-10,0.451,18,0.0
11000,2024-05-30,0.2102,16,0.1111
11000,2024-06-09,0.4634,18,0.0
11000,2024-06-14,0.3485,18,0.0
11000,2024-06-19,0.408,18,0.0
11000,2024-06-24,0.3907,18,0.0
11000,2024-06-29,0.4114,18,0.0
11000,2024-07-14,0.4774,18,0.0
11000,2024-07-19,0.4969,18,0.0
11000,2024-07-24,0.5181,18,0.0
11000,2024-07-29,0.4691,18,0.0
11000,2024-08-03,0.532,18,0.0
11000,2024-08-08,0.4736,18,0.0
11000,2024-08-18,0.5131,18,0.0
11000,2024-08-23,0.5092,18,0.0
11000,2024-08-28,0.5107,18,0.0
11000,2024-09-02,0.4178,18,0.0
11000,2024-09-07,0.4103,18,0.0
11000,2024-09-12,0.3447,18,0.0
11000,2024-09-22,0.3249,18,0.0
11000,2024-10-02,0.3288,18,0.0
11000,2024-10-07,0.3832,18,0.0
11000,2024-10-12,0.4537,18,0.0
11000,2024-10-17,0.4082,18,0.0
11000,2024-10-22,0.462,18,0.0
11000,2024-11-01,0.4664,18,0.0
11000,2024-11-11,0.5545,18,0.0
11000,2024-12-06,0.4833,18,0.0
11000,2024-12-31,0.6159,18,0.0
11000,2025-01-15,0.3421,18,0.0
11000,2025-01-25,0.5067,18,0.0
11000,2025-02-09,0.5729,18,0.0
11000,2025-02-19,0.591,18,0.0
11000,2025-02-24,0.6509,18,0.0
11000,2025-03-01,0.6717,18,0.0
11000,2025-03-06,0.6453,18,0.0
11000,2025-03-21,0.6713,18,0.0
11000,2025-03-31,0.4238,18,0.0
11000,2025-04-12,0.5109,18,0.0
11000,2025-04-15,0.5509,18,0.0
11000,2025-05-02,0.6399,18,0.0
11000,2025-05-05,0.6325,18,0.0
11000,2025-05-15,0.4447,18,0.0
11000,2025-05-20,0.3806,18,0.0
11000,2025-05-25,0.4771,18,0.0
11000,2025-05-30,0.4892,18,0.0
11000,2025-06-04,0.5536,18,0.0
11000,2025-06-19,0.3915,18,0.0
11000,2025-06-29,0.465,18,0.0
11000,2025-07-14,0.4799,18,0.0
11000,2025-07-19,0.4874,18,0.0
11000,2025-07-21,0.4748,18,0.0
11000,2025-07-29,0.5451,18,0.0
11000,2025-08-13,0.4404,18,0.0
11000,2025-08-30,0.4597,18,0.0
11000,2025-09-27,0.4999,18,0.0
11000,2025-10-22,0.4198,18,0.0
11000,2025-11-01,0.4203,18,0.0
11000,2025-11-11,0.5064,18,0.0
11000,2025-11-21,0.5125,18,0.0
11000,2025-11-26,0.5608,18,0.0
11000,2025-12-01,0.3657,18,0.0
11000,2025-12-06,0.3848,18,0.0
11000,2025-12-11,0.5083,18,0.0
11000,2025-12-26,0.5679,18,0.0
11000,2025-12-28,0.6057,18,0.0
11000,2026-01-10,0.6363,18,0.0
11000,2026-01-25,0.3837,18,0.0
11000,2026-02-19,0.4251,18,0.0
11000,2026-03-16,0.6146,18,0.0
11000,2026-03-21,0.6546,18,0.0
11000,2026-03-28,0.6278,18,0.0
11000,2026-04-05,0.584,18,0.0
11000,2026-04-17,0.4446,18,0.0
11000,2026-04-20,0.485,18,0.0
11000,2026-04-30,0.5473,18,0.0
11000,2026-05-05,0.5575,18,0.0
11000,2026-05-07,0.5766,18,0.0
11000,2026-05-27,0.1562,17,0.0556
11000,2026-06-19,0.4948,18,0.0
11000,2026-06-29,0.5566,18,0.0
11000,2026-07-06,0.5728,18,0.0
11000,2026-07-09,0.368,18,0.0
11000,2026-07-19,0.3674,18,0.0
11000,2026-07-26,0.4217,18,0.0
11000,2026-07-29,0.4177,18,0.0
11000,2026-08-08,0.5217,18,0.0
11000,2026-08-18,0.5637,18,0.0
11000,2026-08-23,0.5448,18,0.0
11000,2026-09-04,0.6116,18,0.0
11500,2019-01-07,0.6045,71,0.0
11500,2019-01-27,0.5523,71,0.0
11500,2019-02-01,0.5374,62,0.1268
11500,2019-03-13,0.5883,71,0.0
11500,2019-03-23,0.6495,71,0.0
11500,2019-04-02,0.5918,71,0.0
11500,2019-04-07,0.5871,71,0.0
11500,2019-04-22,0.4741,71,0.0
11500,2019-04-27,0.6005,71,0.0
11500,2019-05-12,0.4505,71,0.0
11500,2019-05-22,0.6781,71,0.0
11500,2019-05-27,0.6341,71,0.0
11500,2019-06-06,0.5503,71,0.0
11500,2019-06-11,0.5846,71,0.0
11500,2019-06-16,0.5447,71,0.0
11500,2019-06-26,0.5801,71,0.0
11500,2019-07-06,0.6264,71,0.0
11500,2019-07-11,0.5677,71,0.0
11500,2019-07-26,0.5138,71,0.0
11500,2019-07-31,0.5522,71,0.0
11500,2019-08-10,0.486,71,0.0
11500,2019-08-15,0.5218,71,0.0
11500,2019-08-30,0.2394,71,0.0
11500,2019-09-09,0.2677,71,0.0
11500,2019-09-14,0.2668,71,0.0
11500,2019-09-19,0.1507,71,0.0
11500,2019-09-29,0.4087,71,0.0
11500,2019-10-04,0.3884,71,0.0
11500,2019-10-14,0.4009,71,0.0
11500,2019-10-19,0.3601,71,0.0
11500,2019-11-03,0.373,71,0.0
11500,2019-11-13,0.4856,71,0.0
11500,2019-11-23,0.3773,71,0.0
11500,2019-12-28,0.4228,58,0.1831
11500,2020-01-27,0.5562,71,0.0
11500,2020-03-12,0.5439,71,0.0
11500,2020-03-17,0.662,71,0.0
11500,2020-03-22,0.6104,71,0.0
11500,2020-04-06,0.5954,71,0.0
11500,2020-04-21,0.5765,71,0.0
11500,2020-04-26,0.5407,71,0.0
11500,2020-05-01,0.4434,71,0.0
11500,2020-05-11,0.5141,71,0.0
11500,2020-05-16,0.4933,71,0.0
11500,2020-05-21,0.4945,71,0.0
11500,2020-05-26,0.5131,71,0.0
11500,2020-05-31,0.4862,71,0.0
11500,2020-06-20,0.4837,71,0.0
11500,2020-06-30,0.4407,71,0.0
11500,2020-07-10,0.4859,71,0.0
11500,2020-07-20,0.5059,71,0.0
11500,2020-07-25,0.4549,71,0.0
11500,2020-08-04,0.443,71,0.0
11500,2020-08-09,0.4131,71,0.0
11500,2020-08-19,0.4162,71,0.0
11500,2020-08-24,0.4546,71,0.0
11500,2020-08-29,0.4396,71,0.0
11500,2020-09-03,0.4315,71,0.0
11500,2020-09-08,0.3916,71,0.0
11500,2020-09-13,0.3575,71,0.0
11500,2020-10-13,0.4075,71,0.0
11500,2020-10-18,0.2119,71,0.0
11500,2020-10-23,0.4252,71,0.0
11500,2020-10-28,0.4463,71,0.0
11500,2020-11-07,0.4043,71,0.0
11500,2020-11-22,0.4888,71,0.0
11500,2021-01-16,0.4781,71,0.0
11500,2021-01-21,0.411,71,0.0
11500,2021-02-10,0.3729,71,0.0
11500,2021-02-15,0.416,71,0.0
11500,2021-02-20,0.4352,66,0.0704
11500,2021-03-02,0.4763,71,0.0
11500,2021-03-12,0.482,71,0.0
11500,2021-03-22,0.5417,71,0.0
11500,2021-03-27,0.5807,71,0.0
11500,2021-04-11,0.6116,71,0.0
11500,2021-04-26,0.5473,71,0.0
11500,2021-05-01,0.576,71,0.0
11500,2021-05-06,0.5696,71,0.0
11500,2021-05-11,0.5484,71,0.0
11500,2021-05-21,0.5344,71,0.0
11500,2021-05-26,0.5167,71,0.0
11500,2021-06-05,0.5567,71,0.0
11500,2021-06-15,0.5459,71,0.0
11500,2021-06-20,0.4951,70,0.0141
11500,2021-07-10,0.4503,71,0.0
11500,2021-07-20,0.4634,71,0.0
11500,2021-07-25,0.4395,71,0.0
11500,2021-07-30,0.4315,71,0.0
11500,2021-08-09,0.3928,71,0.0
11500,2021-08-19,0.3965,71,0.0
11500,2021-08-24,0.4239,71,0.0
11500,2021-09-03,0.4241,71,0.0
11500,2021-09-28,0.4211,71,0.0
11500,2021-10-08,0.3652,71,0.0
11500,2021-10-23,0.4438,71,0.0
11500,2021-11-07,0.5048,71,0.0
11500,2021-11-17,0.4356,71,0.0
11500,2021-11-22,0.4873,71,0.0
11500,2021-11-27,0.5268,71,0.0
11500,2021-12-02,0.1753,71,0.0
11500,2021-12-12,0.501,71,0.0
11500,2021-12-22,0.3429,59,0.169
11500,2022-01-16,0.665,71,0.0
11500,2022-01-21,0.4742,71,0.0
11500,2022-01-26,0.6112,71,0.0
11500,2022-02-10,0.5754,71,0.0
11500,2022-02-20,0.5384,71,0.0
11500,2022-03-02,0.5971,71,0.0
11500,2022-03-07,0.5721,71,0.0
11500,2022-03-17,0.6425,71,0.0
11500,2022-03-22,0.6013,71,0.0
11500,2022-04-06,0.5813,71,0.0
11500,2022-04-11,0.5363,71,0.0
11500,2022-04-16,0.5498,71,0.0
11500,2022-04-26,0.5691,71,0.0
11500,2022-05-01,0.5822,71,0.0
11500,2022-05-11,0.5494,71,0.0
11500,2022-05-21,0.4062,71,0.0
11500,2022-05-26,0.3994,71,0.0
11500,2022-06-05,0.455,71,0.0
11500,2022-06-25,0.4906,71,0.0
11500,2022-06-30,0.5259,71,0.0
11500,2022-07-05,0.5214,71,0.0
11500,2022-07-15,0.4678,71,0.0
11500,2022-07-20,0.4669,71,0.0
11500,2022-07-25,0.3854,71,0.0
11500,2022-07-30,0.4445,69,0.0282
11500,2022-08-14,0.4472,71,0.0
11500,2022-08-24,0.431,71,0.0
11500,2022-09-18,0.4516,71,0.0
11500,2022-09-23,0.466,71,0.0
11500,2022-10-23,0.4975,71,0.0
11500,2022-11-17,0.5447,71,0.0
11500,2022-11-27,0.5176,71,0.0
11500,2022-12-02,0.4988,71,0.0
11500,2023-01-16,0.3815,67,0.0563
11500,2023-01-26,0.5263,71,0.0
11500,2023-02-05,0.4274,71,0.0
11500,2023-02-20,0.5875,71,0.0
11500,2023-03-02,0.5846,71,0.0
11500,2023-03-17,0.5678,71,0.0
11500,2023-03-22,0.6078,71,0.0
11500,2023-04-01,0.5413,71,0.0
11500,2023-04-11,0.5698,71,0.0
11500,2023-04-16,0.6042,71,0.0
11500,2023-04-21,0.6231,71,0.0
11500,2023-05-01,0.6268,71,0.0
11500,2023-05-16,0.6653,71,0.0
11500,2023-05-21,0.6464,71,0.0
11500,2023-05-26,0.6321,71,0.0
11500,2023-06-05,0.584,71,0.0
11500,2023-06-10,0.5896,71,0.0
11500,2023-06-20,0.5867,71,0.0
11500,2023-06-25,0.5806,71,0.0
11500,2023-07-05,0.5136,71,0.0
11500,2023-07-15,0.3501,71,0.0
11500,2023-07-25,0.3571,71,0.0
11500,2023-08-04,0.3776,71,0.0
11500,2023-08-09,0.3842,71,0.0
11500,2023-08-24,0.4082,71,0.0
11500,2023-09-03,0.4773,71,0.0
11500,2023-09-08,0.4675,71,0.0
11500,2023-09-13,0.4634,71,0.0
11500,2023-09-18,0.4876,71,0.0
11500,2023-09-23,0.4966,71,0.0
11500,2023-10-23,0.5797,71,0.0
11500,2023-11-07,0.5452,71,0.0
11500,2023-11-12,0.4627,71,0.0
11500,2023-12-02,0.6276,71,0.0
11500,2023-12-07,0.6228,71,0.0
11500,2023-12-17,0.5692,71,0.0
11500,2023-12-27,0.6003,71,0.0
11500,2024-01-16,0.5757,71,0.0
11500,2024-02-05,0.6113,71,0.0
11500,2024-03-11,0.2847,71,0.0
11500,2024-03-16,0.2953,71,0.0
11500,2024-03-31,0.4901,71,0.0
11500,2024-04-05,0.5236,71,0.0
11500,2024-04-10,0.5723,71,0.0
11500,2024-04-20,0.6387,71,0.0
11500,2024-04-30,0.5924,71,0.0
11500,2024-05-05,0.607,71,0.0
11500,2024-05-10,0.5487,71,0.0
11500,2024-05-20,0.5604,69,0.0282
11500,2024-06-09,0.5453,71,0.0
11500,2024-06-14,0.3449,71,0.0
11500,2024-06-19,0.3306,71,0.0
11500,2024-06-24,0.3373,71,0.0
11500,2024-06-29,0.3753,71,0.0
11500,2024-07-19,0.4622,71,0.0
11500,2024-07-24,0.4794,71,0.0
11500,2024-07-29,0.4573,71,0.0
11500,2024-08-03,0.424,71,0.0
11500,2024-08-08,0.4089,71,0.0
11500,2024-08-18,0.4386,71,0.0
11500,2024-08-23,0.4387,71,0.0
11500,2024-08-28,0.427,71,0.0
11500,2024-09-02,0.318,71,0.0
11500,2024-09-07,0.3089,71,0.0
11500,2024-09-12,0.35,71,0.0
11500,2024-09-22,0.3842,71,0.0
11500,2024-10-02,0.3191,71,0.0
11500,2024-10-07,0.3611,71,0.0
11500,2024-10-12,0.4466,71,0.0
11500,2024-10-17,0.3944,71,0.0
11500,2024-10-22,0.4463,71,0.0
11500,2024-11-01,0.464,71,0.0
11500,2024-11-11,0.5607,71,0.0
11500,2024-12-31,0.5498,71,0.0
11500,2025-01-15,0.4553,71,0.0
11500,2025-01-25,0.5405,71,0.0
11500,2025-02-09,0.5495,71,0.0
11500,2025-02-19,0.5291,71,0.0
11500,2025-02-24,0.5766,71,0.0
11500,2025-03-01,0.5795,71,0.0
11500,2025-03-06,0.5914,71,0.0
11500,2025-03-21,0.5913,71,0.0
11500,2025-03-31,0.6109,71,0.0
11500,2025-04-12,0.5261,71,0.0
11500,2025-04-15,0.5421,71,0.0
11500,2025-05-02,0.5952,71,0.0
11500,2025-05-05,0.5914,71,0.0
11500,2025-05-15,0.6159,71,0.0
11500,2025-05-20,0.5413,71,0.0
11500,2025-05-25,0.5464,71,0.0
11500,2025-05-30,0.5206,71,0.0
11500,2025-06-04,0.53,71,0.0
11500,2025-06-19,0.5369,71,0.0
11500,2025-06-29,0.5649,71,0.0
11500,2025-07-14,0.4091,71,0.0
11500,2025-07-19,0.3152,71,0.0
11500,2025-07-21,0.292,71,0.0
11500,2025-07-29,0.338,71,0.0
11500,2025-08-13,0.3486,71,0.0
11500,2025-08-30,0.3647,71,0.0
11500,2025-09-27,0.3268,71,0.0
11500,2025-10-22,0.4078,71,0.0
11500,2025-11-01,0.4423,71,0.0
11500,2025-11-11,0.4587,71,0.0
11500,2025-11-21,0.4641,71,0.0
11500,2025-11-26,0.4934,71,0.0
11500,2025-12-01,0.3808,71,0.0
11500,2025-12-06,0.3857,71,0.0
11500,2025-12-11,0.4503,71,0.0
11500,2025-12-26,0.4934,71,0.0
11500,2025-12-28,0.5288,71,0.0
11500,2026-01-10,0.5128,71,0.0
11500,2026-01-25,0.4044,71,0.0
11500,2026-02-19,0.4627,71,0.0
11500,2026-03-16,0.5398,71,0.0
11500,2026-03-21,0.4705,71,0.0
11500,2026-03-28,0.4595,71,0.0
11500,2026-04-17,0.4661,71,0.0
11500,2026-04-20,0.4744,71,0.0
11500,2026-04-30,0.4657,71,0.0
11500,2026-05-05,0.4817,71,0.0
11500,2026-05-07,0.4985,71,0.0
11500,2026-06-19,0.4784,71,0.0
11500,2026-06-29,0.4988,71,0.0
11500,2026-07-06,0.4944,71,0.0
11500,2026-07-09,0.4813,71,0.0
11500,2026-07-19,0.4387,71,0.0
11500,2026-07-26,0.4274,71,0.0
11500,2026-07-29,0.4276,71,0.0
11500,2026-08-08,0.4032,71,0.0
11500,2026-08-18,0.3112,71,0.0
11500,2026-08-23,0.3229,71,0.0
11500,2026-09-04,0.3689,71,0.0
12000,2019-01-07,0.6074,175,0.0
12000,2019-01-12,0.4321,165,0.0571
12000,2019-01-27,0.5222,175,0.0
12000,2019-02-01,0.5321,174,0.0057
12000,2019-02-11,0.4823,147,0.16
12000,2019-03-13,0.6473,175,0.0
12000,2019-03-18,0.3617,148,0.1543
12000,2019-03-23,0.4875,175,0.0
12000,2019-04-02,0.4905,175,0.0
12000,2019-04-12,0.4859,151,0.1371
12000,2019-04-22,0.4868,175,0.0
12000,2019-04-27,0.5403,175,0.0
12000,2019-05-12,0.3069,165,0.0571
12000,2019-05-22,0.6323,175,0.0
12000,2019-05-27,0.6273,175,0.0
12000,2019-06-11,0.4869,175,0.0
12000,2019-06-16,0.4947,175,0.0
12000,2019-06-26,0.5344,175,0.0
12000,2019-07-06,0.6234,175,0.0
12000,2019-07-11,0.5913,175,0.0
12000,2019-07-26,0.4079,175,0.0
12000,2019-07-31,0.4631,175,0.0
12000,2019-08-10,0.4276,175,0.0
12000,2019-08-15,0.4799,175,0.0
12000,2019-08-30,0.4048,175,0.0
12000,2019-09-09,0.4837,175,0.0
12000,2019-09-14,0.4159,175,0.0
12000,2019-09-19,0.193,174,0.0057
12000,2019-09-29,0.4831,175,0.0
12000,2019-10-04,0.4787,175,0.0
12000,2019-10-14,0.4783,175,0.0
12000,2019-10-19,0.408,175,0.0
12000,2019-11-03,0.3494,175,0.0
12000,2019-11-13,0.4598,175,0.0
12000,2019-11-23,0.3535,145,0.1714
12000,2020-01-27,0.4325,175,0.0
12000,2020-03-12,0.486,175,0.0
12000,2020-03-17,0.6571,175,0.0
12000,2020-03-22,0.5255,175,0.0
12000,2020-04-06,0.5058,175,0.0
12000,2020-04-21,0.4505,175,0.0
12000,2020-04-26,0.4117,175,0.0
12000,2020-05-01,0.3766,175,0.0
12000,2020-05-11,0.4551,175,0.0
12000,2020-05-16,0.4209,175,0.0
12000,2020-05-21,0.4196,175,0.0
12000,2020-05-26,0.4346,175,0.0
12000,2020-05-31,0.4243,175,0.0
12000,2020-06-20,0.4198,175,0.0
12000,2020-06-30,0.4353,175,0.0
12000,2020-07-10,0.4541,175,0.0
12000,2020-07-20,0.5067,175,0.0
12000,2020-07-25,0.4904,175,0.0
12000,2020-08-04,0.4903,175,0.0
12000,2020-08-09,0.4349,175,0.0
12000,2020-08-19,0.4235,175,0.0
12000,2020-08-24,0.4642,175,0.0
12000,2020-08-29,0.4552,175,0.0
12000,2020-09-03,0.4821,175,0.0
12000,2020-09-08,0.467,175,0.0
12000,2020-09-13,0.3957,175,0.0
12000,2020-10-13,0.4624,175,0.0
12000,2020-10-18,0.2287,175,0.0
12000,2020-10-23,0.5263,175,0.0
12000,2020-10-28,0.529,175,0.0
12000,2020-11-07,0.3772,175,0.0
12000,2020-11-22,0.444,169,0.0343
12000,2021-01-16,0.4316,175,0.0
12000,2021-01-21,0.4318,175,0.0
12000,2021-02-10,0.6067,175,0.0
12000,2021-02-15,0.6551,175,0.0
12000,2021-03-02,0.4782,175,0.0
12000,2021-03-12,0.5227,175,0.0
12000,2021-03-22,0.4882,175,0.0
12000,2021-03-27,0.5643,175,0.0
12000,2021-04-11,0.4865,175,0.0
12000,2021-04-26,0.4625,175,0.0
12000,2021-05-01,0.5216,175,0.0
12000,2021-05-06,0.5259,175,0.0
12000,2021-05-11,0.4771,175,0.0
12000,2021-05-21,0.5275,175,0.0
12000,2021-05-26,0.471,175,0.0
12000,2021-06-05,0.4782,175,0.0
12000,2021-06-15,0.4941,175,0.0
12000,2021-06-20,0.4544,175,0.0
12000,2021-06-25,0.2662,141,0.1943
12000,2021-07-10,0.4739,175,0.0
12000,2021-07-20,0.4748,175,0.0
12000,2021-07-25,0.4163,175,0.0
12000,2021-07-30,0.4271,175,0.0
12000,2021-08-09,0.424,175,0.0
12000,2021-08-19,0.4318,175,0.0
12000,2021-08-24,0.4558,175,0.0
12000,2021-09-03,0.4557,175,0.0
12000,2021-09-28,0.4672,175,0.0
12000,2021-10-08,0.4764,156,0.1086
12000,2021-10-23,0.5231,175,0.0
12000,2021-11-07,0.4191,175,0.0
12000,2021-11-17,0.4479,175,0.0
12000,2021-11-22,0.4986,175,0.0
12000,2021-11-27,0.5446,175,0.0
12000,2021-12-02,0.1984,175,0.0
12000,2021-12-12,0.5026,175,0.0
12000,2022-01-16,0.6814,163,0.0686
12000,2022-01-21,0.4164,175,0.0
12000,2022-01-26,0.5331,175,0.0
12000,2022-02-10,0.6102,175,0.0
12000,2022-03-02,0.6541,175,0.0
12000,2022-03-07,0.6313,175,0.0
12000,2022-03-17,0.6152,175,0.0
12000,2022-03-22,0.6037,175,0.0
12000,2022-04-11,0.4867,175,0.0
12000,2022-04-16,0.6584,143,0.1829
12000,2022-04-26,0.6282,175,0.0
12000,2022-05-01,0.6033,175,0.0
12000,2022-05-11,0.3926,175,0.0
12000,2022-05-21,0.4429,175,0.0
12000,2022-05-26,0.4471,175,0.0
12000,2022-06-05,0.482,175,0.0
12000,2022-06-25,0.5068,175,0.0
12000,2022-06-30,0.5331,175,0.0
12000,2022-07-05,0.5212,175,0.0
12000,2022-07-15,0.4632,175,0.0
12000,2022-07-20,0.4587,175,0.0
12000,2022-07-25,0.4284,175,0.0
12000,2022-08-14,0.4199,175,0.0
12000,2022-08-24,0.381,175,0.0
12000,2022-09-18,0.4831,175,0.0
12000,2022-09-23,0.4904,175,0.0
12000,2022-10-23,0.5479,175,0.0
12000,2022-11-17,0.5562,175,0.0
12000,2022-11-27,0.505,175,0.0
12000,2022-12-02,0.5023,175,0.0
12000,2023-01-16,0.5252,161,0.08
12000,2023-01-26,0.5765,175,0.0
12000,2023-02-05,0.4765,146,0.1657
12000,2023-02-20,0.6548,175,0.0
12000,2023-03-02,0.4979,175,0.0
12000,2023-03-17,0.4237,175,0.0
12000,2023-03-22,0.4742,175,0.0
12000,2023-04-01,0.6192,175,0.0
12000,2023-04-11,0.646,175,0.0
12000,2023-04-16,0.655,175,0.0
12000,2023-04-21,0.623,175,0.0
12000,2023-05-01,0.4071,175,0.0
12000,2023-05-16,0.5796,175,0.0
12000,2023-05-21,0.5923,175,0.0
12000,2023-05-26,0.5873,175,0.0
12000,2023-06-05,0.627,175,0.0
12000,2023-06-10,0.6077,175,0.0
12000,2023-06-20,0.6105,175,0.0
12000,2023-06-25,0.5996,175,0.0
12000,2023-07-05,0.4736,175,0.0
12000,2023-07-15,0.4366,175,0.0
12000,2023-07-25,0.4362,175,0.0
12000,2023-08-04,0.3099,175,0.0
12000,2023-08-09,0.3258,175,0.0
12000,2023-08-24,0.4089,175,0.0
12000,2023-09-03,0.5367,175,0.0
12000,2023-09-08,0.5374,175,0.0
12000,2023-09-13,0.4669,175,0.0
12000,2023-09-18,0.4827,175,0.0
12000,2023-09-23,0.5171,175,0.0
12000,2023-10-23,0.6118,175,0.0
12000,2023-11-07,0.5363,175,0.0
12000,2023-11-12,0.5303,175,0.0
12000,2023-12-02,0.619,175,0.0
12000,2023-12-07,0.6425,175,0.0
12000,2023-12-17,0.6387,155,0.1143
12000,2023-12-27,0.5019,175,0.0
12000,2024-01-11,0.4823,144,0.1771
12000,2024-01-16,0.5951,175,0.0
12000,2024-02-05,0.5762,175,0.0
12000,2024-03-11,0.6112,175,0.0
12000,2024-03-16,0.537,175,0.0
12000,2024-03-31,0.6277,175,0.0
12000,2024-04-05,0.6159,175,0.0
12000,2024-04-10,0.6493,175,0.0
12000,2024-04-20,0.6374,175,0.0
12000,2024-04-30,0.5227,175,0.0
12000,2024-05-05,0.5248,175,0.0
12000,2024-05-10,0.4862,175,0.0
12000,2024-05-20,0.5058,169,0.0343
12000,2024-06-09,0.4557,175,0.0
12000,2024-06-14,0.4394,175,0.0
12000,2024-06-19,0.4755,175,0.0
12000,2024-06-24,0.4825,175,0.0
12000,2024-06-29,0.4666,175,0.0
12000,2024-07-19,0.5247,175,0.0
12000,2024-07-24,0.5367,175,0.0
12000,2024-07-29,0.4862,175,0.0
12000,2024-08-03,0.5412,175,0.0
12000,2024-08-08,0.3927,175,0.0
12000,2024-08-18,0.3962,175,0.0
12000,2024-08-23,0.4119,175,0.0
12000,2024-08-28,0.4322,175,0.0
12000,2024-09-02,0.3767,175,0.0
12000,2024-09-07,0.3497,175,0.0
12000,2024-09-12,0.3538,175,0.0
12000,2024-09-22,0.3691,175,0.0
12000,2024-10-02,0.3537,175,0.0
12000,2024-10-07,0.4123,175,0.0
12000,2024-10-12,0.4861,175,0.0
12000,2024-10-17,0.3186,155,0.1143
12000,2024-10-22,0.3297,175,0.0
12000,2024-11-01,0.4552,163,0.0686
12000,2024-11-11,0.5769,175,0.0
12000,2024-12-31,0.6139,175,0.0
12000,2025-01-15,0.5142,175,0.0
12000,2025-01-25,0.596,175,0.0
12000,2025-02-09,0.6153,175,0.0
12000,2025-02-24,0.5413,175,0.0
12000,2025-03-01,0.5504,175,0.0
12000,2025-03-06,0.5885,175,0.0
12000,2025-03-21,0.6076,175,0.0
12000,2025-03-31,0.5208,175,0.0
12000,2025-04-12,0.6389,175,0.0
12000,2025-04-15,0.6543,175,0.0
12000,2025-05-02,0.7079,175,0.0
12000,2025-05-05,0.679,175,0.0
12000,2025-05-15,0.447,175,0.0
12000,2025-05-20,0.3812,175,0.0
12000,2025-05-25,0.4625,175,0.0
12000,2025-05-30,0.4906,175,0.0
12000,2025-06-04,0.534,175,0.0
12000,2025-06-19,0.5068,175,0.0
12000,2025-06-29,0.5645,175,0.0
12000,2025-07-14,0.4398,175,0.0
12000,2025-07-19,0.4562,175,0.0
12000,2025-07-21,0.4519,175,0.0
12000,2025-07-29,0.5129,175,0.0
12000,2025-08-13,0.4749,175,0.0
12000,2025-08-30,0.471,175,0.0
12000,2025-09-27,0.4439,175,0.0
12000,2025-10-22,0.5403,175,0.0
12000,2025-11-01,0.4696,154,0.12
12000,2025-11-11,0.3304,175,0.0
12000,2025-11-21,0.4458,175,0.0
12000,2025-11-26,0.494,175,0.0
12000,2025-12-01,0.5031,175,0.0
12000,2025-12-06,0.3582,175,0.0
12000,2025-12-11,0.4394,175,0.0
12000,2025-12-26,0.557,175,0.0
12000,2025-12-28,0.6077,175,0.0
12000,2026-01-10,0.56,175,0.0
12000,2026-01-25,0.4983,159,0.0914
12000,2026-03-16,0.5459,175,0.0
12000,2026-03-21,0.5937,175,0.0
12000,2026-03-28,0.5922,175,0.0
12000,2026-04-17,0.3341,175,0.0
12000,2026-04-20,0.3777,175,0.0
12000,2026-05-05,0.4431,175,0.0
12000,2026-05-07,0.4635,175,0.0
12000,2026-06-19,0.4785,175,0.0
12000,2026-06-29,0.509,175,0.0
12000,2026-07-06,0.5098,175,0.0
12000,2026-07-09,0.5103,175,0.0
12000,2026-07-19,0.5714,175,0.0
12000,2026-07-26,0.4863,175,0.0
12000,2026-07-29,0.4123,175,0.0
12000,2026-08-08,0.4694,156,0.1086
12000,2026-08-18,0.5097,175,0.0
12000,2026-08-23,0.5172,175,0.0
12000,2026-09-04,0.547,175,0.0
12500,2019-01-07,0.5421,136,0.0
12500,2019-01-27,0.4093,136,0.0
12500,2019-02-01,0.5797,136,0.0
12500,2019-02-11,0.4788,136,0.0
12500,2019-03-13,0.5377,136,0.0
12500,2019-03-23,0.6382,136,0.0
12500,2019-04-02,0.6749,136,0.0
12500,2019-04-12,0.5214,136,0.0
12500,2019-04-17,0.519,112,0.1765
12500,2019-04-22,0.4914,136,0.0
12500,2019-04-27,0.4956,136,0.0
12500,2019-05-22,0.6197,136,0.0
12500,2019-05-27,0.5633,136,0.0
12500,2019-06-11,0.5364,136,0.0
12500,2019-06-16,0.5183,136,0.0
12500,2019-06-26,0.4396,136,0.0
12500,2019-07-06,0.4749,136,0.0
12500,2019-07-11,0.4367,136,0.0
12500,2019-07-26,0.4694,136,0.0
12500,2019-07-31,0.5144,136,0.0
12500,2019-08-05,0.4421,135,0.0074
12500,2019-08-10,0.4121,136,0.0
12500,2019-08-15,0.5334,136,0.0
12500,2019-08-30,0.3336,136,0.0
12500,2019-09-09,0.4284,136,0.0
12500,2019-09-14,0.4742,136,0.0
12500,2019-09-19,0.3857,136,0.0
12500,2019-09-29,0.5574,136,0.0
12500,2019-10-04,0.451,136,0.0
12500,2019-10-14,0.4632,136,0.0
12500,2019-10-19,0.4093,136,0.0
12500,2019-10-24,0.3455,124,0.0882
12500,2019-11-03,0.4278,136,0.0
12500,2019-11-13,0.4976,136,0.0
12500,2019-12-28,0.4369,118,0.1324
12500,2020-01-27,0.5493,136,0.0
12500,2020-03-12,0.4128,136,0.0
12500,2020-03-17,0.5959,136,0.0
12500,2020-03-22,0.5444,136,0.0
12500,2020-04-01,0.5448,129,0.0515
12500,2020-04-06,0.6424,136,0.0
12500,2020-04-21,0.583,136,0.0
12500,2020-04-26,0.563,136,0.0
12500,2020-05-01,0.482,136,0.0
12500,2020-05-11,0.4977,136,0.0
12500,2020-05-16,0.4237,136,0.0
12500,2020-05-21,0.478,136,0.0
12500,2020-05-26,0.4508,136,0.0
12500,2020-05-31,0.4527,136,0.0
12500,2020-06-20,0.4976,136,0.0
12500,2020-06-30,0.3831,136,0.0
12500,2020-07-05,0.4409,126,0.0735
12500,2020-07-10,0.5208,136,0.0
12500,2020-07-20,0.5753,136,0.0
12500,2020-07-25,0.5184,136,0.0
12500,2020-08-04,0.4905,136,0.0
12500,2020-08-09,0.4291,136,0.0
12500,2020-08-19,0.4155,136,0.0
12500,2020-08-24,0.4546,136,0.0
12500,2020-08-29,0.4742,136,0.0
12500,2020-09-03,0.5752,136,0.0
12500,2020-09-08,0.4744,136,0.0
12500,2020-09-13,0.4714,136,0.0
12500,2020-10-13,0.4616,136,0.0
12500,2020-10-18,0.2592,135,0.0074
12500,2020-10-23,0.4507,136,0.0
12500,2020-10-28,0.4935,136,0.0
12500,2020-11-07,0.3644,136,0.0
12500,2020-11-22,0.2892,123,0.0956
12500,2021-01-16,0.4089,136,0.0
12500,2021-01-21,0.471,120,0.1176
12500,2021-02-10,0.4987,136,0.0
12500,2021-02-15,0.5273,134,0.0147
12500,2021-02-20,0.5611,112,0.1765
12500,2021-03-02,0.4348,136,0.0
12500,2021-03-12,0.3374,136,0.0
12500,2021-03-22,0.4966,136,0.0
12500,2021-03-27,0.5852,136,0.0
12500,2021-04-11,0.6056,136,0.0
12500,2021-04-26,0.3764,123,0.0956
12500,2021-05-01,0.5139,136,0.0
12500,2021-05-06,0.5166,136,0.0
12500,2021-05-11,0.4247,136,0.0
12500,2021-05-21,0.4087,136,0.0
12500,2021-05-26,0.4437,136,0.0
12500,2021-06-05,0.5181,136,0.0
12500,2021-06-15,0.49,136,0.0
12500,2021-06-20,0.3507,136,0.0
12500,2021-07-10,0.4143,136,0.0
12500,2021-07-20,0.4703,136,0.0
12500,2021-07-25,0.4597,136,0.0
12500,2021-07-30,0.4007,136,0.0
12500,2021-08-09,0.3932,136,0.0
12500,2021-08-19,0.4396,136,0.0
12500,2021-08-24,0.4153,136,0.0
12500,2021-09-03,0.4749,136,0.0
12500,2021-09-08,0.311,110,0.1912
12500,2021-09-28,0.5101,136,0.0
12500,2021-10-23,0.4619,136,0.0
12500,2021-11-07,0.5807,136,0.0
12500,2021-11-17,0.4569,136,0.0
12500,2021-11-22,0.4813,136,0.0
12500,2021-11-27,0.5934,136,0.0
12500,2021-12-02,0.3295,109,0.1985
12500,2021-12-12,0.4696,136,0.0
12500,2021-12-22,0.4387,136,0.0
12500,2022-01-16,0.6179,134,0.0147
12500,2022-01-21,0.4926,136,0.0
12500,2022-01-26,0.5534,136,0.0
12500,2022-02-10,0.5876,136,0.0
12500,2022-03-02,0.5768,136,0.0
12500,2022-03-07,0.6036,136,0.0
12500,2022-03-17,0.7033,136,0.0
12500,2022-03-22,0.6614,136,0.0
12500,2022-04-11,0.5726,136,0.0
12500,2022-04-26,0.6002,136,0.0
12500,2022-05-01,0.6232,136,0.0
12500,2022-05-11,0.5627,136,0.0
12500,2022-05-21,0.4903,136,0.0
12500,2022-05-26,0.4946,136,0.0
12500,2022-06-05,0.5372,136,0.0
12500,2022-06-25,0.5522,136,0.0
12500,2022-06-30,0.5632,136,0.0
12500,2022-07-05,0.5529,136,0.0
12500,2022-07-15,0.5911,136,0.0
12500,2022-07-20,0.485,136,0.0
12500,2022-07-25,0.424,136,0.0
12500,2022-08-14,0.4978,136,0.0
12500,2022-08-24,0.4003,136,0.0
12500,2022-09-18,0.5177,136,0.0
12500,2022-09-23,0.5639,136,0.0
12500,2022-10-23,0.577,136,0.0
12500,2022-11-17,0.5585,136,0.0
12500,2022-11-27,0.5952,136,0.0
12500,2022-12-02,0.5534,136,0.0
12500,2023-01-16,0.4303,117,0.1397
12500,2023-01-26,0.6197,136,0.0
12500,2023-02-20,0.6256,136,0.0
12500,2023-03-02,0.6337,136,0.0
12500,2023-03-17,0.6069,136,0.0
12500,2023-03-22,0.6608,136,0.0
12500,2023-04-01,0.5268,136,0.0
12500,2023-04-11,0.5792,136,0.0
12500,2023-04-16,0.572,136,0.0
12500,2023-04-21,0.6663,136,0.0
12500,2023-05-01,0.6662,136,0.0
12500,2023-05-16,0.6925,136,0.0
12500,2023-05-21,0.6397,136,0.0
12500,2023-05-26,0.4128,136,0.0
12500,2023-06-05,0.3685,136,0.0
12500,2023-06-10,0.3965,136,0.0
12500,2023-06-20,0.467,136,0.0
12500,2023-06-25,0.4699,136,0.0
12500,2023-07-05,0.4986,136,0.0
12500,2023-07-15,0.3338,136,0.0
12500,2023-07-25,0.4089,136,0.0
12500,2023-08-04,0.4389,136,0.0
12500,2023-08-09,0.4268,136,0.0
12500,2023-08-24,0.4249,136,0.0
12500,2023-09-03,0.5413,136,0.0
12500,2023-09-08,0.6241,136,0.0
12500,2023-09-13,0.5656,136,0.0
12500,2023-09-18,0.553,136,0.0
12500,2023-09-23,0.4468,136,0.0
12500,2023-10-23,0.5638,136,0.0
12500,2023-11-07,0.5997,136,0.0
12500,2023-11-12,0.5705,136,0.0
12500,2023-11-17,0.4677,136,0.0
12500,2023-12-02,0.6206,136,0.0
12500,2023-12-07,0.6004,136,0.0
12500,2023-12-27,0.5939,136,0.0
12500,2024-01-11,0.4355,136,0.0
12500,2024-01-16,0.5334,136,0.0
12500,2024-02-05,0.6192,136,0.0
12500,2024-03-11,0.4012,136,0.0
12500,2024-03-16,0.4354,136,0.0
12500,2024-03-31,0.6697,136,0.0
12500,2024-04-05,0.7051,136,0.0
12500,2024-04-10,0.6463,136,0.0
12500,2024-04-20,0.4904,136,0.0
12500,2024-04-30,0.5919,136,0.0
12500,2024-05-05,0.6436,136,0.0
12500,2024-05-10,0.4444,136,0.0
12500,2024-05-20,0.3964,136,0.0
12500,2024-06-09,0.4469,136,0.0
12500,2024-06-14,0.5027,136,0.0
12500,2024-06-19,0.5184,136,0.0
12500,2024-06-24,0.5746,136,0.0
12500,2024-06-29,0.4986,136,0.0
12500,2024-07-19,0.4984,136,0.0
12500,2024-07-24,0.5055,136,0.0
12500,2024-07-29,0.4475,136,0.0
12500,2024-08-03,0.4743,136,0.0
12500,2024-08-08,0.4114,136,0.0
12500,2024-08-18,0.4438,136,0.0
12500,2024-08-23,0.4581,136,0.0
12500,2024-08-28,0.345,136,0.0
12500,2024-09-02,0.2997,136,0.0
12500,2024-09-07,0.315,136,0.0
12500,2024-09-12,0.4118,136,0.0
12500,2024-09-22,0.4637,136,0.0
12500,2024-10-02,0.3936,136,0.0
12500,2024-10-07,0.4052,136,0.0
12500,2024-10-12,0.5337,136,0.0
12500,2024-10-22,0.2754,136,0.0
12500,2024-11-01,0.4825,130,0.0441
12500,2024-11-11,0.587,136,0.0
12500,2024-12-01,0.3846,136,0.0
12500,2024-12-06,0.5101,118,0.1324
12500,2024-12-31,0.5014,136,0.0
12500,2025-01-15,0.4049,136,0.0
12500,2025-01-25,0.5091,136,0.0
12500,2025-02-09,0.5816,136,0.0
12500,2025-02-24,0.6553,136,0.0
12500,2025-03-01,0.6535,136,0.0
12500,2025-03-06,0.6381,136,0.0
12500,2025-03-21,0.5408,136,0.0
12500,2025-03-31,0.3033,136,0.0
12500,2025-04-12,0.4343,136,0.0
12500,2025-04-15,0.4911,136,0.0
12500,2025-05-02,0.6226,136,0.0
12500,2025-05-05,0.599,136,0.0
12500,2025-05-15,0.5651,136,0.0
12500,2025-05-20,0.4861,136,0.0
12500,2025-05-25,0.5693,136,0.0
12500,2025-05-30,0.5496,136,0.0
12500,2025-06-04,0.4703,136,0.0
12500,2025-06-19,0.536,136,0.0
12500,2025-06-29,0.6038,136,0.0
12500,2025-07-14,0.3117,136,0.0
12500,2025-07-19,0.3287,136,0.0
12500,2025-07-21,0.3384,136,0.0
12500,2025-07-29,0.4039,136,0.0
12500,2025-08-13,0.4185,136,0.0
12500,2025-08-30,0.4794,136,0.0
12500,2025-09-27,0.4437,136,0.0
12500,2025-10-22,0.3974,136,0.0
12500,2025-11-11,0.4796,136,0.0
12500,2025-11-21,0.4346,136,0.0
12500,2025-11-26,0.4944,136,0.0
12500,2025-12-01,0.5202,136,0.0
12500,2025-12-06,0.5327,136,0.0
12500,2025-12-11,0.5606,136,0.0
12500,2025-12-26,0.5833,136,0.0
12500,2025-12-28,0.6327,136,0.0
12500,2026-01-10,0.3104,136,0.0
12500,2026-03-16,0.4625,136,0.0
12500,2026-03-21,0.4894,136,0.0
12500,2026-03-26,0.4659,135,0.0074
12500,2026-03-28,0.5381,136,0.0
12500,2026-04-05,0.5983,117,0.1397
12500,2026-04-17,0.6653,136,0.0
12500,2026-04-20,0.6624,136,0.0
12500,2026-05-05,0.6185,136,0.0
12500,2026-05-07,0.6077,136,0.0
12500,2026-06-19,0.5213,136,0.0
12500,2026-06-29,0.5873,136,0.0
12500,2026-07-06,0.5534,136,0.0
12500,2026-07-09,0.5528,136,0.0
12500,2026-07-19,0.5727,136,0.0
12500,2026-07-26,0.6033,136,0.0
12500,2026-07-29,0.4863,136,0.0
12500,2026-08-18,0.4208,136,0.0
12500,2026-08-23,0.4915,136,0.0
12500,2026-09-04,0.5931,136,0.0
13000,2019-01-17,0.3421,275,0.0072
13000,2019-01-27,0.5057,277,0.0
13000,2019-02-01,0.3613,277,0.0
13000,2019-03-23,0.3613,277,0.0
13000,2019-04-02,0.3973,277,0.0
13000,2019-04-12,0.3181,277,0.0
13000,2019-04-22,0.3224,277,0.0
13000,2019-04-27,0.4433,277,0.0
13000,2019-05-22,0.3692,277,0.0
13000,2019-05-27,0.4242,277,0.0
13000,2019-06-11,0.4205,277,0.0
13000,2019-06-16,0.4003,277,0.0
13000,2019-06-26,0.4088,277,0.0
13000,2019-07-06,0.4897,277,0.0
13000,2019-07-11,0.4627,277,0.0
13000,2019-07-26,0.377,277,0.0
13000,2019-07-31,0.412,277,0.0
13000,2019-08-05,0.275,277,0.0
13000,2019-08-10,0.3725,277,0.0
13000,2019-08-15,0.4054,277,0.0
13000,2019-08-30,0.3464,277,0.0
13000,2019-09-09,0.3775,277,0.0
13000,2019-09-14,0.2834,270,0.0253
13000,2019-09-19,0.3346,277,0.0
13000,2019-09-29,0.4083,277,0.0
13000,2019-10-04,0.3888,277,0.0
13000,2019-10-14,0.4123,277,0.0
13000,2019-10-19,0.365,277,0.0
13000,2019-11-03,0.3543,275,0.0072
13000,2019-11-13,0.3726,277,0.0
13000,2019-12-28,0.2644,270,0.0253
13000,2020-01-27,0.4239,277,0.0
13000,2020-03-07,0.2905,277,0.0
13000,2020-03-12,0.4403,277,0.0
13000,2020-03-17,0.5451,277,0.0
13000,2020-03-22,0.5012,277,0.0
13000,2020-04-01,0.3803,266,0.0397
13000,2020-04-06,0.4431,277,0.0
13000,2020-04-21,0.3845,277,0.0
13000,2020-04-26,0.3415,277,0.0
13000,2020-05-01,0.3149,277,0.0
13000,2020-05-11,0.392,277,0.0
13000,2020-05-16,0.3687,277,0.0
13000,2020-05-21,0.3689,277,0.0
13000,2020-05-26,0.3653,277,0.0
13000,2020-05-31,0.3692,277,0.0
13000,2020-06-20,0.3729,277,0.0
13000,2020-06-30,0.4244,243,0.1227
13000,2020-07-05,0.2795,251,0.0939
13000,2020-07-10,0.3575,277,0.0
13000,2020-07-20,0.4009,277,0.0
13000,2020-07-25,0.3852,277,0.0
13000,2020-08-04,0.4004,277,0.0
13000,2020-08-09,0.369,277,0.0
13000,2020-08-19,0.3494,277,0.0
13000,2020-08-24,0.3771,277,0.0
13000,2020-08-29,0.3616,277,0.0
13000,2020-09-03,0.3847,277,0.0
13000,2020-09-08,0.3618,277,0.0
13000,2020-09-13,0.3497,277,0.0
13000,2020-10-08,0.3614,222,0.1986
13000,2020-10-13,0.377,277,0.0
13000,2020-10-18,0.3146,277,0.0
13000,2020-10-23,0.4002,277,0.0
13000,2020-10-28,0.4342,277,0.0
13000,2020-11-07,0.3962,277,0.0
13000,2020-11-27,0.4035,260,0.0614
13000,2021-01-16,0.3338,277,0.0
13000,2021-01-21,0.3366,241,0.13
13000,2021-02-10,0.4465,277,0.0
13000,2021-02-15,0.3804,277,0.0
13000,2021-02-20,0.3845,277,0.0
13000,2021-03-02,0.3807,277,0.0
13000,2021-03-12,0.4795,277,0.0
13000,2021-03-22,0.5094,277,0.0
13000,2021-03-27,0.5101,277,0.0
13000,2021-04-01,0.4208,226,0.1841
13000,2021-04-11,0.4008,277,0.0
13000,2021-04-26,0.4006,261,0.0578
13000,2021-05-01,0.4283,277,0.0
13000,2021-05-06,0.4318,277,0.0
13000,2021-05-11,0.392,277,0.0
13000,2021-05-21,0.424,277,0.0
13000,2021-05-26,0.3691,277,0.0
13000,2021-06-05,0.4121,277,0.0
13000,2021-06-15,0.4045,277,0.0
13000,2021-06-20,0.353,277,0.0
13000,2021-07-10,0.3816,277,0.0
13000,2021-07-20,0.4041,277,0.0
13000,2021-07-25,0.3581,277,0.0
13000,2021-07-30,0.3621,277,0.0
13000,2021-08-09,0.3534,277,0.0
13000,2021-08-19,0.349,277,0.0
13000,2021-08-24,0.3343,277,0.0
13000,2021-09-03,0.3849,277,0.0
13000,2021-09-28,0.4049,277,0.0
13000,2021-10-13,0.3883,243,0.1227
13000,2021-10-23,0.4348,277,0.0
13000,2021-11-07,0.4162,277,0.0
13000,2021-11-17,0.4085,277,0.0
13000,2021-11-22,0.4591,277,0.0
13000,2021-11-27,0.4789,277,0.0
13000,2021-12-12,0.3723,277,0.0
13000,2021-12-22,0.4042,277,0.0
13000,2022-01-16,0.4783,277,0.0
13000,2022-01-21,0.3965,277,0.0
13000,2022-01-26,0.542,277,0.0
13000,2022-02-10,0.5292,277,0.0
13000,2022-03-02,0.4717,277,0.0
13000,2022-03-07,0.4756,277,0.0
13000,2022-03-17,0.53,275,0.0072
13000,2022-03-22,0.5409,277,0.0
13000,2022-04-11,0.4001,277,0.0
13000,2022-04-21,0.4162,227,0.1805
13000,2022-04-26,0.4589,277,0.0
13000,2022-05-01,0.4227,277,0.0
13000,2022-05-11,0.322,277,0.0
13000,2022-05-21,0.3853,277,0.0
13000,2022-05-26,0.3806,277,0.0
13000,2022-06-05,0.3891,277,0.0
13000,2022-06-25,0.3027,277,0.0
13000,2022-06-30,0.3115,277,0.0
13000,2022-07-05,0.3342,277,0.0
13000,2022-07-10,0.3173,270,0.0253
13000,2022-07-15,0.3646,277,0.0
13000,2022-07-20,0.3063,277,0.0
13000,2022-07-25,0.3342,277,0.0
13000,2022-08-14,0.3741,277,0.0
13000,2022-08-24,0.3569,277,0.0
13000,2022-09-18,0.4161,277,0.0
13000,2022-09-23,0.4317,277,0.0
13000,2022-10-23,0.4669,277,0.0
13000,2022-11-17,0.4785,277,0.0
13000,2022-11-27,0.4318,277,0.0
13000,2022-12-02,0.397,277,0.0
13000,2022-12-12,0.3373,227,0.1805
13000,2023-01-26,0.4394,277,0.0
13000,2023-02-20,0.5924,277,0.0
13000,2023-03-02,0.5402,277,0.0
13000,2023-03-17,0.4271,277,0.0
13000,2023-03-22,0.4508,277,0.0
13000,2023-04-01,0.526,277,0.0
13000,2023-04-11,0.5491,277,0.0
13000,2023-04-16,0.5717,277,0.0
13000,2023-04-21,0.5884,277,0.0
13000,2023-05-01,0.5718,277,0.0
13000,2023-05-16,0.5171,277,0.0
13000,2023-05-21,0.3262,277,0.0
13000,2023-05-26,0.2867,277,0.0
13000,2023-06-05,0.3533,277,0.0
13000,2023-06-10,0.346,277,0.0
13000,2023-06-20,0.3762,277,0.0
13000,2023-06-25,0.385,277,0.0
13000,2023-07-05,0.4082,277,0.0
13000,2023-07-15,0.4078,277,0.0
13000,2023-07-25,0.4313,277,0.0
13000,2023-08-04,0.3924,277,0.0
13000,2023-08-09,0.337,277,0.0
13000,2023-08-24,0.2759,277,0.0
13000,2023-09-03,0.3895,277,0.0
13000,2023-09-08,0.3259,277,0.0
13000,2023-09-13,0.3533,277,0.0
13000,2023-09-18,0.3843,277,0.0
13000,2023-09-23,0.4279,277,0.0
13000,2023-10-23,0.4515,277,0.0
13000,2023-11-07,0.4898,277,0.0
13000,2023-11-12,0.4506,277,0.0
13000,2023-11-17,0.4043,277,0.0
13000,2023-11-22,0.2874,271,0.0217
13000,2023-12-02,0.4742,277,0.0
13000,2023-12-07,0.4863,277,0.0
13000,2023-12-27,0.4861,277,0.0
13000,2024-01-11,0.4817,277,0.0
13000,2024-01-16,0.5243,277,0.0
13000,2024-02-05,0.338,277,0.0
13000,2024-03-01,0.3921,227,0.1805
13000,2024-03-11,0.5118,277,0.0
13000,2024-03-16,0.509,277,0.0
13000,2024-03-31,0.565,277,0.0
13000,2024-04-05,0.4199,277,0.0
13000,2024-04-10,0.2987,277,0.0
13000,2024-04-20,0.4173,277,0.0
13000,2024-04-30,0.4427,277,0.0
13000,2024-05-05,0.4546,277,0.0
13000,2024-05-10,0.3612,277,0.0
13000,2024-05-20,0.4316,277,0.0
13000,2024-05-30,0.467,277,0.0
13000,2024-06-09,0.3541,277,0.0
13000,2024-06-14,0.3653,277,0.0
13000,2024-06-19,0.4005,277,0.0
13000,2024-06-24,0.393,277,0.0
13000,2024-06-29,0.3609,277,0.0
13000,2024-07-19,0.3538,277,0.0
13000,2024-07-24,0.3495,277,0.0
13000,2024-07-29,0.3228,277,0.0
13000,2024-08-03,0.3719,277,0.0
13000,2024-08-08,0.2948,277,0.0
13000,2024-08-18,0.307,277,0.0
13000,2024-08-23,0.3221,277,0.0
13000,2024-08-28,0.3347,277,0.0
13000,2024-09-02,0.3066,277,0.0
13000,2024-09-07,0.3339,277,0.0
13000,2024-09-12,0.3377,277,0.0
13000,2024-09-22,0.3498,277,0.0
13000,2024-10-02,0.2948,277,0.0
13000,2024-10-07,0.3427,277,0.0
13000,2024-10-12,0.4038,277,0.0
13000,2024-10-22,0.3498,277,0.0
13000,2024-11-01,0.3999,271,0.0217
13000,2024-11-11,0.4911,277,0.0
13000,2024-12-01,0.3016,277,0.0
13000,2024-12-06,0.4039,277,0.0
13000,2024-12-31,0.4977,277,0.0
13000,2025-01-05,0.5251,275,0.0072
13000,2025-01-15,0.4548,277,0.0
13000,2025-01-25,0.4627,263,0.0505
13000,2025-02-09,0.5109,277,0.0
13000,2025-02-14,0.3546,245,0.1155
13000,2025-02-24,0.5107,277,0.0
13000,2025-03-01,0.4863,277,0.0
13000,2025-03-06,0.502,277,0.0
13000,2025-03-21,0.5064,277,0.0
13000,2025-03-31,0.2598,277,0.0
13000,2025-04-12,0.4865,277,0.0
13000,2025-04-15,0.4904,277,0.0
13000,2025-05-02,0.5474,277,0.0
13000,2025-05-05,0.4322,277,0.0
13000,2025-05-15,0.4347,277,0.0
13000,2025-05-20,0.3928,277,0.0
13000,2025-05-22,0.4269,227,0.1805
13000,2025-05-25,0.4549,277,0.0
13000,2025-05-30,0.4391,277,0.0
13000,2025-06-04,0.4291,277,0.0
13000,2025-06-19,0.377,277,0.0
13000,2025-06-29,0.4502,277,0.0
13000,2025-07-09,0.1818,226,0.1841
13000,2025-07-14,0.3147,277,0.0
13000,2025-07-19,0.3171,277,0.0
13000,2025-07-21,0.3137,277,0.0
13000,2025-07-29,0.3621,277,0.0
13000,2025-08-13,0.3625,277,0.0
13000,2025-08-30,0.3712,277,0.0
13000,2025-09-27,0.3885,277,0.0
13000,2025-10-22,0.3567,277,0.0
13000,2025-11-01,0.3136,227,0.1805
13000,2025-11-11,0.4277,277,0.0
13000,2025-11-21,0.4662,277,0.0
13000,2025-12-01,0.4508,277,0.0
13000,2025-12-06,0.3536,277,0.0
13000,2025-12-08,0.2514,277,0.0
13000,2025-12-11,0.4307,277,0.0
13000,2025-12-26,0.4362,277,0.0
13000,2025-12-28,0.5251,277,0.0
13000,2026-01-10,0.5184,277,0.0
13000,2026-03-16,0.4669,277,0.0
13000,2026-03-21,0.5259,277,0.0
13000,2026-03-28,0.4661,277,0.0
13000,2026-04-17,0.5175,277,0.0
13000,2026-04-20,0.5531,277,0.0
13000,2026-05-05,0.2925,277,0.0
13000,2026-05-07,0.2993,277,0.0
13000,2026-06-19,0.3972,277,0.0
13000,2026-06-29,0.4278,277,0.0
13000,2026-07-06,0.4358,277,0.0
13000,2026-07-09,0.4085,277,0.0
13000,2026-07-19,0.4401,277,0.0
13000,2026-07-26,0.4663,277,0.0
13000,2026-07-29,0.443,277,0.0
13000,2026-08-18,0.4705,277,0.0
13000,2026-08-23,0.4635,277,0.0
13000,2026-09-04,0.4707,277,0.0
13500,2019-01-12,0.4605,62,0.0462
13500,2019-01-17,0.4434,65,0.0
13500,2019-01-27,0.5096,65,0.0
13500,2019-02-01,0.4985,65,0.0
13500,2019-03-23,0.6043,65,0.0
13500,2019-04-02,0.5746,65,0.0
13500,2019-04-12,0.5875,65,0.0
13500,2019-04-22,0.3968,65,0.0
13500,2019-04-27,0.5436,65,0.0
13500,2019-05-12,0.4486,65,0.0
13500,2019-05-22,0.498,65,0.0
13500,2019-05-27,0.5637,65,0.0
13500,2019-06-11,0.4978,65,0.0
13500,2019-06-16,0.4229,65,0.0
13500,2019-06-26,0.4521,65,0.0
13500,2019-07-06,0.5346,65,0.0
13500,2019-07-11,0.4895,65,0.0
13500,2019-07-26,0.388,61,0.0615
13500,2019-07-31,0.4434,65,0.0
13500,2019-08-05,0.2525,65,0.0
13500,2019-08-10,0.3861,65,0.0
13500,2019-08-15,0.424,65,0.0
13500,2019-08-30,0.3566,65,0.0
13500,2019-09-09,0.4467,65,0.0
13500,2019-09-14,0.3767,65,0.0
13500,2019-09-19,0.3853,65,0.0
13500,2019-09-29,0.4777,65,0.0
13500,2019-10-04,0.4199,65,0.0
13500,2019-10-14,0.4849,65,0.0
13500,2019-10-19,0.4315,65,0.0
13500,2019-11-03,0.3721,65,0.0
13500,2019-11-13,0.3932,65,0.0
13500,2019-12-28,0.4389,58,0.1077
13500,2020-01-27,0.4261,65,0.0
13500,2020-03-07,0.3972,65,0.0
13500,2020-03-12,0.558,65,0.0
13500,2020-03-17,0.6137,65,0.0
13500,2020-03-22,0.5965,65,0.0
13500,2020-04-01,0.3964,59,0.0923
13500,2020-04-06,0.5724,65,0.0
13500,2020-04-21,0.5537,65,0.0
13500,2020-04-26,0.5174,65,0.0
13500,2020-05-01,0.4565,65,0.0
13500,2020-05-11,0.5483,65,0.0
13500,2020-05-16,0.5183,65,0.0
13500,2020-05-21,0.5092,65,0.0
13500,2020-05-26,0.4876,65,0.0
13500,2020-05-31,0.4845,65,0.0
13500,2020-06-20,0.5165,65,0.0
13500,2020-07-10,0.4583,65,0.0
13500,2020-07-20,0.5059,65,0.0
13500,2020-07-25,0.4628,65,0.0
13500,2020-08-04,0.4477,65,0.0
13500,2020-08-09,0.4264,65,0.0
13500,2020-08-19,0.4558,63,0.0308
13500,2020-08-24,0.4677,65,0.0
13500,2020-08-29,0.4515,65,0.0
13500,2020-09-03,0.4718,65,0.0
13500,2020-09-08,0.4469,65,0.0
13500,2020-09-13,0.4168,65,0.0
13500,2020-10-08,0.3649,63,0.0308
13500,2020-10-13,0.4078,65,0.0
13500,2020-10-18,0.3802,65,0.0
13500,2020-10-23,0.483,65,0.0
13500,2020-10-28,0.5093,65,0.0
13500,2020-11-07,0.4437,65,0.0
13500,2020-11-27,0.4576,55,0.1538
13500,2021-01-16,0.3999,65,0.0
13500,2021-02-10,0.4613,65,0.0
13500,2021-02-15,0.5016,65,0.0
13500,2021-02-20,0.5071,65,0.0
13500,2021-03-02,0.4547,65,0.0
13500,2021-03-12,0.4451,65,0.0
13500,2021-03-22,0.5145,65,0.0
13500,2021-03-27,0.5543,65,0.0
13500,2021-04-01,0.5001,56,0.1385
13500,2021-04-11,0.5876,65,0.0
13500,2021-04-26,0.5447,59,0.0923
13500,2021-05-01,0.529,65,0.0
13500,2021-05-06,0.5572,65,0.0
13500,2021-05-11,0.5056,65,0.0
13500,2021-05-21,0.5611,65,0.0
13500,2021-05-26,0.5363,65,0.0
13500,2021-06-05,0.5479,65,0.0
13500,2021-06-15,0.5487,65,0.0
13500,2021-06-20,0.4304,63,0.0308
13500,2021-07-10,0.4974,65,0.0
13500,2021-07-20,0.4993,65,0.0
13500,2021-07-25,0.4747,65,0.0
13500,2021-07-30,0.4006,63,0.0308
13500,2021-08-09,0.3929,65,0.0
13500,2021-08-19,0.3529,65,0.0
13500,2021-08-24,0.3666,65,0.0
13500,2021-09-03,0.4327,65,0.0
13500,2021-09-23,0.4109,65,0.0
13500,2021-09-28,0.467,65,0.0
13500,2021-10-13,0.4671,65,0.0
13500,2021-10-23,0.4857,65,0.0
13500,2021-11-07,0.5027,65,0.0
13500,2021-11-17,0.4831,65,0.0
13500,2021-11-22,0.5289,65,0.0
13500,2021-11-27,0.5524,65,0.0
13500,2021-12-02,0.3877,53,0.1846
13500,2021-12-12,0.451,65,0.0
13500,2021-12-22,0.5134,65,0.0
13500,2022-01-16,0.5835,65,0.0
13500,2022-01-21,0.4966,65,0.0
13500,2022-01-26,0.549,65,0.0
13500,2022-02-10,0.5722,65,0.0
13500,2022-03-02,0.5841,65,0.0
13500,2022-03-07,0.5531,65,0.0
13500,2022-03-17,0.5982,65,0.0
13500,2022-03-22,0.5911,65,0.0
13500,2022-04-11,0.4827,65,0.0
13500,2022-04-21,0.5009,65,0.0
13500,2022-04-26,0.5252,65,0.0
13500,2022-05-01,0.5481,65,0.0
13500,2022-05-11,0.4661,65,0.0
13500,2022-05-21,0.3968,65,0.0
13500,2022-05-26,0.3975,65,0.0
13500,2022-06-05,0.4003,65,0.0
13500,2022-06-25,0.47,65,0.0
13500,2022-06-30,0.4555,65,0.0
13500,2022-07-05,0.4515,65,0.0
13500,2022-07-10,0.3937,65,0.0
13500,2022-07-15,0.433,65,0.0
13500,2022-07-20,0.3043,61,0.0615
13500,2022-07-25,0.3648,65,0.0
13500,2022-08-14,0.4424,65,0.0
13500,2022-08-24,0.4162,65,0.0
13500,2022-09-18,0.4948,65,0.0
13500,2022-09-23,0.5068,65,0.0
13500,2022-10-23,0.5169,65,0.0
13500,2022-11-17,0.5575,65,0.0
13500,2022-11-27,0.4933,65,0.0
13500,2022-12-02,0.3672,65,0.0
13500,2022-12-12,0.3692,65,0.0
13500,2023-01-26,0.4079,65,0.0
13500,2023-02-20,0.6229,65,0.0
13500,2023-03-02,0.6671,65,0.0
13500,2023-03-17,0.6422,65,0.0
13500,2023-03-22,0.6199,65,0.0
13500,2023-04-01,0.651,65,0.0
13500,2023-04-11,0.6585,65,0.0
13500,2023-04-16,0.7007,65,0.0
13500,2023-04-21,0.6708,65,0.0
13500,2023-05-01,0.6819,65,0.0
13500,2023-05-16,0.6637,65,0.0
13500,2023-05-21,0.5869,65,0.0
13500,2023-05-26,0.4499,65,0.0
13500,2023-06-05,0.4079,65,0.0
13500,2023-06-10,0.3458,65,0.0
13500,2023-06-20,0.3759,65,0.0
13500,2023-06-25,0.3639,65,0.0
13500,2023-06-30,0.3459,65,0.0
13500,2023-07-05,0.4128,65,0.0
13500,2023-07-15,0.4241,65,0.0
13500,2023-07-25,0.4703,65,0.0
13500,2023-08-04,0.4748,65,0.0
13500,2023-08-09,0.4319,65,0.0
13500,2023-08-24,0.4643,65,0.0
13500,2023-09-03,0.5263,65,0.0
13500,2023-09-08,0.5161,65,0.0
13500,2023-09-13,0.5253,65,0.0
13500,2023-09-18,0.5286,65,0.0
13500,2023-09-23,0.5107,65,0.0
13500,2023-10-23,0.5615,65,0.0
13500,2023-11-07,0.593,65,0.0
13500,2023-11-12,0.542,65,0.0
13500,2023-11-17,0.589,65,0.0
13500,2023-11-22,0.45,65,0.0
13500,2023-12-02,0.5923,65,0.0
13500,2023-12-07,0.5723,65,0.0
13500,2023-12-27,0.5645,65,0.0
13500,2024-01-11,0.5072,65,0.0
13500,2024-01-16,0.5411,65,0.0
13500,2024-02-05,0.4336,65,0.0
13500,2024-03-01,0.5041,65,0.0
13500,2024-03-11,0.5883,65,0.0
13500,2024-03-16,0.6063,65,0.0
13500,2024-03-31,0.6413,65,0.0
13500,2024-04-05,0.6314,65,0.0
13500,2024-04-10,0.6505,65,0.0
13500,2024-04-20,0.6632,65,0.0
13500,2024-04-30,0.6106,65,0.0
13500,2024-05-05,0.6084,65,0.0
13500,2024-05-10,0.5475,65,0.0
13500,2024-05-20,0.4929,65,0.0
13500,2024-05-30,0.5265,65,0.0
13500,2024-06-09,0.4755,65,0.0
13500,2024-06-14,0.5121,65,0.0
13500,2024-06-19,0.5355,65,0.0
13500,2024-06-24,0.5526,65,0.0
13500,2024-06-29,0.4984,65,0.0
13500,2024-07-14,0.6112,58,0.1077
13500,2024-07-19,0.4436,65,0.0
13500,2024-07-24,0.3611,65,0.0
13500,2024-07-29,0.3644,65,0.0
13500,2024-08-03,0.3612,65,0.0
13500,2024-08-08,0.3647,65,0.0
13500,2024-08-18,0.3899,65,0.0
13500,2024-08-23,0.3716,65,0.0
13500,2024-08-28,0.3726,65,0.0
13500,2024-09-02,0.5087,65,0.0
13500,2024-09-07,0.5206,65,0.0
13500,2024-09-12,0.4241,65,0.0
13500,2024-09-22,0.4023,65,0.0
13500,2024-10-02,0.4116,65,0.0
13500,2024-10-07,0.3819,65,0.0
13500,2024-10-12,0.4678,65,0.0
13500,2024-10-17,0.3845,65,0.0
13500,2024-10-22,0.3956,65,0.0
13500,2024-11-01,0.4572,60,0.0769
13500,2024-11-11,0.5652,65,0.0
13500,2024-12-01,0.3096,65,0.0
13500,2024-12-06,0.408,65,0.0
13500,2024-12-31,0.5384,65,0.0
13500,2025-01-05,0.627,65,0.0
13500,2025-01-15,0.5328,65,0.0
13500,2025-01-25,0.5138,53,0.1846
13500,2025-02-09,0.5606,65,0.0
13500,2025-02-14,0.4776,59,0.0923
13500,2025-02-24,0.5809,65,0.0
13500,2025-03-01,0.6061,65,0.0
13500,2025-03-06,0.6264,65,0.0
13500,2025-03-21,0.6069,65,0.0
13500,2025-03-31,0.2769,65,0.0
13500,2025-04-12,0.5176,65,0.0
13500,2025-04-15,0.521,65,0.0
13500,2025-05-02,0.5807,65,0.0
13500,2025-05-05,0.5449,65,0.0
13500,2025-05-15,0.6281,65,0.0
13500,2025-05-20,0.5671,65,0.0
13500,2025-05-22,0.571,65,0.0
13500,2025-05-25,0.5958,65,0.0
13500,2025-05-30,0.58,65,0.0
13500,2025-06-04,0.4215,65,0.0
13500,2025-06-19,0.4317,65,0.0
13500,2025-06-29,0.4766,65,0.0
13500,2025-07-09,0.2593,65,0.0
13500,2025-07-14,0.4037,65,0.0
13500,2025-07-19,0.4156,65,0.0
13500,2025-07-21,0.4053,65,0.0
13500,2025-07-29,0.4588,65,0.0
13500,2025-08-13,0.4401,65,0.0
13500,2025-08-30,0.4119,65,0.0
13500,2025-09-27,0.4479,65,0.0
13500,2025-10-22,0.4934,65,0.0
13500,2025-11-01,0.4115,59,0.0923
13500,2025-11-11,0.5437,65,0.0
13500,2025-11-21,0.4979,65,0.0
13500,2025-12-01,0.4751,65,0.0
13500,2025-12-06,0.4635,65,0.0
13500,2025-12-08,0.512,65,0.0
13500,2025-12-11,0.5339,65,0.0
13500,2025-12-26,0.5102,65,0.0
13500,2025-12-28,0.5834,65,0.0
13500,2026-01-10,0.6068,65,0.0
13500,2026-03-16,0.5758,65,0.0
13500,2026-03-21,0.6045,65,0.0
13500,2026-03-28,0.5628,65,0.0
13500,2026-04-17,0.5797,65,0.0
13500,2026-04-20,0.5846,65,0.0
13500,2026-05-05,0.5418,65,0.0
13500,2026-05-07,0.5397,65,0.0
13500,2026-06-19,0.3984,65,0.0
13500,2026-06-29,0.4074,65,0.0
13500,2026-07-06,0.4351,65,0.0
13500,2026-07-09,0.4596,65,0.0
13500,2026-07-19,0.5166,65,0.0
13500,2026-07-26,0.5143,65,0.0
13500,2026-07-29,0.4664,65,0.0
13500,2026-08-08,0.3024,63,0.0308
13500,2026-08-18,0.5215,65,0.0
13500,2026-08-23,0.5048,65,0.0
13500,2026-09-04,0.5442,65,0.0
14000,2019-01-12,0.3417,212,0.1486
14000,2019-01-17,0.412,225,0.0964
14000,2019-01-22,0.3813,242,0.0281
14000,2019-01-27,0.5369,247,0.008
14000,2019-02-01,0.4196,248,0.004
14000,2019-03-23,0.425,249,0.0
14000,2019-04-02,0.4122,249,0.0
14000,2019-04-12,0.3572,248,0.004
14000,2019-04-22,0.3143,249,0.0
14000,2019-04-27,0.389,249,0.0
14000,2019-05-22,0.3608,249,0.0
14000,2019-05-27,0.39,249,0.0
14000,2019-06-11,0.3799,249,0.0
14000,2019-06-16,0.3881,249,0.0
14000,2019-06-26,0.4005,249,0.0
14000,2019-07-06,0.4828,249,0.0
14000,2019-07-11,0.4478,249,0.0
14000,2019-07-26,0.3347,249,0.0
14000,2019-07-31,0.3918,249,0.0
14000,2019-08-05,0.2162,244,0.0201
14000,2019-08-10,0.3618,249,0.0
14000,2019-08-15,0.3803,249,0.0
14000,2019-08-30,0.3074,249,0.0
14000,2019-09-09,0.3496,249,0.0
14000,2019-09-14,0.3145,221,0.1124
14000,2019-09-19,0.1547,249,0.0
14000,2019-09-29,0.3729,249,0.0
14000,2019-10-04,0.3465,249,0.0
14000,2019-10-14,0.3696,249,0.0
14000,2019-10-19,0.2957,245,0.0161
14000,2019-11-03,0.2984,249,0.0
14000,2019-11-13,0.2989,249,0.0
14000,2019-12-28,0.341,244,0.0201
14000,2020-01-27,0.4586,249,0.0
14000,2020-03-07,0.2715,245,0.0161
14000,2020-03-12,0.4248,248,0.004
14000,2020-03-17,0.4401,248,0.004
14000,2020-03-22,0.4202,248,0.004
14000,2020-04-01,0.3029,206,0.1727
14000,2020-04-06,0.4082,248,0.004
14000,2020-04-21,0.3414,248,0.004
14000,2020-04-26,0.2912,249,0.0
14000,2020-05-01,0.279,249,0.0
14000,2020-05-11,0.3486,249,0.0
14000,2020-05-16,0.3607,249,0.0
14000,2020-05-21,0.3192,249,0.0
14000,2020-05-26,0.3016,249,0.0
14000,2020-05-31,0.3186,249,0.0
14000,2020-06-20,0.3458,249,0.0
14000,2020-06-30,0.3728,234,0.0602
14000,2020-07-05,0.2944,245,0.0161
14000,2020-07-10,0.3136,249,0.0
14000,2020-07-20,0.3807,249,0.0
14000,2020-07-25,0.3291,248,0.004
14000,2020-08-04,0.3722,249,0.0
14000,2020-08-09,0.3538,249,0.0
14000,2020-08-19,0.3407,249,0.0
14000,2020-08-24,0.3811,249,0.0
14000,2020-08-29,0.353,249,0.0
14000,2020-09-03,0.3618,249,0.0
14000,2020-09-08,0.3495,249,0.0
14000,2020-09-13,0.3102,249,0.0
14000,2020-10-13,0.3697,248,0.004
14000,2020-10-18,0.2938,249,0.0
14000,2020-10-23,0.3581,249,0.0
14000,2020-10-28,0.4116,249,0.0
14000,2020-11-07,0.4035,247,0.008
14000,2020-11-22,0.3728,234,0.0602
14000,2021-01-16,0.3726,241,0.0321
14000,2021-01-21,0.3896,246,0.012
14000,2021-02-10,0.3772,244,0.0201
14000,2021-02-15,0.3961,248,0.004
14000,2021-02-20,0.4038,248,0.004
14000,2021-03-02,0.4117,246,0.012
14000,2021-03-12,0.4357,249,0.0
14000,2021-03-22,0.4665,249,0.0
14000,2021-03-27,0.4624,249,0.0
14000,2021-04-11,0.3693,249,0.0
14000,2021-04-26,0.2841,230,0.0763
14000,2021-05-01,0.3837,249,0.0
14000,2021-05-06,0.4241,249,0.0
14000,2021-05-11,0.3652,248,0.004
14000,2021-05-21,0.3394,249,0.0
14000,2021-05-26,0.3327,249,0.0
14000,2021-06-05,0.3647,249,0.0
14000,2021-06-15,0.337,249,0.0
14000,2021-06-20,0.3064,246,0.012
14000,2021-07-10,0.2708,249,0.0
14000,2021-07-20,0.3184,249,0.0
14000,2021-07-25,0.2835,249,0.0
14000,2021-07-30,0.3141,247,0.008
14000,2021-08-09,0.3227,249,0.0
14000,2021-08-19,0.318,249,0.0
14000,2021-08-24,0.2802,249,0.0
14000,2021-09-03,0.3255,249,0.0
14000,2021-09-08,0.2832,246,0.012
14000,2021-09-23,0.387,249,0.0
14000,2021-09-28,0.3501,249,0.0
14000,2021-10-23,0.3865,249,0.0
14000,2021-11-07,0.3997,249,0.0
14000,2021-11-17,0.4155,248,0.004
14000,2021-11-22,0.463,248,0.004
14000,2021-11-27,0.4542,240,0.0361
14000,2021-12-12,0.3972,248,0.004
14000,2021-12-22,0.4039,239,0.0402
14000,2022-01-16,0.5021,244,0.0201
14000,2022-01-21,0.3842,249,0.0
14000,2022-01-26,0.5263,249,0.0
14000,2022-02-10,0.4391,249,0.0
14000,2022-03-02,0.448,249,0.0
14000,2022-03-07,0.4399,249,0.0
14000,2022-03-17,0.4858,249,0.0
14000,2022-03-22,0.4852,249,0.0
14000,2022-04-11,0.2876,249,0.0
14000,2022-04-21,0.4064,249,0.0
14000,2022-04-26,0.4278,249,0.0
14000,2022-05-01,0.3631,249,0.0
14000,2022-05-11,0.3534,249,0.0
14000,2022-05-21,0.3764,249,0.0
14000,2022-05-26,0.3846,249,0.0
14000,2022-06-05,0.3869,249,0.0
14000,2022-06-15,0.3104,238,0.0442
14000,2022-06-25,0.3071,249,0.0
14000,2022-06-30,0.3222,249,0.0
14000,2022-07-05,0.338,249,0.0
14000,2022-07-15,0.3344,249,0.0
14000,2022-07-25,0.2677,249,0.0
14000,2022-08-14,0.3342,249,0.0
14000,2022-08-24,0.3246,249,0.0
14000,2022-09-18,0.3657,249,0.0
14000,2022-09-23,0.3504,249,0.0
14000,2022-10-23,0.4203,249,0.0
14000,2022-11-17,0.4465,249,0.0
14000,2022-11-27,0.3731,249,0.0
14000,2022-12-02,0.2983,249,0.0
14000,2022-12-12,0.3617,235,0.0562
14000,2023-01-26,0.4467,249,0.0
14000,2023-02-20,0.4395,249,0.0
14000,2023-03-02,0.4549,242,0.0281
14000,2023-03-17,0.4121,249,0.0
14000,2023-03-22,0.4076,249,0.0
14000,2023-04-01,0.3853,249,0.0
14000,2023-04-11,0.4577,249,0.0
14000,2023-04-16,0.4755,249,0.0
14000,2023-04-21,0.4662,249,0.0
14000,2023-05-01,0.4419,249,0.0
14000,2023-05-16,0.486,249,0.0
14000,2023-05-21,0.33,249,0.0
14000,2023-05-26,0.2672,249,0.0
14000,2023-06-05,0.2964,249,0.0
14000,2023-06-10,0.2827,249,0.0
14000,2023-06-20,0.3524,249,0.0
14000,2023-06-25,0.3266,249,0.0
14000,2023-07-05,0.3269,249,0.0
14000,2023-07-15,0.3462,249,0.0
14000,2023-07-25,0.3487,249,0.0
14000,2023-08-04,0.3383,249,0.0
14000,2023-08-09,0.3545,249,0.0
14000,2023-08-24,0.2914,249,0.0
14000,2023-09-03,0.3692,249,0.0
14000,2023-09-08,0.3454,249,0.0
14000,2023-09-13,0.3774,249,0.0
14000,2023-09-18,0.3648,249,0.0
14000,2023-09-23,0.3703,249,0.0
14000,2023-10-23,0.3615,249,0.0
14000,2023-11-07,0.4434,249,0.0
14000,2023-11-12,0.4084,249,0.0
14000,2023-11-17,0.3145,249,0.0
14000,2023-11-22,0.3812,220,0.1165
14000,2023-12-02,0.463,249,0.0
14000,2023-12-07,0.4879,249,0.0
14000,2023-12-27,0.4984,249,0.0
14000,2024-01-11,0.4517,244,0.0201
14000,2024-01-16,0.4623,247,0.008
14000,2024-02-05,0.3571,249,0.0
14000,2024-02-10,0.2831,226,0.0924
14000,2024-03-11,0.5657,249,0.0
14000,2024-03-16,0.4681,244,0.0201
14000,2024-03-31,0.4311,249,0.0
14000,2024-04-05,0.4044,249,0.0
14000,2024-04-10,0.3891,249,0.0
14000,2024-04-20,0.4253,249,0.0
14000,2024-04-30,0.4049,249,0.0
14000,2024-05-05,0.4154,249,0.0
14000,2024-05-10,0.3258,249,0.0
14000,2024-05-20,0.2484,249,0.0
14000,2024-06-09,0.3564,249,0.0
14000,2024-06-14,0.3258,249,0.0
14000,2024-06-19,0.3453,249,0.0
14000,2024-06-24,0.3298,249,0.0
14000,2024-06-29,0.3182,249,0.0
14000,2024-07-19,0.381,249,0.0
14000,2024-07-24,0.4006,249,0.0
14000,2024-07-29,0.3523,249,0.0
14000,2024-08-03,0.365,249,0.0
14000,2024-08-08,0.3141,249,0.0
14000,2024-08-18,0.295,249,0.0
14000,2024-08-23,0.306,249,0.0
14000,2024-08-28,0.3178,249,0.0
14000,2024-09-02,0.2602,249,0.0
14000,2024-09-07,0.3143,249,0.0
14000,2024-09-12,0.3388,249,0.0
14000,2024-09-22,0.3296,249,0.0
14000,2024-10-02,0.2597,249,0.0
14000,2024-10-07,0.2866,249,0.0
14000,2024-10-12,0.3379,249,0.0
14000,2024-10-17,0.331,249,0.0
14000,2024-10-22,0.3613,247,0.008
14000,2024-11-01,0.3772,249,0.0
14000,2024-11-11,0.4241,249,0.0
14000,2024-12-01,0.3699,249,0.0
14000,2024-12-06,0.4268,249,0.0
14000,2024-12-31,0.4315,249,0.0
14000,2025-01-05,0.4749,244,0.0201
14000,2025-01-15,0.4242,249,0.0
14000,2025-02-09,0.4868,249,0.0
14000,2025-02-24,0.5167,249,0.0
14000,2025-03-01,0.4363,249,0.0
14000,2025-03-06,0.4669,249,0.0
14000,2025-03-21,0.4004,249,0.0
14000,2025-03-31,0.3074,244,0.0201
14000,2025-04-12,0.4789,249,0.0
14000,2025-04-15,0.4779,249,0.0
14000,2025-05-02,0.4961,249,0.0
14000,2025-05-05,0.4974,249,0.0
14000,2025-05-15,0.3611,249,0.0
14000,2025-05-20,0.2762,249,0.0
14000,2025-05-22,0.2752,247,0.008
14000,2025-05-25,0.3172,249,0.0
14000,2025-05-30,0.3401,249,0.0
14000,2025-06-04,0.3648,249,0.0
14000,2025-06-19,0.2908,249,0.0
14000,2025-06-29,0.3768,249,0.0
14000,2025-07-09,0.2365,241,0.0321
14000,2025-07-14,0.2715,249,0.0
14000,2025-07-19,0.2833,249,0.0
14000,2025-07-21,0.2746,249,0.0
14000,2025-07-29,0.3323,249,0.0
14000,2025-08-13,0.3424,249,0.0
14000,2025-08-30,0.3407,249,0.0
14000,2025-09-12,0.2914,247,0.008
14000,2025-09-27,0.3854,249,0.0
14000,2025-10-22,0.4011,249,0.0
14000,2025-11-01,0.3037,247,0.008
14000,2025-11-11,0.4396,249,0.0
14000,2025-11-21,0.4512,249,0.0
14000,2025-12-01,0.4203,249,0.0
14000,2025-12-06,0.35,249,0.0
14000,2025-12-08,0.3374,249,0.0
14000,2025-12-11,0.432,249,0.0
14000,2025-12-26,0.2723,247,0.008
14000,2025-12-28,0.4469,249,0.0
14000,2026-01-10,0.4821,249,0.0
14000,2026-03-01,0.424,242,0.0281
14000,2026-03-16,0.4214,249,0.0
14000,2026-03-21,0.4433,249,0.0
14000,2026-03-28,0.4431,249,0.0
14000,2026-04-17,0.5089,249,0.0
14000,2026-04-20,0.5062,249,0.0
14000,2026-05-05,0.3761,249,0.0
14000,2026-05-07,0.3735,249,0.0
14000,2026-06-19,0.365,249,0.0
14000,2026-06-29,0.4004,249,0.0
14000,2026-07-06,0.4237,249,0.0
14000,2026-07-09,0.3991,249,0.0
14000,2026-07-19,0.409,249,0.0
14000,2026-07-26,0.3804,249,0.0
14000,2026-07-29,0.3109,249,0.0
14000,2026-08-08,0.3682,247,0.008
14000,2026-08-18,0.4353,249,0.0
14000,2026-08-23,0.4199,249,0.0
14000,2026-09-04,0.4751,249,0.0
14500,2019-01-07,0.2451,4,0.0
14500,2019-01-12,0.2503,4,0.0
14500,2019-01-22,0.2092,4,0.0
14500,2019-01-27,0.2593,4,0.0
14500,2019-02-01,0.2307,4,0.0
14500,2019-03-23,0.2232,4,0.0
14500,2019-04-02,0.168,4,0.0
14500,2019-04-12,0.237,4,0.0
14500,2019-04-22,0.1707,4,0.0
14500,2019-04-27,0.1923,4,0.0
14500,2019-05-12,0.1515,4,0.0
14500,2019-05-22,0.166,4,0.0
14500,2019-05-27,0.1872,4,0.0
14500,2019-06-06,0.1827,4,0.0
14500,2019-06-11,0.1888,4,0.0
14500,2019-06-16,0.1349,4,0.0
14500,2019-06-21,0.105,4,0.0
14500,2019-06-26,0.1399,4,0.0
14500,2019-07-06,0.2234,4,0.0
14500,2019-07-11,0.2025,4,0.0
14500,2019-07-26,0.1555,4,0.0
14500,2019-07-31,0.1525,4,0.0
14500,2019-08-10,0.1518,4,0.0
14500,2019-08-15,0.1873,4,0.0
14500,2019-08-30,0.1234,4,0.0
14500,2019-09-09,0.1572,4,0.0
14500,2019-09-14,0.1556,4,0.0
14500,2019-09-19,0.0243,4,0.0
14500,2019-09-29,0.1605,4,0.0
14500,2019-10-04,0.1757,4,0.0
14500,2019-10-14,0.1311,4,0.0
14500,2019-10-19,0.1192,4,0.0
14500,2019-10-24,0.1318,4,0.0
14500,2019-11-03,0.1635,4,0.0
14500,2019-11-13,0.2319,4,0.0
14500,2019-11-23,0.1469,4,0.0
14500,2019-12-28,0.2211,4,0.0
14500,2020-01-27,0.1941,4,0.0
14500,2020-03-12,0.2223,4,0.0
14500,2020-03-17,0.2635,4,0.0
14500,2020-03-22,0.2036,4,0.0
14500,2020-04-06,0.1485,4,0.0
14500,2020-04-21,0.1853,4,0.0
14500,2020-04-26,0.1715,4,0.0
14500,2020-05-01,0.1516,4,0.0
14500,2020-05-11,0.1865,4,0.0
14500,2020-05-16,0.1977,4,0.0
14500,2020-05-21,0.1545,4,0.0
14500,2020-05-26,0.1752,4,0.0
14500,2020-05-31,0.1748,4,0.0
14500,2020-06-20,0.1438,4,0.0
14500,2020-06-30,0.255,4,0.0
14500,2020-07-10,0.1295,4,0.0
14500,2020-07-20,0.1598,4,0.0
14500,2020-07-25,0.118,4,0.0
14500,2020-08-04,0.2036,4,0.0
14500,2020-08-09,0.157,4,0.0
14500,2020-08-19,0.2134,4,0.0
14500,2020-08-24,0.2018,4,0.0
14500,2020-08-29,0.1594,4,0.0
14500,2020-09-03,0.1073,4,0.0
14500,2020-09-08,0.1581,4,0.0
14500,2020-09-13,0.1036,4,0.0
14500,2020-10-13,0.2159,4,0.0
14500,2020-10-18,0.1529,4,0.0
14500,2020-10-23,0.2395,4,0.0
14500,2020-10-28,0.2445,4,0.0
14500,2020-11-07,0.2262,4,0.0
14500,2020-11-22,0.1304,4,0.0
14500,2020-11-27,0.1369,4,0.0
14500,2021-01-16,0.2077,4,0.0
14500,2021-01-21,0.2478,4,0.0
14500,2021-02-10,0.1712,4,0.0
14500,2021-02-15,0.1781,4,0.0
14500,2021-02-20,0.1964,4,0.0
14500,2021-03-02,0.2199,4,0.0
14500,2021-03-07,0.6059,4,0.0
14500,2021-03-12,0.2408,4,0.0
14500,2021-03-22,0.1883,4,0.0
14500,2021-03-27,0.1944,4,0.0
14500,2021-04-01,0.2154,4,0.0
14500,2021-04-06,-0.0375,4,0.0
14500,2021-04-11,0.2705,4,0.0
14500,2021-04-26,0.1833,4,0.0
14500,2021-05-01,0.1931,4,0.0
14500,2021-05-06,0.1243,4,0.0
14500,2021-05-11,0.1336,4,0.0
14500,2021-05-21,0.1561,4,0.0
14500,2021-05-26,0.1675,4,0.0
14500,2021-06-05,0.201,4,0.0
14500,2021-06-15,0.187,4,0.0
14500,2021-06-20,0.1434,4,0.0
14500,2021-07-10,0.1813,4,0.0
14500,2021-07-20,0.1502,4,0.0
14500,2021-07-25,0.146,4,0.0
14500,2021-07-30,0.1686,4,0.0
14500,2021-08-09,0.166,4,0.0
14500,2021-08-19,0.1564,4,0.0
14500,2021-08-24,0.1703,4,0.0
14500,2021-09-03,0.2002,4,0.0
14500,2021-09-08,0.1857,4,0.0
14500,2021-09-23,0.2174,4,0.0
14500,2021-09-28,0.1888,4,0.0
14500,2021-10-08,0.1711,4,0.0
14500,2021-10-23,0.1427,4,0.0
14500,2021-11-07,0.176,4,0.0
14500,2021-11-17,0.2099,4,0.0
14500,2021-11-22,0.2666,4,0.0
14500,2021-11-27,0.2388,4,0.0
14500,2021-12-12,0.1497,4,0.0
14500,2021-12-22,0.191,4,0.0
14500,2022-01-16,0.2412,4,0.0
14500,2022-01-21,0.2708,4,0.0
14500,2022-01-26,0.2367,4,0.0
14500,2022-02-10,0.2126,4,0.0
14500,2022-03-02,0.299,4,0.0
14500,2022-03-07,0.2555,4,0.0
14500,2022-03-17,0.2562,4,0.0
14500,2022-03-22,0.279,4,0.0
14500,2022-04-11,0.1851,4,0.0
14500,2022-04-21,0.1977,4,0.0
14500,2022-04-26,0.2011,4,0.0
14500,2022-05-01,0.1645,4,0.0
14500,2022-05-11,0.1964,4,0.0
14500,2022-05-21,0.2155,4,0.0
14500,2022-05-26,0.1142,4,0.0
14500,2022-06-05,0.1399,4,0.0
14500,2022-06-15,0.1281,4,0.0
14500,2022-06-25,0.1768,4,0.0
14500,2022-06-30,0.1712,4,0.0
14500,2022-07-05,0.1379,4,0.0
14500,2022-07-15,0.1698,4,0.0
14500,2022-07-20,0.134,4,0.0
14500,2022-07-25,0.1706,4,0.0
14500,2022-07-30,0.1849,4,0.0
14500,2022-08-14,0.2143,4,0.0
14500,2022-08-24,0.1148,4,0.0
14500,2022-09-18,0.1661,4,0.0
14500,2022-09-23,0.145,4,0.0
14500,2022-10-23,0.2704,4,0.0
14500,2022-11-17,0.2481,4,0.0
14500,2022-11-27,0.2543,4,0.0
14500,2022-12-02,0.2335,4,0.0
14500,2022-12-12,0.2259,4,0.0
14500,2023-01-16,0.2608,4,0.0
14500,2023-01-26,0.2841,4,0.0
14500,2023-02-20,0.2018,4,0.0
14500,2023-03-02,0.2074,4,0.0
14500,2023-03-17,0.2976,4,0.0
14500,2023-03-22,0.2565,4,0.0
14500,2023-04-01,0.3038,4,0.0
14500,2023-04-11,0.1739,4,0.0
14500,2023-04-16,0.1875,4,0.0
14500,2023-04-21,0.2113,4,0.0
14500,2023-05-01,0.2253,4,0.0
14500,2023-05-16,0.2538,4,0.0
14500,2023-05-21,0.2027,4,0.0
14500,2023-05-26,0.116,4,0.0
14500,2023-06-05,0.1482,4,0.0
14500,2023-06-10,0.1411,4,0.0
14500,2023-06-20,0.1801,4,0.0
14500,2023-06-25,0.1592,4,0.0
14500,2023-07-05,0.1674,4,0.0
14500,2023-07-15,0.1817,4,0.0
14500,2023-07-25,0.1368,4,0.0
14500,2023-07-30,0.0943,4,0.0
14500,2023-08-04,0.1697,4,0.0
14500,2023-08-09,0.1706,4,0.0
14500,2023-08-24,0.1742,4,0.0
14500,2023-09-03,0.2484,4,0.0
14500,2023-09-08,0.2309,4,0.0
14500,2023-09-13,0.1932,4,0.0
14500,2023-09-18,0.1623,4,0.0
14500,2023-09-23,0.1394,4,0.0
14500,2023-10-23,0.2517,4,0.0
14500,2023-11-07,0.2009,4,0.0
14500,2023-11-12,0.1528,4,0.0
14500,2023-11-17,0.2,4,0.0
14500,2023-12-02,0.2884,4,0.0
14500,2023-12-07,0.2754,4,0.0
14500,2023-12-27,0.2391,4,0.0
14500,2024-01-06,0.2453,4,0.0
14500,2024-01-11,0.2715,4,0.0
14500,2024-01-16,0.1769,4,0.0
14500,2024-02-05,0.2151,4,0.0
14500,2024-02-10,0.1743,4,0.0
14500,2024-03-11,0.2173,4,0.0
14500,2024-03-16,0.211,4,0.0
14500,2024-03-31,0.193,4,0.0
14500,2024-04-05,0.1984,4,0.0
14500,2024-04-10,0.2176,4,0.0
14500,2024-04-20,0.2374,4,0.0
14500,2024-04-30,0.2353,4,0.0
14500,2024-05-05,0.1441,4,0.0
14500,2024-05-10,0.1631,4,0.0
14500,2024-05-20,0.1624,4,0.0
14500,2024-05-30,0.1686,4,0.0
14500,2024-06-09,0.1796,4,0.0
14500,2024-06-14,0.2039,4,0.0
14500,2024-06-19,0.1865,4,0.0
14500,2024-06-24,0.1414,4,0.0
14500,2024-06-29,0.1376,4,0.0
14500,2024-07-19,0.1932,4,0.0
14500,2024-07-24,0.1848,4,0.0
14500,2024-07-29,0.1686,4,0.0
14500,2024-08-03,0.1299,4,0.0
14500,2024-08-08,0.123,4,0.0
14500,2024-08-18,0.148,4,0.0
14500,2024-08-23,0.1612,4,0.0
14500,2024-08-28,0.2037,4,0.0
14500,2024-09-02,0.2022,4,0.0
14500,2024-09-07,0.2085,4,0.0
14500,2024-09-12,0.144,4,0.0
14500,2024-09-22,0.1864,4,0.0
14500,2024-10-02,0.1798,4,0.0
14500,2024-10-07,0.2152,4,0.0
14500,2024-10-12,0.2463,4,0.0
14500,2024-10-17,0.1736,4,0.0
14500,2024-10-22,0.1546,4,0.0
14500,2024-11-01,0.1853,4,0.0
14500,2024-11-11,0.2309,4,0.0
14500,2024-12-01,0.2468,4,0.0
14500,2024-12-06,0.2389,4,0.0
14500,2024-12-31,0.3313,4,0.0
14500,2025-01-05,0.3691,4,0.0
14500,2025-01-15,0.2901,4,0.0
14500,2025-02-09,0.2936,4,0.0
14500,2025-02-24,0.2684,4,0.0
14500,2025-03-01,0.2518,4,0.0
14500,2025-03-06,0.3013,4,0.0
14500,2025-03-21,0.2355,4,0.0
14500,2025-03-31,0.1868,4,0.0
14500,2025-04-12,0.2067,4,0.0
14500,2025-04-15,0.2198,4,0.0
14500,2025-04-30,0.205,4,0.0
14500,2025-05-02,0.1748,4,0.0
14500,2025-05-05,0.1785,4,0.0
14500,2025-05-15,0.2184,4,0.0
14500,2025-05-20,0.2156,4,0.0
14500,2025-05-22,0.1835,4,0.0
14500,2025-05-25,0.2295,4,0.0
14500,2025-05-30,0.2484,4,0.0
14500,2025-06-04,0.1804,4,0.0
14500,2025-06-19,0.1659,4,0.0
14500,2025-06-29,0.208,4,0.0
14500,2025-07-09,0.1579,4,0.0
14500,2025-07-14,0.1895,4,0.0
14500,2025-07-19,0.1606,4,0.0
14500,2025-07-21,0.1584,4,0.0
14500,2025-07-29,0.1887,4,0.0
14500,2025-08-13,0.2288,4,0.0
14500,2025-08-23,0.1788,4,0.0
14500,2025-08-30,0.2168,4,0.0
14500,2025-09-12,0.1355,4,0.0
14500,2025-09-27,0.2164,4,0.0
14500,2025-10-22,0.206,4,0.0
14500,2025-11-01,0.2028,4,0.0
14500,2025-11-11,0.2399,4,0.0
14500,2025-11-21,0.186,4,0.0
14500,2025-11-26,0.1975,4,0.0
14500,2025-12-01,0.1994,4,0.0
14500,2025-12-06,0.1882,4,0.0
14500,2025-12-08,0.1812,4,0.0
14500,2025-12-11,0.2745,4,0.0
14500,2025-12-26,0.234,4,0.0
14500,2025-12-28,0.316,4,0.0
14500,2026-01-10,0.2099,4,0.0
14500,2026-02-19,0.1368,4,0.0
14500,2026-03-01,0.2365,4,0.0
14500,2026-03-16,0.2882,4,0.0
14500,2026-03-21,0.3128,4,0.0
14500,2026-03-26,0.2917,4,0.0
14500,2026-03-28,0.3405,4,0.0
14500,2026-04-05,0.3083,4,0.0
14500,2026-04-17,0.2893,4,0.0
14500,2026-04-20,0.3054,4,0.0
14500,2026-04-25,0.2244,4,0.0
14500,2026-05-05,0.2636,4,0.0
14500,2026-05-07,0.2654,4,0.0
14500,2026-06-19,0.1882,4,0.0
14500,2026-06-29,0.196,4,0.0
14500,2026-07-06,0.1864,4,0.0
14500,2026-07-09,0.2193,4,0.0
14500,2026-07-19,0.2383,4,0.0
14500,2026-07-26,0.2079,4,0.0
14500,2026-07-29,0.1978,4,0.0
14500,2026-08-08,0.2654,4,0.0
14500,2026-08-18,0.2222,4,0.0
14500,2026-08-23,0.2218,4,0.0
14500,2026-09-04,0.2171,4,0.0
15000,2019-01-07,0.5839,264,0.0
15000,2019-01-12,0.4433,264,0.0
15000,2019-01-27,0.5693,264,0.0
15000,2019-02-01,0.4469,265,0.0
15000,2019-03-08,0.4466,257,0.0302
15000,2019-03-13,0.4861,221,0.166
15000,2019-03-23,0.5488,264,0.0
15000,2019-04-02,0.4664,264,0.0
15000,2019-04-12,0.4314,264,0.0
15000,2019-04-22,0.3963,265,0.0
15000,2019-04-27,0.5209,264,0.0
15000,2019-05-22,0.4678,264,0.0
15000,2019-05-27,0.4914,264,0.0
15000,2019-06-06,0.3684,261,0.0151
15000,2019-06-11,0.5254,264,0.0
15000,2019-06-16,0.4824,264,0.0
15000,2019-06-26,0.4317,264,0.0
15000,2019-07-06,0.5484,264,0.0
15000,2019-07-11,0.5018,264,0.0
15000,2019-07-26,0.4236,264,0.0
15000,2019-07-31,0.4435,264,0.0
15000,2019-08-10,0.3956,264,0.0
15000,2019-08-15,0.4122,264,0.0
15000,2019-08-30,0.3496,264,0.0
15000,2019-09-09,0.4081,264,0.0
15000,2019-09-14,0.3852,265,0.0
15000,2019-09-19,0.299,264,0.0
15000,2019-09-29,0.4077,264,0.0
15000,2019-10-04,0.4088,264,0.0
15000,2019-10-14,0.4249,264,0.0
15000,2019-10-19,0.3615,263,0.0075
15000,2019-11-03,0.3849,253,0.0453
15000,2019-11-13,0.3968,265,0.0
15000,2019-12-28,0.4475,263,0.0075
15000,2020-01-07,0.4468,265,0.0
15000,2020-01-27,0.51,264,0.0
15000,2020-03-12,0.4906,264,0.0
15000,2020-03-17,0.5213,264,0.0
15000,2020-03-22,0.553,264,0.0
15000,2020-04-01,0.4704,262,0.0113
15000,2020-04-06,0.5451,264,0.0
15000,2020-04-16,0.5224,241,0.0871
15000,2020-04-21,0.4279,264,0.0
15000,2020-04-26,0.4083,264,0.0
15000,2020-05-01,0.357,265,0.0
15000,2020-05-11,0.4361,264,0.0
15000,2020-05-16,0.4241,264,0.0
15000,2020-05-21,0.3924,264,0.0
15000,2020-05-26,0.4049,264,0.0
15000,2020-05-31,0.3581,264,0.0
15000,2020-06-20,0.4159,263,0.0075
15000,2020-06-30,0.4663,264,0.0
15000,2020-07-10,0.3922,264,0.0
15000,2020-07-20,0.4362,264,0.0
15000,2020-07-25,0.3959,264,0.0
15000,2020-08-04,0.4352,264,0.0
15000,2020-08-09,0.3695,261,0.0151
15000,2020-08-19,0.4037,264,0.0
15000,2020-08-24,0.4235,264,0.0
15000,2020-08-29,0.4084,264,0.0
15000,2020-09-03,0.4125,264,0.0
15000,2020-09-08,0.4238,264,0.0
15000,2020-09-13,0.369,264,0.0
15000,2020-10-13,0.405,264,0.0
15000,2020-10-18,0.3181,227,0.1402
15000,2020-10-23,0.3929,264,0.0
15000,2020-10-28,0.4468,264,0.0
15000,2020-11-07,0.4511,264,0.0
15000,2020-11-22,0.4549,264,0.0
15000,2020-11-27,0.4239,262,0.0113
15000,2021-01-16,0.5801,262,0.0113
15000,2021-01-21,0.4471,244,0.0792
15000,2021-02-15,0.4789,264,0.0
15000,2021-02-20,0.4694,262,0.0113
15000,2021-03-02,0.5215,264,0.0
15000,2021-03-07,0.5216,243,0.083
15000,2021-03-22,0.5809,264,0.0
15000,2021-03-27,0.509,264,0.0
15000,2021-04-11,0.4522,264,0.0
15000,2021-04-26,0.4788,264,0.0
15000,2021-05-01,0.4085,264,0.0038
15000,2021-05-06,0.4358,264,0.0
15000,2021-05-11,0.4149,264,0.0
15000,2021-05-21,0.4593,264,0.0
15000,2021-05-26,0.4826,264,0.0
15000,2021-06-05,0.5055,264,0.0
15000,2021-06-15,0.4157,264,0.0
15000,2021-06-20,0.4173,264,0.0
15000,2021-07-10,0.4164,264,0.0
15000,2021-07-20,0.3842,264,0.0
15000,2021-07-25,0.3663,264,0.0
15000,2021-07-30,0.3931,264,0.0
15000,2021-08-09,0.3615,264,0.0
15000,2021-08-19,0.3813,264,0.0
15000,2021-08-24,0.3499,264,0.0
15000,2021-09-03,0.4004,264,0.0
15000,2021-09-08,0.3809,264,0.0
15000,2021-09-23,0.3562,255,0.0377
15000,2021-09-28,0.424,264,0.0
15000,2021-10-23,0.4354,264,0.0
15000,2021-11-07,0.447,264,0.0
15000,2021-11-17,0.4625,264,0.0
15000,2021-11-22,0.517,264,0.0
15000,2021-11-27,0.4947,264,0.0
15000,2021-12-12,0.4389,264,0.0
15000,2021-12-22,0.4558,264,0.0
15000,2022-01-16,0.4195,264,0.0
15000,2022-01-21,0.4984,264,0.0
15000,2022-01-26,0.5955,265,0.0
15000,2022-02-10,0.5339,264,0.0
15000,2022-03-02,0.522,265,0.0
15000,2022-03-07,0.5142,264,0.0
15000,2022-03-17,0.5544,264,0.0
15000,2022-03-22,0.576,264,0.0
15000,2022-04-06,0.5095,213,0.1962
15000,2022-04-11,0.5171,264,0.0
15000,2022-04-21,0.47,264,0.0
15000,2022-04-26,0.4825,264,0.0
15000,2022-05-01,0.4158,264,0.0
15000,2022-05-11,0.4481,264,0.0
15000,2022-05-21,0.4901,264,0.0
15000,2022-05-26,0.3933,264,0.0
15000,2022-06-05,0.3695,265,0.0
15000,2022-06-25,0.3585,264,0.0
15000,2022-06-30,0.369,264,0.0
15000,2022-07-05,0.3654,264,0.0
15000,2022-07-15,0.3887,264,0.0
15000,2022-07-20,0.3961,264,0.0
15000,2022-07-25,0.3852,264,0.0
15000,2022-08-14,0.4233,264,0.0
15000,2022-08-24,0.4278,264,0.0
15000,2022-09-03,0.1423,219,0.1736
15000,2022-09-18,0.4082,264,0.0
15000,2022-09-23,0.3612,264,0.0
15000,2022-10-03,0.2376,248,0.0606
15000,2022-10-23,0.4862,264,0.0
15000,2022-11-17,0.4265,264,0.0
15000,2022-11-27,0.4976,264,0.0
15000,2022-12-02,0.408,264,0.0038
15000,2022-12-12,0.4319,261,0.0114
15000,2023-01-26,0.502,264,0.0
15000,2023-02-20,0.5534,264,0.0
15000,2023-03-17,0.561,264,0.0
15000,2023-03-22,0.5597,264,0.0
15000,2023-04-01,0.5867,264,0.0
15000,2023-04-11,0.5372,264,0.0
15000,2023-04-16,0.5601,264,0.0
15000,2023-04-21,0.58,264,0.0
15000,2023-05-01,0.5961,264,0.0
15000,2023-05-16,0.592,264,0.0
15000,2023-05-21,0.4712,264,0.0
15000,2023-05-26,0.3067,264,0.0
15000,2023-06-05,0.3531,264,0.0
15000,2023-06-10,0.3774,264,0.0
15000,2023-06-20,0.4238,264,0.0
15000,2023-06-25,0.4399,264,0.0
15000,2023-07-05,0.4516,264,0.0
15000,2023-07-15,0.4472,264,0.0
15000,2023-07-25,0.4544,264,0.0
15000,2023-08-04,0.428,264,0.0
15000,2023-08-09,0.3924,264,0.0
15000,2023-08-24,0.4432,264,0.0
15000,2023-09-03,0.5335,264,0.0
15000,2023-09-08,0.5294,264,0.0
15000,2023-09-13,0.4308,264,0.0
15000,2023-09-18,0.3461,264,0.0
15000,2023-09-23,0.3928,264,0.0
15000,2023-10-23,0.5495,265,0.0
15000,2023-11-07,0.506,264,0.0
15000,2023-11-12,0.4867,264,0.0
15000,2023-11-17,0.4938,233,0.1174
15000,2023-11-22,0.4982,263,0.0038
15000,2023-12-02,0.5441,264,0.0
15000,2023-12-27,0.5209,264,0.0
15000,2024-01-16,0.5008,264,0.0
15000,2024-02-05,0.4942,264,0.0
15000,2024-02-10,0.4515,265,0.0
15000,2024-03-11,0.6259,265,0.0
15000,2024-03-16,0.545,260,0.0152
15000,2024-03-21,0.5727,227,0.1402
15000,2024-03-31,0.5529,264,0.0
15000,2024-04-05,0.5142,264,0.0
15000,2024-04-10,0.5052,264,0.0
15000,2024-04-20,0.5213,264,0.0
15000,2024-04-30,0.5287,264,0.0
15000,2024-05-05,0.4748,264,0.0
15000,2024-05-10,0.431,264,0.0
15000,2024-05-20,0.424,264,0.0
15000,2024-06-09,0.4938,264,0.0
15000,2024-06-14,0.5013,264,0.0
15000,2024-06-19,0.5142,264,0.0
15000,2024-06-24,0.4868,264,0.0
15000,2024-06-29,0.4907,264,0.0
15000,2024-07-19,0.518,264,0.0
15000,2024-07-24,0.5137,264,0.0
15000,2024-07-29,0.3855,264,0.0
15000,2024-08-03,0.3934,264,0.0
15000,2024-08-08,0.3922,264,0.0
15000,2024-08-18,0.4708,264,0.0
15000,2024-08-23,0.4159,264,0.0
15000,2024-08-28,0.4078,264,0.0
15000,2024-09-02,0.4004,264,0.0
15000,2024-09-07,0.4194,264,0.0
15000,2024-09-12,0.3413,265,0.0
15000,2024-09-22,0.3693,264,0.0
15000,2024-10-02,0.3963,264,0.0
15000,2024-10-07,0.3428,264,0.0
15000,2024-10-12,0.4088,264,0.0038
15000,2024-10-22,0.4391,264,0.0
15000,2024-11-01,0.4552,263,0.0075
15000,2024-11-11,0.5613,264,0.0
15000,2024-11-26,0.4749,225,0.1509
15000,2024-12-06,0.4353,224,0.1515
15000,2024-12-31,0.5801,262,0.0076
15000,2025-01-05,0.639,263,0.0038
15000,2025-01-15,0.5485,264,0.0
15000,2025-01-20,0.5378,264,0.0
15000,2025-02-09,0.5289,264,0.0
15000,2025-02-24,0.5723,265,0.0
15000,2025-03-01,0.548,264,0.0
15000,2025-03-06,0.6002,264,0.0
15000,2025-03-21,0.5282,264,0.0
15000,2025-03-31,0.5263,264,0.0
15000,2025-04-12,0.607,264,0.0
15000,2025-04-15,0.615,264,0.0
15000,2025-05-02,0.5758,264,0.0
15000,2025-05-05,0.5437,264,0.0
15000,2025-05-15,0.5611,264,0.0
15000,2025-05-20,0.5131,264,0.0
15000,2025-05-22,0.5342,264,0.0
15000,2025-05-25,0.5293,264,0.0
15000,2025-05-30,0.5441,264,0.0
15000,2025-06-04,0.5385,264,0.0
15000,2025-06-19,0.4698,264,0.0
15000,2025-06-29,0.4081,264,0.0
15000,2025-07-09,0.3223,255,0.0341
15000,2025-07-14,0.3763,264,0.0
15000,2025-07-19,0.3693,264,0.0
15000,2025-07-21,0.3657,264,0.0
15000,2025-07-29,0.3811,264,0.0
15000,2025-08-13,0.3621,264,0.0
15000,2025-08-23,0.3416,265,0.0
15000,2025-08-30,0.4126,264,0.0
15000,2025-09-12,0.3773,242,0.0868
15000,2025-09-27,0.413,264,0.0
15000,2025-10-22,0.5258,264,0.0
15000,2025-11-01,0.427,264,0.0
15000,2025-11-11,0.4439,264,0.0
15000,2025-11-21,0.4668,264,0.0
15000,2025-11-26,0.4952,263,0.0038
15000,2025-12-01,0.4785,264,0.0
15000,2025-12-06,0.408,264,0.0
15000,2025-12-08,0.3957,265,0.0
15000,2025-12-11,0.4386,264,0.0
15000,2025-12-26,0.3156,264,0.0
15000,2025-12-28,0.5793,264,0.0
15000,2026-01-10,0.6345,264,0.0
15000,2026-02-19,0.4726,264,0.0038
15000,2026-03-01,0.5493,263,0.0038
15000,2026-03-16,0.5726,264,0.0
15000,2026-03-21,0.6199,264,0.0
15000,2026-03-26,0.5611,263,0.0038
15000,2026-03-28,0.5482,264,0.0
15000,2026-04-17,0.5598,264,0.0
15000,2026-04-20,0.6033,264,0.0
15000,2026-04-25,0.4914,262,0.0076
15000,2026-05-05,0.5021,264,0.0
15000,2026-05-07,0.4813,264,0.0
15000,2026-06-04,0.4821,229,0.1326
15000,2026-06-19,0.5608,264,0.0
15000,2026-06-29,0.4994,251,0.0528
15000,2026-07-06,0.5062,264,0.0
15000,2026-07-09,0.5217,264,0.0
15000,2026-07-19,0.576,264,0.0
15000,2026-07-26,0.5329,264,0.0
15000,2026-07-29,0.505,264,0.0
15000,2026-08-08,0.4981,264,0.0
15000,2026-08-18,0.5251,264,0.0
15000,2026-08-23,0.4751,264,0.0
15000,2026-09-04,0.4661,264,0.0
15500,2019-01-07,0.4198,57,0.0
15500,2019-01-12,0.3742,57,0.0
15500,2019-01-22,0.3958,57,0.0
15500,2019-01-27,0.4638,57,0.0
15500,2019-02-01,0.4335,57,0.0
15500,2019-03-08,0.2952,49,0.1404
15500,2019-03-23,0.4125,57,0.0
15500,2019-04-02,0.3884,57,0.0
15500,2019-04-12,0.369,57,0.0
15500,2019-04-22,0.3603,57,0.0
15500,2019-04-27,0.3272,57,0.0
15500,2019-05-12,0.4043,55,0.0351
15500,2019-05-22,0.3214,57,0.0
15500,2019-05-27,0.3524,57,0.0
15500,2019-06-06,0.3135,57,0.0
15500,2019-06-11,0.3771,57,0.0
15500,2019-06-16,0.3512,57,0.0
15500,2019-06-26,0.3333,57,0.0
15500,2019-07-06,0.4208,57,0.0
15500,2019-07-11,0.3978,57,0.0
15500,2019-07-26,0.3161,57,0.0
15500,2019-07-31,0.3207,57,0.0
15500,2019-08-10,0.2644,57,0.0
15500,2019-08-15,0.3018,57,0.0
15500,2019-08-30,0.2875,57,0.0
15500,2019-09-09,0.3261,57,0.0
15500,2019-09-14,0.2987,57,0.0
15500,2019-09-19,0.2433,57,0.0
15500,2019-09-29,0.3459,57,0.0
15500,2019-10-04,0.3222,57,0.0
15500,2019-10-14,0.3326,57,0.0
15500,2019-10-19,0.2556,57,0.0
15500,2019-11-03,0.2958,57,0.0
15500,2019-11-13,0.2942,57,0.0
15500,2019-12-28,0.3374,54,0.0526
15500,2020-01-07,0.3514,57,0.0
15500,2020-01-27,0.4398,57,0.0
15500,2020-03-12,0.3347,57,0.0
15500,2020-03-17,0.4212,57,0.0
15500,2020-03-22,0.3966,57,0.0
15500,2020-03-27,0.3381,52,0.0877
15500,2020-04-01,0.3159,55,0.0351
15500,2020-04-06,0.4281,57,0.0
15500,2020-04-21,0.3452,57,0.0
15500,2020-04-26,0.3102,57,0.0
15500,2020-05-01,0.2786,57,0.0
15500,2020-05-11,0.3332,57,0.0
15500,2020-05-16,0.2989,57,0.0
15500,2020-05-21,0.2905,57,0.0
15500,2020-05-26,0.2991,57,0.0
15500,2020-05-31,0.2638,57,0.0
15500,2020-06-20,0.3066,57,0.0
15500,2020-06-30,0.2721,57,0.0
15500,2020-07-10,0.3023,57,0.0
15500,2020-07-20,0.3378,57,0.0
15500,2020-07-25,0.327,57,0.0
15500,2020-08-04,0.3309,57,0.0
15500,2020-08-09,0.3031,57,0.0
15500,2020-08-19,0.3144,57,0.0
15500,2020-08-24,0.3391,57,0.0
15500,2020-08-29,0.3136,57,0.0
15500,2020-09-03,0.3336,57,0.0
15500,2020-09-08,0.3259,57,0.0
15500,2020-09-13,0.2825,57,0.0
15500,2020-10-13,0.2933,57,0.0
15500,2020-10-18,0.2086,56,0.0175
15500,2020-10-23,0.3219,57,0.0
15500,2020-10-28,0.3805,57,0.0
15500,2020-11-07,0.3283,57,0.0
15500,2020-11-22,0.3828,57,0.0
15500,2020-11-27,0.3304,57,0.0
15500,2021-01-16,0.3734,54,0.0526
15500,2021-02-10,0.3733,57,0.0
15500,2021-02-15,0.3845,57,0.0
15500,2021-02-20,0.3813,54,0.0526
15500,2021-03-02,0.3655,57,0.0
15500,2021-03-22,0.3372,57,0.0
15500,2021-03-27,0.3733,57,0.0
15500,2021-04-11,0.3607,57,0.0
15500,2021-04-26,0.3315,57,0.0
15500,2021-05-01,0.303,51,0.1053
15500,2021-05-06,0.2974,57,0.0
15500,2021-05-11,0.2521,57,0.0
15500,2021-05-21,0.3483,57,0.0
15500,2021-05-26,0.3144,57,0.0
15500,2021-06-05,0.35,57,0.0
15500,2021-06-15,0.2549,57,0.0
15500,2021-06-20,0.1868,57,0.0
15500,2021-07-10,0.2681,57,0.0
15500,2021-07-20,0.2363,57,0.0
15500,2021-07-25,0.2086,57,0.0
15500,2021-07-30,0.2447,57,0.0
15500,2021-08-09,0.2397,57,0.0
15500,2021-08-19,0.1971,57,0.0
15500,2021-08-24,0.2326,57,0.0
15500,2021-09-03,0.2879,57,0.0
15500,2021-09-08,0.2963,57,0.0
15500,2021-09-28,0.3218,57,0.0
15500,2021-10-23,0.3182,57,0.0
15500,2021-11-07,0.3794,57,0.0
15500,2021-11-17,0.3622,57,0.0
15500,2021-11-22,0.4175,57,0.0
15500,2021-11-27,0.3763,56,0.0175
15500,2021-12-12,0.3293,57,0.0
15500,2021-12-22,0.2998,57,0.0
15500,2022-01-16,0.3681,56,0.0175
15500,2022-01-21,0.3861,57,0.0
15500,2022-01-26,0.3953,57,0.0
15500,2022-02-10,0.4071,57,0.0
15500,2022-03-02,0.3447,57,0.0
15500,2022-03-07,0.3565,57,0.0
15500,2022-03-17,0.3987,57,0.0
15500,2022-03-22,0.4326,57,0.0
15500,2022-04-11,0.3801,57,0.0
15500,2022-04-21,0.3264,57,0.0
15500,2022-04-26,0.3653,57,0.0
15500,2022-05-01,0.3188,57,0.0
15500,2022-05-11,0.3295,57,0.0
15500,2022-05-21,0.3773,57,0.0
15500,2022-05-26,0.3501,57,0.0
15500,2022-06-05,0.3771,57,0.0
15500,2022-06-25,0.3334,57,0.0
15500,2022-06-30,0.2948,57,0.0
15500,2022-07-05,0.2798,57,0.0
15500,2022-07-15,0.3139,57,0.0
15500,2022-07-20,0.2988,57,0.0
15500,2022-07-25,0.2646,57,0.0
15500,2022-07-30,0.2535,56,0.0175
15500,2022-08-14,0.3221,57,0.0
15500,2022-08-24,0.2962,57,0.0
15500,2022-09-03,0.0992,57,0.0
15500,2022-09-18,0.2801,57,0.0
15500,2022-09-23,0.2983,57,0.0
15500,2022-10-23,0.4118,57,0.0
15500,2022-11-17,0.3812,57,0.0
15500,2022-11-27,0.4464,57,0.0
15500,2022-12-02,0.3299,57,0.0
15500,2023-01-16,0.2239,55,0.0351
15500,2023-01-26,0.4097,57,0.0
15500,2023-02-20,0.299,57,0.0
15500,2023-03-02,0.4561,57,0.0
15500,2023-03-17,0.3805,57,0.0
15500,2023-03-22,0.4208,57,0.0
15500,2023-04-01,0.4828,57,0.0
15500,2023-04-11,0.4289,57,0.0
15500,2023-04-16,0.3881,52,0.0877
15500,2023-04-21,0.4157,57,0.0
15500,2023-05-01,0.4197,57,0.0
15500,2023-05-16,0.4076,57,0.0
15500,2023-05-21,0.4034,57,0.0
15500,2023-05-26,0.2753,57,0.0
15500,2023-06-05,0.2817,57,0.0
15500,2023-06-10,0.2953,57,0.0
15500,2023-06-20,0.3061,57,0.0
15500,2023-06-25,0.3109,57,0.0
15500,2023-07-05,0.3413,57,0.0
15500,2023-07-15,0.3501,57,0.0
15500,2023-07-25,0.3575,57,0.0
15500,2023-07-30,0.2523,48,0.1579
15500,2023-08-04,0.321,57,0.0
15500,2023-08-09,0.2649,57,0.0
15500,2023-08-24,0.2987,57,0.0
15500,2023-09-03,0.3787,57,0.0
15500,2023-09-08,0.4042,57,0.0
15500,2023-09-13,0.3415,57,0.0
15500,2023-09-18,0.3054,57,0.0
15500,2023-09-23,0.3059,57,0.0
15500,2023-10-23,0.439,57,0.0
15500,2023-11-07,0.4339,57,0.0
15500,2023-11-12,0.3963,57,0.0
15500,2023-11-17,0.3818,57,0.0
15500,2023-11-22,0.3689,57,0.0
15500,2023-12-02,0.4434,57,0.0
15500,2023-12-07,0.3992,57,0.0
15500,2023-12-27,0.373,57,0.0
15500,2024-01-11,0.3813,57,0.0
15500,2024-01-16,0.3928,57,0.0
15500,2024-02-05,0.4514,57,0.0
15500,2024-02-10,0.4426,57,0.0
15500,2024-03-11,0.4744,57,0.0
15500,2024-03-16,0.4637,57,0.0
15500,2024-03-31,0.4156,57,0.0
15500,2024-04-05,0.4084,57,0.0
15500,2024-04-10,0.4047,57,0.0
15500,2024-04-20,0.4087,57,0.0
15500,2024-04-30,0.361,57,0.0
15500,2024-05-05,0.3539,57,0.0
15500,2024-05-10,0.3273,57,0.0
15500,2024-05-20,0.2498,57,0.0
15500,2024-06-09,0.3416,57,0.0
15500,2024-06-14,0.3759,57,0.0
15500,2024-06-19,0.3263,57,0.0
15500,2024-06-24,0.3801,57,0.0
15500,2024-06-29,0.3365,57,0.0
15500,2024-07-14,0.2751,49,0.1404
15500,2024-07-19,0.3888,57,0.0
15500,2024-07-24,0.3914,57,0.0
15500,2024-07-29,0.2916,57,0.0
15500,2024-08-03,0.3034,57,0.0
15500,2024-08-08,0.2406,57,0.0
15500,2024-08-18,0.2974,57,0.0
15500,2024-08-23,0.2639,57,0.0
15500,2024-08-28,0.2803,57,0.0
15500,2024-09-02,0.3161,57,0.0
15500,2024-09-07,0.2876,57,0.0
15500,2024-09-12,0.2254,57,0.0
15500,2024-09-22,0.2611,57,0.0
15500,2024-10-02,0.2551,57,0.0
15500,2024-10-07,0.2362,57,0.0
15500,2024-10-22,0.3223,57,0.0
15500,2024-11-01,0.2978,57,0.0
15500,2024-11-11,0.3459,57,0.0
15500,2024-11-26,0.3072,57,0.0
15500,2025-01-05,0.3857,57,0.0
15500,2025-01-15,0.3072,57,0.0
15500,2025-01-20,0.3494,57,0.0
15500,2025-02-09,0.3727,57,0.0
15500,2025-02-14,0.3215,57,0.0
15500,2025-02-24,0.4638,57,0.0
15500,2025-03-01,0.456,57,0.0
15500,2025-03-06,0.3898,57,0.0
15500,2025-03-21,0.3964,57,0.0
15500,2025-03-31,0.3518,57,0.0
15500,2025-04-12,0.4336,57,0.0
15500,2025-04-15,0.4297,57,0.0
15500,2025-05-02,0.3703,57,0.0
15500,2025-05-05,0.3588,57,0.0
15500,2025-05-15,0.4053,57,0.0
15500,2025-05-20,0.3822,57,0.0
15500,2025-05-22,0.4193,57,0.0
15500,2025-05-25,0.4237,57,0.0
15500,2025-05-30,0.4002,57,0.0
15500,2025-06-04,0.3809,57,0.0
15500,2025-06-19,0.3123,57,0.0
15500,2025-06-29,0.2793,57,0.0
15500,2025-07-14,0.2861,57,0.0
15500,2025-07-19,0.3062,57,0.0
15500,2025-07-21,0.3181,57,0.0
15500,2025-07-24,0.0755,48,0.1579
15500,2025-07-29,0.3059,57,0.0
15500,2025-08-13,0.3301,57,0.0
15500,2025-08-23,0.2958,57,0.0
15500,2025-08-30,0.297,57,0.0
15500,2025-09-12,0.2342,57,0.0
15500,2025-09-27,0.2178,57,0.0
15500,2025-10-22,0.369,57,0.0
15500,2025-11-01,0.4006,57,0.0
15500,2025-11-11,0.4243,57,0.0
15500,2025-11-21,0.2667,57,0.0
15500,2025-11-26,0.2886,57,0.0
15500,2025-12-01,0.2898,57,0.0
15500,2025-12-06,0.3105,57,0.0
15500,2025-12-08,0.2624,57,0.0
15500,2025-12-11,0.2478,51,0.1053
15500,2025-12-21,0.3353,57,0.0
15500,2025-12-26,0.249,57,0.0
15500,2025-12-28,0.3574,57,0.0
15500,2026-01-10,0.3916,57,0.0
15500,2026-02-19,0.3139,57,0.0
15500,2026-03-01,0.361,57,0.0
15500,2026-03-16,0.3889,57,0.0
15500,2026-03-21,0.396,57,0.0
15500,2026-03-26,0.3925,57,0.0
15500,2026-03-28,0.4069,57,0.0
15500,2026-04-17,0.3959,57,0.0
15500,2026-04-20,0.4248,57,0.0
15500,2026-04-25,0.3414,57,0.0
15500,2026-05-05,0.3587,57,0.0
15500,2026-05-07,0.317,57,0.0
15500,2026-06-19,0.2743,57,0.0
15500,2026-06-29,0.2769,57,0.0
15500,2026-07-06,0.2926,57,0.0
15500,2026-07-09,0.34,57,0.0
15500,2026-07-19,0.3462,57,0.0
15500,2026-07-26,0.3733,57,0.0
15500,2026-07-29,0.3189,57,0.0
15500,2026-08-08,0.2171,57,0.0
15500,2026-08-18,0.3099,57,0.0
15500,2026-08-23,0.3517,57,0.0
15500,2026-09-04,0.361,57,0.0
16000,2019-01-07,0.2714,6,0.0
16000,2019-01-12,0.3356,6,0.0
16000,2019-01-17,0.2904,6,0.0
16000,2019-01-27,0.3183,6,0.0
16000,2019-02-01,0.3448,6,0.0
16000,2019-03-23,0.3729,6,0.0
16000,2019-04-02,0.329,6,0.0
16000,2019-04-12,0.3524,6,0.0
16000,2019-04-22,0.3033,6,0.0
16000,2019-04-27,0.2443,6,0.0
16000,2019-05-12,0.2592,6,0.0
16000,2019-05-22,0.241,6,0.0
16000,2019-05-27,0.2713,6,0.0
16000,2019-06-11,0.3202,6,0.0
16000,2019-06-16,0.2776,6,0.0
16000,2019-06-26,0.306,6,0.0
16000,2019-07-06,0.3139,6,0.0
16000,2019-07-11,0.2826,6,0.0
16000,2019-07-26,0.2955,6,0.0
16000,2019-07-31,0.3319,6,0.0
16000,2019-08-10,0.2084,6,0.0
16000,2019-08-15,0.2428,6,0.0
16000,2019-08-25,0.1975,5,0.1667
16000,2019-08-30,0.2079,6,0.0
16000,2019-09-09,0.269,6,0.0
16000,2019-09-19,0.1689,6,0.0
16000,2019-09-29,0.2942,6,0.0
16000,2019-10-04,0.2292,6,0.0
16000,2019-10-14,0.3148,6,0.0
16000,2019-10-19,0.2036,6,0.0
16000,2019-11-03,0.2728,6,0.0
16000,2019-11-13,0.3054,6,0.0
16000,2019-12-28,0.2711,6,0.0
16000,2020-01-07,0.3235,6,0.0
16000,2020-01-27,0.3935,6,0.0
16000,2020-03-12,0.2315,6,0.0
16000,2020-03-17,0.427,6,0.0
16000,2020-03-22,0.2519,6,0.0
16000,2020-03-27,0.3192,5,0.1667
16000,2020-04-01,0.3294,6,0.0
16000,2020-04-06,0.3406,6,0.0
16000,2020-04-21,0.2576,6,0.0
16000,2020-04-26,0.2796,6,0.0
16000,2020-05-01,0.2736,6,0.0
16000,2020-05-11,0.3275,6,0.0
16000,2020-05-16,0.201,6,0.0
16000,2020-05-21,0.2131,6,0.0
16000,2020-05-26,0.2123,6,0.0
16000,2020-05-31,0.2499,6,0.0
16000,2020-06-20,0.2404,6,0.0
16000,2020-06-30,0.2176,6,0.0
16000,2020-07-10,0.2434,6,0.0
16000,2020-07-20,0.2707,6,0.0
16000,2020-07-25,0.321,6,0.0
16000,2020-08-04,0.3548,6,0.0
16000,2020-08-09,0.2099,6,0.0
16000,2020-08-19,0.2317,6,0.0
16000,2020-08-24,0.2799,6,0.0
16000,2020-08-29,0.2404,6,0.0
16000,2020-09-03,0.3099,6,0.0
16000,2020-09-08,0.2693,6,0.0
16000,2020-09-13,0.3345,6,0.0
16000,2020-10-13,0.2099,6,0.0
16000,2020-10-18,0.1511,6,0.0
16000,2020-10-23,0.311,6,0.0
16000,2020-10-28,0.3566,6,0.0
16000,2020-11-07,0.28,6,0.0
16000,2020-11-22,0.2391,6,0.0
16000,2020-11-27,0.2278,6,0.0
16000,2021-01-16,0.2557,5,0.1667
16000,2021-02-10,0.2835,6,0.0
16000,2021-02-15,0.3113,6,0.0
16000,2021-03-02,0.2394,6,0.0
16000,2021-03-12,0.1953,6,0.0
16000,2021-03-22,0.2388,6,0.0
16000,2021-03-27,0.3264,6,0.0
16000,2021-04-11,0.2973,6,0.0
16000,2021-04-26,0.2397,6,0.0
16000,2021-05-01,0.2536,6,0.0
16000,2021-05-06,0.3044,6,0.0
16000,2021-05-11,0.178,6,0.0
16000,2021-05-21,0.2359,6,0.0
16000,2021-05-26,0.204,6,0.0
16000,2021-06-05,0.2417,6,0.0
16000,2021-06-15,0.2353,6,0.0
16000,2021-06-25,0.1616,5,0.1667
16000,2021-07-10,0.2441,6,0.0
16000,2021-07-20,0.2352,6,0.0
16000,2021-07-25,0.1968,6,0.0
16000,2021-07-30,0.234,6,0.0
16000,2021-08-09,0.1852,6,0.0
16000,2021-08-19,0.1012,6,0.0
16000,2021-08-24,0.2074,6,0.0
16000,2021-09-03,0.2322,6,0.0
16000,2021-09-08,0.2539,6,0.0
16000,2021-09-28,0.2807,6,0.0
16000,2021-10-13,0.2519,6,0.0
16000,2021-10-23,0.3254,6,0.0
16000,2021-11-07,0.2848,6,0.0
16000,2021-11-17,0.295,6,0.0
16000,2021-11-22,0.2512,6,0.0
16000,2021-12-12,0.2265,6,0.0
16000,2021-12-22,0.2755,6,0.0
16000,2022-01-16,0.3421,5,0.1667
16000,2022-01-21,0.2127,5,0.1667
16000,2022-01-26,0.3195,6,0.0
16000,2022-02-05,0.3437,6,0.0
16000,2022-02-10,0.2833,6,0.0
16000,2022-03-02,0.3253,6,0.0
16000,2022-03-07,0.3414,6,0.0
16000,2022-03-17,0.2919,6,0.0
16000,2022-03-22,0.271,6,0.0
16000,2022-04-11,0.2366,6,0.0
16000,2022-04-21,0.2886,6,0.0
16000,2022-04-26,0.3133,6,0.0
16000,2022-05-01,0.3378,6,0.0
16000,2022-05-11,0.3062,6,0.0
16000,2022-05-21,0.2961,6,0.0
16000,2022-05-26,0.314,6,0.0
16000,2022-06-05,0.2175,6,0.0
16000,2022-06-15,0.2418,6,0.0
16000,2022-06-25,0.2724,6,0.0
16000,2022-06-30,0.2551,6,0.0
16000,2022-07-05,0.216,6,0.0
16000,2022-07-15,0.2509,6,0.0
16000,2022-07-20,0.207,6,0.0
16000,2022-07-25,0.1696,6,0.0
16000,2022-07-30,0.1133,5,0.1667
16000,2022-08-14,0.2673,6,0.0
16000,2022-08-24,0.2126,6,0.0
16000,2022-09-03,0.1422,6,0.0
16000,2022-09-18,0.2309,6,0.0
16000,2022-09-23,0.1992,6,0.0
16000,2022-10-23,0.3158,6,0.0
16000,2022-11-17,0.2801,6,0.0
16000,2022-11-27,0.3671,6,0.0
16000,2022-12-02,0.284,6,0.0
16000,2022-12-17,0.2846,5,0.1667
16000,2023-01-01,0.207,6,0.0
16000,2023-01-26,0.3436,6,0.0
16000,2023-02-20,0.235,6,0.0
16000,2023-03-02,0.3601,6,0.0
16000,2023-03-17,0.2447,6,0.0
16000,2023-03-22,0.3518,6,0.0
16000,2023-04-01,0.3431,6,0.0
16000,2023-04-11,0.3988,6,0.0
16000,2023-04-16,0.3367,6,0.0
16000,2023-04-21,0.2628,6,0.0
16000,2023-05-01,0.2149,6,0.0
16000,2023-05-16,0.2909,6,0.0
16000,2023-05-21,0.2712,6,0.0
16000,2023-05-26,0.2749,6,0.0
16000,2023-06-05,0.2377,6,0.0
16000,2023-06-10,0.217,6,0.0
16000,2023-06-20,0.2047,6,0.0
16000,2023-06-25,0.216,6,0.0
16000,2023-07-05,0.2049,6,0.0
16000,2023-07-15,0.2427,6,0.0
16000,2023-07-25,0.1997,6,0.0
16000,2023-08-04,0.2346,6,0.0
16000,2023-08-09,0.178,6,0.0
16000,2023-08-24,0.179,6,0.0
16000,2023-09-03,0.1746,6,0.0
16000,2023-09-08,0.2715,6,0.0
16000,2023-09-13,0.2628,6,0.0
16000,2023-09-18,0.2661,6,0.0
16000,2023-09-23,0.2135,6,0.0
16000,2023-10-23,0.3348,6,0.0
16000,2023-11-07,0.2421,6,0.0
16000,2023-11-12,0.2472,6,0.0
16000,2023-12-02,0.3209,6,0.0
16000,2023-12-27,0.3068,6,0.0
16000,2024-01-11,0.3256,5,0.1667
16000,2024-02-05,0.2173,6,0.0
16000,2024-02-10,0.2813,6,0.0
16000,2024-03-11,0.2557,6,0.0
16000,2024-03-16,0.2941,6,0.0
16000,2024-03-26,0.2956,6,0.0
16000,2024-03-31,0.3774,6,0.0
16000,2024-04-05,0.3643,6,0.0
16000,2024-04-10,0.2761,6,0.0
16000,2024-04-20,0.2853,6,0.0
16000,2024-04-30,0.2796,6,0.0
16000,2024-05-05,0.3397,6,0.0
16000,2024-05-10,0.2138,6,0.0
16000,2024-05-20,0.1604,6,0.0
16000,2024-06-09,0.1997,6,0.0
16000,2024-06-14,0.2188,6,0.0
16000,2024-06-19,0.2321,6,0.0
16000,2024-06-24,0.2692,6,0.0
16000,2024-06-29,0.2298,6,0.0
16000,2024-07-14,0.1994,6,0.0
16000,2024-07-19,0.2673,6,0.0
16000,2024-07-24,0.2489,6,0.0
16000,2024-07-29,0.1511,6,0.0
16000,2024-08-03,0.2083,6,0.0
16000,2024-08-08,0.175,6,0.0
16000,2024-08-18,0.2165,6,0.0
16000,2024-08-23,0.1686,6,0.0
16000,2024-08-28,0.2135,6,0.0
16000,2024-09-02,0.2114,6,0.0
16000,2024-09-07,0.1754,6,0.0
16000,2024-09-12,0.2145,6,0.0
16000,2024-09-22,0.195,6,0.0
16000,2024-10-02,0.2122,6,0.0
16000,2024-10-07,0.1519,6,0.0
16000,2024-10-17,0.1701,6,0.0
16000,2024-10-22,0.2375,6,0.0
16000,2024-11-01,0.2886,6,0.0
16000,2024-11-11,0.233,6,0.0
16000,2024-11-26,0.1994,6,0.0
16000,2024-12-01,0.213,5,0.1667
16000,2024-12-06,0.1208,6,0.0
16000,2024-12-31,0.2627,6,0.0
16000,2025-01-05,0.1394,6,0.0
16000,2025-01-15,0.2566,6,0.0
16000,2025-01-20,0.3561,6,0.0
16000,2025-01-25,0.2555,5,0.1667
16000,2025-02-09,0.3533,6,0.0
16000,2025-02-14,0.2594,6,0.0
16000,2025-02-24,0.3005,6,0.0
16000,2025-03-01,0.3686,6,0.0
16000,2025-03-06,0.2281,6,0.0
16000,2025-03-21,0.3265,6,0.0
16000,2025-03-31,0.2834,6,0.0
16000,2025-04-10,0.326,6,0.0
16000,2025-04-12,0.3344,6,0.0
16000,2025-04-15,0.2822,6,0.0
16000,2025-05-02,0.2356,6,0.0
16000,2025-05-05,0.171,6,0.0
16000,2025-05-15,0.2103,6,0.0
16000,2025-05-20,0.2127,6,0.0
16000,2025-05-22,0.2437,6,0.0
16000,2025-05-25,0.2691,6,0.0
16000,2025-05-30,0.2471,6,0.0
16000,2025-06-04,0.2717,6,0.0
16000,2025-06-19,0.2257,6,0.0
16000,2025-06-29,0.205,6,0.0
16000,2025-07-14,0.2292,6,0.0
16000,2025-07-19,0.2827,6,0.0
16000,2025-07-21,0.254,6,0.0
16000,2025-07-29,0.3066,6,0.0
16000,2025-08-03,0.2424,6,0.0
16000,2025-08-13,0.2734,6,0.0
16000,2025-08-30,0.2938,6,0.0
16000,2025-09-12,0.2029,6,0.0
16000,2025-09-27,0.2093,6,0.0
16000,2025-10-22,0.2582,6,0.0
16000,2025-11-01,0.3126,6,0.0
16000,2025-11-11,0.3289,6,0.0
16000,2025-11-21,0.1781,6,0.0
16000,2025-11-26,0.2587,6,0.0
16000,2025-12-01,0.2809,6,0.0
16000,2025-12-06,0.2419,6,0.0
16000,2025-12-08,0.2208,6,0.0
16000,2025-12-11,0.2602,6,0.0
16000,2025-12-21,0.3776,6,0.0
16000,2025-12-28,0.3754,6,0.0
16000,2026-01-10,0.3193,6,0.0
16000,2026-02-19,0.2616,6,0.0
16000,2026-03-16,0.377,6,0.0
16000,2026-03-26,0.3353,6,0.0
16000,2026-03-28,0.3457,6,0.0
16000,2026-04-05,0.2169,6,0.0
16000,2026-04-17,0.3031,6,0.0
16000,2026-04-20,0.2822,6,0.0
16000,2026-04-25,0.184,6,0.0
16000,2026-05-05,0.2939,6,0.0
16000,2026-05-07,0.2925,6,0.0
16000,2026-06-19,0.2421,6,0.0
16000,2026-06-29,0.2954,6,0.0
16000,2026-07-06,0.2757,6,0.0
16000,2026-07-09,0.255,6,0.0
16000,2026-07-19,0.2837,6,0.0
16000,2026-07-26,0.316,6,0.0
16000,2026-07-29,0.2913,6,0.0
16000,2026-08-08,0.2193,6,0.0
16000,2026-08-18,0.3067,6,0.0
16000,2026-08-23,0.1921,6,0.0
16000,2026-09-04,0.1695,6,0.0
16500,2019-01-07,0.2713,163,0.0
16500,2019-01-12,0.2839,163,0.0
16500,2019-01-17,0.2999,163,0.0
16500,2019-01-27,0.2183,163,0.0
16500,2019-02-01,0.2454,163,0.0
16500,2019-03-23,0.2354,163,0.0
16500,2019-04-02,0.2798,163,0.0
16500,2019-04-12,0.3132,154,0.0552
16500,2019-04-22,0.2188,163,0.0
16500,2019-04-27,0.2528,163,0.0
16500,2019-05-12,0.2076,163,0.0
16500,2019-05-22,0.2822,163,0.0
16500,2019-05-27,0.331,163,0.0
16500,2019-06-06,0.2833,150,0.0798
16500,2019-06-11,0.249,163,0.0
16500,2019-06-16,0.2474,163,0.0
16500,2019-06-26,0.2978,163,0.0
16500,2019-07-06,0.3723,163,0.0
16500,2019-07-11,0.3412,163,0.0
16500,2019-07-26,0.3076,163,0.0
16500,2019-07-31,0.2549,163,0.0
16500,2019-08-10,0.1647,163,0.0
16500,2019-08-15,0.17,163,0.0
16500,2019-08-25,0.1419,163,0.0
16500,2019-08-30,0.136,163,0.0
16500,2019-09-09,0.1826,163,0.0
16500,2019-09-14,0.0811,133,0.184
16500,2019-09-19,0.1513,163,0.0
16500,2019-09-29,0.2254,163,0.0
16500,2019-10-04,0.22,163,0.0
16500,2019-10-14,0.2573,163,0.0
16500,2019-10-19,0.192,163,0.0
16500,2019-11-03,0.2235,163,0.0
16500,2019-11-13,0.2552,163,0.0
16500,2019-12-28,0.2567,135,0.1718
16500,2020-01-07,0.3034,163,0.0
16500,2020-01-27,0.3342,163,0.0
16500,2020-03-12,0.2983,163,0.0
16500,2020-03-17,0.2862,163,0.0
16500,2020-03-22,0.2942,163,0.0
16500,2020-04-06,0.2629,163,0.0
16500,2020-04-21,0.2135,163,0.0
16500,2020-04-26,0.1964,163,0.0
16500,2020-05-01,0.1865,163,0.0
16500,2020-05-11,0.2413,163,0.0
16500,2020-05-16,0.1905,163,0.0
16500,2020-05-21,0.1833,163,0.0
16500,2020-05-26,0.204,163,0.0
16500,2020-05-31,0.2019,163,0.0
16500,2020-06-20,0.2188,163,0.0
16500,2020-06-30,0.202,163,0.0
16500,2020-07-10,0.2161,163,0.0
16500,2020-07-20,0.2605,163,0.0
16500,2020-07-25,0.2084,163,0.0
16500,2020-08-04,0.2311,163,0.0
16500,2020-08-09,0.212,163,0.0
16500,2020-08-19,0.2504,163,0.0
16500,2020-08-24,0.262,163,0.0
16500,2020-08-29,0.2685,163,0.0
16500,2020-09-03,0.2569,163,0.0
16500,2020-09-08,0.2117,163,0.0
16500,2020-09-13,0.2065,163,0.0
16500,2020-10-13,0.1811,163,0.0
16500,2020-10-18,0.1765,163,0.0
16500,2020-10-23,0.2687,163,0.0
16500,2020-10-28,0.3226,163,0.0
16500,2020-11-07,0.2214,163,0.0
16500,2020-11-22,0.2626,133,0.184
16500,2020-11-27,0.2969,136,0.1656
16500,2021-01-16,0.2054,146,0.1043
16500,2021-02-10,0.2964,159,0.0245
16500,2021-02-15,0.3218,161,0.0123
16500,2021-03-02,0.2405,163,0.0
16500,2021-03-12,0.2893,163,0.0
16500,2021-03-22,0.2102,163,0.0
16500,2021-03-27,0.2372,163,0.0
16500,2021-04-11,0.2337,163,0.0
16500,2021-04-26,0.2712,163,0.0
16500,2021-05-01,0.2738,163,0.0
16500,2021-05-06,0.2745,163,0.0
16500,2021-05-11,0.2469,163,0.0
16500,2021-05-21,0.2156,163,0.0
16500,2021-05-26,0.2373,163,0.0
16500,2021-06-05,0.2781,163,0.0
16500,2021-06-15,0.2221,163,0.0
16500,2021-07-10,0.2047,163,0.0
16500,2021-07-20,0.2154,163,0.0
16500,2021-07-25,0.1577,163,0.0
16500,2021-07-30,0.1669,163,0.0
16500,2021-08-09,0.183,163,0.0
16500,2021-08-19,0.1867,163,0.0
16500,2021-08-24,0.2045,163,0.0
16500,2021-09-03,0.2626,163,0.0
16500,2021-09-08,0.1809,163,0.0
16500,2021-09-28,0.2544,163,0.0
16500,2021-10-13,0.2958,163,0.0
16500,2021-10-23,0.1903,163,0.0
16500,2021-11-07,0.2896,163,0.0
16500,2021-11-17,0.2978,163,0.0
16500,2021-11-22,0.3311,163,0.0
16500,2021-12-12,0.284,163,0.0
16500,2021-12-22,0.2437,163,0.0
16500,2022-01-16,0.1981,163,0.0
16500,2022-01-21,0.2093,152,0.0675
16500,2022-01-26,0.3112,163,0.0
16500,2022-02-05,0.3112,161,0.0123
16500,2022-02-10,0.311,142,0.1288
16500,2022-03-02,0.2756,163,0.0
16500,2022-03-07,0.2759,163,0.0
16500,2022-03-17,0.2139,163,0.0
16500,2022-03-22,0.2922,163,0.0
16500,2022-04-11,0.2781,163,0.0
16500,2022-04-21,0.3093,163,0.0
16500,2022-04-26,0.3118,163,0.0
16500,2022-05-01,0.3131,163,0.0
16500,2022-05-11,0.1924,163,0.0
16500,2022-05-21,0.2474,163,0.0
16500,2022-05-26,0.2275,163,0.0
16500,2022-06-05,0.2705,163,0.0
16500,2022-06-15,0.2645,139,0.1472
16500,2022-06-25,0.2431,163,0.0
16500,2022-06-30,0.2563,163,0.0
16500,2022-07-05,0.2397,163,0.0
16500,2022-07-15,0.1846,163,0.0
16500,2022-07-20,0.1609,163,0.0
16500,2022-07-25,0.1672,163,0.0
16500,2022-08-14,0.2315,163,0.0
16500,2022-08-24,0.235,163,0.0
16500,2022-09-18,0.23,163,0.0
16500,2022-09-23,0.2524,163,0.0
16500,2022-10-23,0.3101,163,0.0
16500,2022-11-17,0.2994,163,0.0
16500,2022-11-27,0.2196,163,0.0
16500,2022-12-02,0.2318,163,0.0
16500,2022-12-17,0.2433,143,0.1227
16500,2023-01-16,0.2415,149,0.0859
16500,2023-01-26,0.3216,163,0.0
16500,2023-02-20,0.3066,163,0.0
16500,2023-03-17,0.2843,163,0.0
16500,2023-03-22,0.3227,163,0.0
16500,2023-04-01,0.3798,163,0.0
16500,2023-04-11,0.2006,163,0.0
16500,2023-04-21,0.2956,163,0.0
16500,2023-05-01,0.3176,163,0.0
16500,2023-05-16,0.3345,163,0.0
16500,2023-05-21,0.3177,163,0.0
16500,2023-05-26,0.287,163,0.0
16500,2023-06-05,0.1839,163,0.0
16500,2023-06-10,0.1816,163,0.0
16500,2023-06-20,0.2275,163,0.0
16500,2023-06-25,0.2295,163,0.0
16500,2023-07-05,0.257,163,0.0
16500,2023-07-15,0.2685,163,0.0
16500,2023-07-25,0.1751,163,0.0
16500,2023-07-30,0.1263,134,0.1779
16500,2023-08-04,0.1575,163,0.0
16500,2023-08-09,0.1338,163,0.0
16500,2023-08-24,0.1911,163,0.0
16500,2023-09-03,0.2708,163,0.0
16500,2023-09-08,0.3039,163,0.0
16500,2023-09-13,0.2905,163,0.0
16500,2023-09-18,0.2654,163,0.0
16500,2023-09-23,0.1763,163,0.0
16500,2023-10-23,0.3497,163,0.0
16500,2023-11-07,0.2785,163,0.0
16500,2023-11-12,0.2843,163,0.0
16500,2023-12-02,0.3583,163,0.0
16500,2023-12-07,0.3153,133,0.184
16500,2023-12-27,0.1862,163,0.0
16500,2024-02-05,0.334,163,0.0
16500,2024-02-10,0.2865,131,0.1963
16500,2024-03-11,0.2785,163,0.0
16500,2024-03-16,0.2916,159,0.0245
16500,2024-03-26,0.2155,163,0.0
16500,2024-03-31,0.2879,163,0.0
16500,2024-04-05,0.3089,163,0.0
16500,2024-04-10,0.337,163,0.0
16500,2024-04-20,0.3426,163,0.0
16500,2024-04-30,0.1828,163,0.0
16500,2024-05-05,0.1984,163,0.0
16500,2024-05-10,0.2043,163,0.0
16500,2024-05-20,0.2137,163,0.0
16500,2024-06-09,0.1832,163,0.0
16500,2024-06-14,0.2098,163,0.0
16500,2024-06-19,0.2073,163,0.0
16500,2024-06-24,0.1376,163,0.0
16500,2024-06-29,0.1353,163,0.0
16500,2024-07-14,0.1376,144,0.1166
16500,2024-07-19,0.1241,163,0.0
16500,2024-07-24,0.1077,163,0.0
16500,2024-07-29,0.091,163,0.0
16500,2024-08-03,0.0616,163,0.0
16500,2024-08-08,0.0676,163,0.0
16500,2024-08-18,0.071,163,0.0
16500,2024-08-23,0.046,163,0.0
16500,2024-08-28,0.0735,163,0.0
16500,2024-09-02,0.0419,163,0.0
16500,2024-09-07,0.0457,163,0.0
16500,2024-09-12,0.0516,163,0.0
16500,2024-09-22,0.0574,163,0.0
16500,2024-10-02,0.0515,163,0.0
16500,2024-10-07,0.0695,163,0.0
16500,2024-10-17,0.0676,156,0.0429
16500,2024-10-22,0.0206,163,0.0
16500,2024-11-01,0.0598,163,0.0
16500,2024-11-11,0.0559,163,0.0
16500,2024-11-26,0.0555,163,0.0
16500,2024-12-06,0.038,158,0.0307
16500,2024-12-31,0.0575,163,0.0
16500,2025-01-05,0.0228,158,0.0307
16500,2025-01-15,0.0642,163,0.0
16500,2025-01-20,0.0419,151,0.0736
16500,2025-02-09,0.072,163,0.0
16500,2025-02-19,0.0813,136,0.1656
16500,2025-02-24,0.1029,163,0.0
16500,2025-03-01,0.0729,163,0.0
16500,2025-03-06,0.0962,163,0.0
16500,2025-03-31,0.0594,163,0.0
16500,2025-04-10,0.0528,155,0.0491
16500,2025-04-12,0.105,163,0.0
16500,2025-04-15,0.1106,163,0.0
16500,2025-05-02,0.0946,163,0.0
16500,2025-05-05,0.0989,163,0.0
16500,2025-05-15,0.0931,163,0.0
16500,2025-05-20,0.0654,163,0.0
16500,2025-05-22,0.0672,163,0.0
16500,2025-05-25,0.085,163,0.0
16500,2025-05-30,0.0931,163,0.0
16500,2025-06-04,0.0751,163,0.0
16500,2025-06-19,0.0754,163,0.0
16500,2025-06-29,0.0691,163,0.0
16500,2025-07-14,0.0814,163,0.0
16500,2025-07-19,0.0727,163,0.0
16500,2025-07-21,0.0699,163,0.0
16500,2025-07-29,0.0848,163,0.0
16500,2025-08-03,0.0946,163,0.0
16500,2025-08-13,0.0941,163,0.0
16500,2025-08-30,0.072,163,0.0
16500,2025-09-27,0.0807,163,0.0
16500,2025-10-22,0.0933,163,0.0
16500,2025-11-01,0.0692,163,0.0
16500,2025-11-11,0.093,163,0.0
16500,2025-11-21,0.0886,163,0.0
16500,2025-12-01,0.0814,163,0.0
16500,2025-12-06,0.0674,163,0.0
16500,2025-12-08,0.0362,163,0.0
16500,2025-12-11,0.0878,162,0.0061
16500,2025-12-21,0.0852,163,0.0
16500,2025-12-28,0.0792,163,0.0
16500,2026-01-10,0.1063,163,0.0
16500,2026-03-16,0.1023,163,0.0
16500,2026-03-26,0.0684,163,0.0
16500,2026-03-28,0.0841,163,0.0
16500,2026-04-05,0.0381,135,0.1718
16500,2026-04-17,0.0868,163,0.0
16500,2026-04-20,0.1154,163,0.0
16500,2026-05-05,0.0876,163,0.0
16500,2026-05-07,0.11,163,0.0
16500,2026-06-19,0.0965,163,0.0
16500,2026-06-29,0.0807,163,0.0
16500,2026-07-09,0.1024,163,0.0
16500,2026-07-19,0.0911,163,0.0
16500,2026-07-26,0.0869,163,0.0
16500,2026-07-29,0.0811,163,0.0
16500,2026-08-08,0.0887,163,0.0
16500,2026-08-18,0.084,163,0.0
16500,2026-08-23,0.0844,163,0.0
16500,2026-09-04,0.0806,163,0.0
17000,2019-01-07,0.3455,39,0.0
17000,2019-01-12,0.3576,39,0.0
17000,2019-01-17,0.3261,39,0.0
17000,2019-01-27,0.4309,39,0.0
17000,2019-02-01,0.439,39,0.0
17000,2019-02-11,0.4124,38,0.0256
17000,2019-03-18,0.3774,36,0.0769
17000,2019-03-23,0.4478,39,0.0
17000,2019-04-02,0.4731,39,0.0
17000,2019-04-07,0.2488,39,0.0
17000,2019-04-22,0.2947,39,0.0
17000,2019-04-27,0.1979,39,0.0
17000,2019-05-12,0.3075,39,0.0
17000,2019-05-22,0.2354,39,0.0
17000,2019-05-27,0.2566,39,0.0
17000,2019-06-06,0.157,39,0.0
17000,2019-06-11,0.2863,39,0.0
17000,2019-06-16,0.252,39,0.0
17000,2019-06-26,0.3065,39,0.0
17000,2019-07-06,0.331,39,0.0
17000,2019-07-11,0.3432,39,0.0
17000,2019-07-26,0.3047,39,0.0
17000,2019-07-31,0.3726,39,0.0
17000,2019-08-05,0.1925,39,0.0
17000,2019-08-10,0.2869,39,0.0
17000,2019-08-15,0.2944,39,0.0
17000,2019-08-30,0.2871,39,0.0
17000,2019-09-09,0.3054,39,0.0
17000,2019-09-19,0.1985,39,0.0
17000,2019-09-29,0.3266,39,0.0
17000,2019-10-04,0.2559,39,0.0
17000,2019-10-14,0.3229,39,0.0
17000,2019-10-19,0.2413,39,0.0
17000,2019-11-03,0.3494,39,0.0
17000,2019-11-13,0.4077,39,0.0
17000,2019-11-23,0.3571,39,0.0
17000,2020-01-07,0.3405,39,0.0
17000,2020-01-27,0.4288,39,0.0
17000,2020-03-12,0.2843,39,0.0
17000,2020-03-17,0.4705,39,0.0
17000,2020-03-22,0.2711,39,0.0
17000,2020-04-06,0.4014,39,0.0
17000,2020-04-16,0.284,34,0.1282
17000,2020-04-21,0.3189,39,0.0
17000,2020-04-26,0.3095,39,0.0
17000,2020-05-01,0.219,39,0.0
17000,2020-05-11,0.3501,39,0.0
17000,2020-05-16,0.2943,39,0.0
17000,2020-05-21,0.2305,39,0.0
17000,2020-05-26,0.2251,39,0.0
17000,2020-05-31,0.2629,39,0.0
17000,2020-06-20,0.2679,39,0.0
17000,2020-06-30,0.2202,39,0.0
17000,2020-07-10,0.2414,39,0.0
17000,2020-07-20,0.2991,39,0.0
17000,2020-07-25,0.3425,39,0.0
17000,2020-08-04,0.3688,39,0.0
17000,2020-08-09,0.307,39,0.0
17000,2020-08-19,0.3029,39,0.0
17000,2020-08-24,0.3177,39,0.0
17000,2020-08-29,0.3414,39,0.0
17000,2020-09-03,0.4264,39,0.0
17000,2020-09-08,0.3212,39,0.0
17000,2020-09-13,0.3726,39,0.0
17000,2020-10-13,0.2407,39,0.0
17000,2020-10-18,0.1469,39,0.0
17000,2020-10-23,0.2713,39,0.0
17000,2020-10-28,0.3183,39,0.0
17000,2020-11-07,0.2639,39,0.0
17000,2020-11-27,0.3368,39,0.0
17000,2021-01-16,0.2555,38,0.0256
17000,2021-02-10,0.312,38,0.0256
17000,2021-02-15,0.2173,33,0.1538
17000,2021-02-20,0.3765,35,0.1026
17000,2021-03-02,0.253,39,0.0
17000,2021-03-12,0.2372,39,0.0
17000,2021-03-22,0.2586,39,0.0
17000,2021-03-27,0.3118,39,0.0
17000,2021-04-01,0.2727,34,0.1282
17000,2021-04-11,0.3273,39,0.0
17000,2021-04-26,0.2445,39,0.0
17000,2021-05-01,0.2635,39,0.0
17000,2021-05-06,0.2959,39,0.0
17000,2021-05-11,0.2138,38,0.0256
17000,2021-05-21,0.3011,39,0.0
17000,2021-05-26,0.25,39,0.0
17000,2021-06-05,0.2679,39,0.0
17000,2021-06-15,0.2176,39,0.0
17000,2021-07-10,0.2363,39,0.0
17000,2021-07-20,0.2254,39,0.0
17000,2021-07-25,0.1909,39,0.0
17000,2021-07-30,0.2372,39,0.0
17000,2021-08-09,0.2713,39,0.0
17000,2021-08-19,0.1302,39,0.0
17000,2021-08-24,0.2202,39,0.0
17000,2021-09-03,0.2599,39,0.0
17000,2021-09-08,0.2727,39,0.0
17000,2021-09-23,0.2715,34,0.1282
17000,2021-09-28,0.2562,39,0.0
17000,2021-10-13,0.2291,39,0.0
17000,2021-10-23,0.3032,39,0.0
17000,2021-11-07,0.3501,39,0.0
17000,2021-11-17,0.3415,39,0.0
17000,2021-11-22,0.3307,39,0.0
17000,2021-12-02,0.2865,32,0.1795
17000,2021-12-12,0.3113,39,0.0
17000,2021-12-22,0.2759,39,0.0
17000,2022-01-16,0.2662,39,0.0
17000,2022-01-26,0.3707,39,0.0
17000,2022-02-05,0.3681,39,0.0
17000,2022-02-10,0.3341,39,0.0
17000,2022-03-02,0.3811,39,0.0
17000,2022-03-07,0.3575,39,0.0
17000,2022-03-22,0.3334,39,0.0
17000,2022-04-11,0.286,39,0.0
17000,2022-04-21,0.3072,39,0.0
17000,2022-04-26,0.3766,39,0.0
17000,2022-05-01,0.3515,39,0.0
17000,2022-05-11,0.3528,39,0.0
17000,2022-05-21,0.318,39,0.0
17000,2022-05-26,0.3116,39,0.0
17000,2022-06-05,0.2547,39,0.0
17000,2022-06-25,0.3119,39,0.0
17000,2022-06-30,0.2868,39,0.0
17000,2022-07-05,0.2286,39,0.0
17000,2022-07-15,0.2835,39,0.0
17000,2022-07-20,0.2238,39,0.0
17000,2022-07-25,0.198,39,0.0
17000,2022-08-14,0.3497,39,0.0
17000,2022-08-24,0.2368,39,0.0
17000,2022-09-18,0.2693,39,0.0
17000,2022-09-23,0.2317,39,0.0
17000,2022-10-23,0.3866,39,0.0
17000,2022-11-17,0.3306,39,0.0
17000,2022-11-27,0.4678,39,0.0
17000,2022-12-02,0.2945,39,0.0
17000,2022-12-17,0.3136,39,0.0
17000,2023-01-26,0.3219,39,0.0
17000,2023-02-20,0.3275,39,0.0
17000,2023-03-17,0.2671,39,0.0
17000,2023-03-22,0.3338,39,0.0
17000,2023-04-01,0.3096,39,0.0
17000,2023-04-11,0.3761,39,0.0
17000,2023-04-21,0.3301,39,0.0
17000,2023-05-01,0.2749,39,0.0
17000,2023-05-16,0.2893,39,0.0
17000,2023-05-21,0.303,39,0.0
17000,2023-05-26,0.2697,39,0.0
17000,2023-06-05,0.2635,39,0.0
17000,2023-06-10,0.2603,39,0.0
17000,2023-06-20,0.2726,39,0.0
17000,2023-06-25,0.2283,39,0.0
17000,2023-07-05,0.2003,39,0.0
17000,2023-07-15,0.2048,39,0.0
17000,2023-07-25,0.2012,39,0.0
17000,2023-08-04,0.22,39,0.0
17000,2023-08-09,0.2258,39,0.0
17000,2023-08-24,0.2287,39,0.0
17000,2023-09-03,0.2802,39,0.0
17000,2023-09-08,0.2959,39,0.0
17000,2023-09-13,0.2477,39,0.0
17000,2023-09-18,0.2673,39,0.0
17000,2023-09-23,0.2278,39,0.0
17000,2023-10-23,0.3198,39,0.0
17000,2023-11-07,0.4276,39,0.0
17000,2023-11-12,0.3263,39,0.0
17000,2023-12-02,0.4503,39,0.0
17000,2023-12-07,0.2902,39,0.0
17000,2023-12-27,0.3708,39,0.0
17000,2024-01-06,0.3813,38,0.0256
17000,2024-01-11,0.2124,35,0.1026
17000,2024-02-05,0.4857,39,0.0
17000,2024-03-11,0.4244,39,0.0
17000,2024-03-16,0.3849,39,0.0
17000,2024-03-26,0.3235,39,0.0
17000,2024-03-31,0.3728,39,0.0
17000,2024-04-05,0.3929,39,0.0
17000,2024-04-10,0.3529,39,0.0
17000,2024-04-20,0.3266,39,0.0
17000,2024-04-30,0.331,39,0.0
17000,2024-05-05,0.451,39,0.0
17000,2024-05-10,0.2894,39,0.0
17000,2024-05-20,0.2238,39,0.0
17000,2024-06-09,0.2567,39,0.0
17000,2024-06-14,0.3176,39,0.0
17000,2024-06-19,0.2352,39,0.0
17000,2024-06-24,0.3361,39,0.0
17000,2024-06-29,0.266,39,0.0
17000,2024-07-14,0.2287,39,0.0
17000,2024-07-19,0.2358,39,0.0
17000,2024-07-24,0.2679,39,0.0
17000,2024-07-29,0.2675,39,0.0
17000,2024-08-03,0.3042,39,0.0
17000,2024-08-08,0.2373,39,0.0
17000,2024-08-18,0.2998,39,0.0
17000,2024-08-23,0.2698,39,0.0
17000,2024-08-28,0.2513,39,0.0
17000,2024-09-02,0.3609,39,0.0
17000,2024-09-07,0.3091,39,0.0
17000,2024-09-12,0.2674,39,0.0
17000,2024-09-22,0.2711,39,0.0
17000,2024-10-02,0.3261,39,0.0
17000,2024-10-07,0.2489,39,0.0
17000,2024-10-17,0.227,39,0.0
17000,2024-10-22,0.2906,39,0.0
17000,2024-11-01,0.3733,37,0.0513
17000,2024-11-11,0.2987,39,0.0
17000,2024-11-26,0.3217,39,0.0
17000,2024-12-06,0.2681,39,0.0
17000,2024-12-31,0.3257,39,0.0
17000,2025-01-05,0.2551,39,0.0
17000,2025-01-15,0.2903,39,0.0
17000,2025-02-09,0.3579,39,0.0
17000,2025-02-19,0.3652,39,0.0
17000,2025-02-24,0.3663,39,0.0
17000,2025-03-01,0.3592,39,0.0
17000,2025-03-06,0.3551,39,0.0
17000,2025-03-31,0.2794,39,0.0
17000,2025-04-12,0.3548,39,0.0
17000,2025-04-15,0.3388,39,0.0
17000,2025-05-02,0.3655,39,0.0
17000,2025-05-05,0.3178,39,0.0
17000,2025-05-15,0.3124,39,0.0
17000,2025-05-20,0.345,39,0.0
17000,2025-05-22,0.4084,39,0.0
17000,2025-05-25,0.3802,39,0.0
17000,2025-05-30,0.3844,39,0.0
17000,2025-06-04,0.3393,39,0.0
17000,2025-06-19,0.3534,39,0.0
17000,2025-06-29,0.3183,39,0.0
17000,2025-07-14,0.2844,39,0.0
17000,2025-07-19,0.3118,39,0.0
17000,2025-07-21,0.2998,39,0.0
17000,2025-07-29,0.2916,39,0.0
17000,2025-08-13,0.31,39,0.0
17000,2025-08-30,0.3269,39,0.0
17000,2025-09-27,0.3184,39,0.0
17000,2025-10-22,0.297,39,0.0
17000,2025-11-01,0.3212,39,0.0
17000,2025-11-11,0.3255,39,0.0
17000,2025-11-21,0.327,39,0.0
17000,2025-12-01,0.3304,39,0.0
17000,2025-12-06,0.3003,39,0.0
17000,2025-12-08,0.2817,39,0.0
17000,2025-12-11,0.3377,39,0.0
17000,2025-12-21,0.3339,39,0.0
17000,2025-12-28,0.3916,39,0.0
17000,2026-01-10,0.3306,39,0.0
17000,2026-02-19,0.2949,33,0.1538
17000,2026-03-16,0.3478,39,0.0
17000,2026-03-21,0.3079,39,0.0
17000,2026-03-26,0.3266,39,0.0
17000,2026-03-28,0.3774,39,0.0
17000,2026-04-17,0.4195,39,0.0
17000,2026-04-20,0.3419,39,0.0
17000,2026-05-05,0.3253,39,0.0
17000,2026-06-19,0.2342,39,0.0
17000,2026-06-29,0.3033,39,0.0
17000,2026-07-09,0.3176,39,0.0
17000,2026-07-19,0.2954,39,0.0
17000,2026-07-26,0.3182,39,0.0
17000,2026-07-29,0.2551,39,0.0
17000,2026-08-08,0.2204,39,0.0
17000,2026-08-18,0.2912,39,0.0
17000,2026-08-23,0.28,39,0.0
17000,2026-09-04,0.2736,39,0.0
17500,2019-01-07,0.5104,168,0.0
17500,2019-01-12,0.4117,168,0.0
17500,2019-01-17,0.4358,168,0.0
17500,2019-01-27,0.5635,168,0.0
17500,2019-02-01,0.4831,168,0.0
17500,2019-02-11,0.4474,168,0.0
17500,2019-03-18,0.4936,168,0.0
17500,2019-03-23,0.5604,168,0.0
17500,2019-04-02,0.5366,168,0.0
17500,2019-04-07,0.5452,162,0.0357
17500,2019-04-22,0.3257,168,0.0
17500,2019-04-27,0.4888,168,0.0
17500,2019-05-12,0.4756,166,0.0119
17500,2019-05-22,0.511,168,0.0
17500,2019-05-27,0.5406,168,0.0
17500,2019-06-06,0.464,168,0.0
17500,2019-06-11,0.4958,168,0.0
17500,2019-06-16,0.4467,168,0.0
17500,2019-06-21,0.1415,141,0.1607
17500,2019-06-26,0.4785,168,0.0
17500,2019-07-06,0.5375,168,0.0
17500,2019-07-11,0.4981,168,0.0
17500,2019-07-26,0.4046,168,0.0
17500,2019-07-31,0.4348,168,0.0
17500,2019-08-05,0.2162,168,0.0
17500,2019-08-10,0.3759,168,0.0
17500,2019-08-15,0.3926,168,0.0
17500,2019-08-30,0.3345,168,0.0
17500,2019-09-09,0.3816,168,0.0
17500,2019-09-19,0.3023,168,0.0
17500,2019-09-29,0.4121,168,0.0
17500,2019-10-04,0.3804,168,0.0
17500,2019-10-14,0.4051,168,0.0
17500,2019-10-19,0.3066,168,0.0
17500,2019-10-24,0.1923,158,0.0595
17500,2019-11-03,0.4112,168,0.0
17500,2019-11-13,0.4252,168,0.0
17500,2019-11-23,0.4346,168,0.0
17500,2019-12-28,0.4374,157,0.0655
17500,2020-01-07,0.4669,168,0.0
17500,2020-01-27,0.4819,168,0.0
17500,2020-03-07,0.4199,162,0.0357
17500,2020-03-12,0.467,168,0.0
17500,2020-03-17,0.5172,168,0.0
17500,2020-03-22,0.4673,168,0.0
17500,2020-04-06,0.4897,168,0.0
17500,2020-04-21,0.4422,168,0.0
17500,2020-04-26,0.4199,168,0.0
17500,2020-05-01,0.26,168,0.0
17500,2020-05-11,0.3996,168,0.0
17500,2020-05-16,0.3454,168,0.0
17500,2020-05-21,0.323,168,0.0
17500,2020-05-26,0.3505,168,0.0
17500,2020-05-31,0.2808,168,0.0
17500,2020-06-20,0.3291,168,0.0
17500,2020-06-30,0.3343,168,0.0
17500,2020-07-10,0.3472,168,0.0
17500,2020-07-20,0.4082,168,0.0
17500,2020-07-25,0.3896,168,0.0
17500,2020-08-04,0.4273,168,0.0
17500,2020-08-09,0.3968,165,0.0179
17500,2020-08-19,0.4079,168,0.0
17500,2020-08-24,0.4285,168,0.0
17500,2020-08-29,0.4129,168,0.0
17500,2020-09-03,0.3962,168,0.0
17500,2020-09-08,0.3998,168,0.0
17500,2020-09-13,0.2998,168,0.0
17500,2020-10-13,0.3457,168,0.0
17500,2020-10-18,0.2913,168,0.0
17500,2020-10-23,0.3816,168,0.0
17500,2020-10-28,0.4414,168,0.0
17500,2020-11-07,0.3854,168,0.0
17500,2020-11-22,0.3344,149,0.1131
17500,2020-11-27,0.4282,164,0.0238
17500,2021-01-16,0.4243,160,0.0476
17500,2021-02-10,0.4789,165,0.0179
17500,2021-02-20,0.5088,168,0.0
17500,2021-03-02,0.3794,168,0.0
17500,2021-03-12,0.4387,168,0.0
17500,2021-03-22,0.5061,168,0.0
17500,2021-03-27,0.5019,168,0.0
17500,2021-04-11,0.5343,168,0.0
17500,2021-04-26,0.4893,168,0.0
17500,2021-05-01,0.474,168,0.0
17500,2021-05-06,0.5098,168,0.0
17500,2021-05-21,0.4482,168,0.0
17500,2021-05-26,0.4471,168,0.0
17500,2021-06-05,0.4525,168,0.0
17500,2021-06-15,0.4398,168,0.0
17500,2021-06-25,0.2245,153,0.0893
17500,2021-07-10,0.4206,168,0.0
17500,2021-07-20,0.4014,168,0.0
17500,2021-07-25,0.3701,168,0.0
17500,2021-07-30,0.4007,168,0.0
17500,2021-08-09,0.354,168,0.0
17500,2021-08-19,0.3151,168,0.0
17500,2021-08-24,0.3377,168,0.0
17500,2021-09-03,0.4045,168,0.0
17500,2021-09-08,0.3578,168,0.0
17500,2021-09-23,0.2837,162,0.0357
17500,2021-09-28,0.376,168,0.0
17500,2021-10-13,0.3104,158,0.0595
17500,2021-10-23,0.3966,168,0.0
17500,2021-11-07,0.4116,168,0.0
17500,2021-11-17,0.4173,168,0.0
17500,2021-11-22,0.4391,168,0.0
17500,2021-12-12,0.4341,168,0.0
17500,2021-12-22,0.4184,168,0.0
17500,2022-01-16,0.221,168,0.0
17500,2022-01-21,0.2236,149,0.1131
17500,2022-01-26,0.4702,168,0.0
17500,2022-02-05,0.4707,168,0.0
17500,2022-02-10,0.5129,168,0.0
17500,2022-02-15,0.4024,168,0.0
17500,2022-03-02,0.4561,168,0.0
17500,2022-03-07,0.4546,168,0.0
17500,2022-03-22,0.4869,168,0.0
17500,2022-04-06,0.5218,163,0.0298
17500,2022-04-11,0.5141,168,0.0
17500,2022-04-21,0.5025,168,0.0
17500,2022-04-26,0.5292,168,0.0
17500,2022-05-01,0.509,168,0.0
17500,2022-05-11,0.4987,168,0.0
17500,2022-05-21,0.4945,168,0.0
17500,2022-05-26,0.4523,168,0.0
17500,2022-06-05,0.4255,168,0.0
17500,2022-06-25,0.4242,168,0.0
17500,2022-06-30,0.4496,168,0.0
17500,2022-07-05,0.4241,168,0.0
17500,2022-07-15,0.4045,168,0.0
17500,2022-07-20,0.3332,168,0.0
17500,2022-07-25,0.2437,168,0.0
17500,2022-07-30,0.2797,164,0.0238
17500,2022-08-14,0.3348,168,0.0
17500,2022-08-24,0.2992,168,0.0
17500,2022-09-18,0.3604,168,0.0
17500,2022-09-23,0.3693,168,0.0
17500,2022-10-23,0.463,168,0.0
17500,2022-11-17,0.4635,168,0.0
17500,2022-11-27,0.5215,168,0.0
17500,2022-12-02,0.2372,168,0.0
17500,2022-12-17,0.3575,168,0.0
17500,2023-01-26,0.4817,168,0.0
17500,2023-02-10,0.3996,162,0.0357
17500,2023-02-20,0.5093,168,0.0
17500,2023-03-02,0.5941,168,0.0
17500,2023-03-17,0.5419,168,0.0
17500,2023-03-22,0.5452,168,0.0
17500,2023-04-01,0.5801,168,0.0
17500,2023-04-11,0.5461,168,0.0
17500,2023-04-21,0.5504,168,0.0
17500,2023-05-01,0.5175,168,0.0
17500,2023-05-16,0.5369,168,0.0
17500,2023-05-21,0.5201,168,0.0
17500,2023-05-26,0.4583,168,0.0
17500,2023-06-05,0.3283,168,0.0
17500,2023-06-10,0.3378,168,0.0
17500,2023-06-20,0.3256,168,0.0
17500,2023-06-25,0.3192,168,0.0
17500,2023-07-05,0.3375,168,0.0
17500,2023-07-15,0.3813,168,0.0
17500,2023-07-25,0.3857,168,0.0
17500,2023-08-04,0.3891,168,0.0
17500,2023-08-09,0.3972,168,0.0
17500,2023-08-24,0.2994,168,0.0
17500,2023-09-03,0.3966,168,0.0
17500,2023-09-08,0.4313,168,0.0
17500,2023-09-13,0.4364,168,0.0
17500,2023-09-18,0.4319,168,0.0
17500,2023-09-23,0.3928,168,0.0
17500,2023-10-23,0.4705,168,0.0
17500,2023-11-07,0.5118,168,0.0
17500,2023-11-12,0.4808,168,0.0
17500,2023-12-02,0.5548,168,0.0
17500,2023-12-07,0.4252,168,0.0
17500,2023-12-27,0.3531,168,0.0
17500,2024-01-06,0.3236,167,0.006
17500,2024-02-05,0.4941,168,0.0
17500,2024-02-10,0.453,158,0.0595
17500,2024-03-11,0.498,168,0.0
17500,2024-03-16,0.4758,168,0.0
17500,2024-03-26,0.4241,168,0.0
17500,2024-03-31,0.4741,168,0.0
17500,2024-04-05,0.28,168,0.0
17500,2024-04-10,0.2635,168,0.0
17500,2024-04-20,0.346,168,0.0
17500,2024-04-30,0.3605,168,0.0
17500,2024-05-05,0.4074,168,0.0
17500,2024-05-10,0.3844,168,0.0
17500,2024-05-20,0.396,168,0.0
17500,2024-06-09,0.4596,168,0.0
17500,2024-06-14,0.475,168,0.0
17500,2024-06-19,0.4503,168,0.0
17500,2024-06-24,0.4733,168,0.0
17500,2024-06-29,0.4287,168,0.0
17500,2024-07-14,0.2599,168,0.0
17500,2024-07-19,0.2749,168,0.0
17500,2024-07-24,0.3111,168,0.0
17500,2024-07-29,0.3372,168,0.0
17500,2024-08-03,0.3607,168,0.0
17500,2024-08-08,0.3618,168,0.0
17500,2024-08-18,0.4154,168,0.0
17500,2024-08-23,0.427,168,0.0
17500,2024-08-28,0.3893,168,0.0
17500,2024-09-02,0.4469,168,0.0
17500,2024-09-07,0.4429,168,0.0
17500,2024-09-12,0.3705,168,0.0
17500,2024-09-22,0.4045,168,0.0
17500,2024-10-02,0.2022,168,0.0
17500,2024-10-07,0.2129,168,0.0
17500,2024-10-17,0.2866,168,0.0
17500,2024-10-22,0.3539,168,0.0
17500,2024-11-11,0.4868,168,0.0
17500,2024-11-26,0.4669,168,0.0
17500,2024-12-06,0.4901,168,0.0
17500,2024-12-31,0.5173,168,0.0
17500,2025-01-05,0.319,168,0.0
17500,2025-01-10,0.5168,150,0.1071
17500,2025-01-15,0.4906,168,0.0
17500,2025-02-09,0.2054,168,0.0
17500,2025-02-19,0.3143,168,0.0
17500,2025-02-24,0.2751,168,0.0
17500,2025-03-01,0.3118,168,0.0
17500,2025-03-06,0.3932,168,0.0
17500,2025-03-31,0.5021,168,0.0
17500,2025-04-12,0.5211,168,0.0
17500,2025-04-15,0.5613,168,0.0
17500,2025-05-02,0.5933,168,0.0
17500,2025-05-05,0.5636,168,0.0
17500,2025-05-15,0.5804,168,0.0
17500,2025-05-20,0.5766,168,0.0
17500,2025-05-22,0.4351,168,0.0
17500,2025-05-25,0.584,168,0.0
17500,2025-05-30,0.5816,168,0.0
17500,2025-06-04,0.5105,168,0.0
17500,2025-06-19,0.2945,168,0.0
17500,2025-06-29,0.3392,168,0.0
17500,2025-07-14,0.3756,168,0.0
17500,2025-07-19,0.3817,168,0.0
17500,2025-07-21,0.37,168,0.0
17500,2025-07-29,0.4438,168,0.0
17500,2025-08-13,0.4061,168,0.0
17500,2025-08-30,0.3622,168,0.0
17500,2025-09-17,0.3547,156,0.0714
17500,2025-09-27,0.3727,168,0.0
17500,2025-10-17,0.1929,155,0.0774
17500,2025-10-22,0.272,168,0.0
17500,2025-11-01,0.3491,168,0.0
17500,2025-11-11,0.4365,168,0.0
17500,2025-11-21,0.4124,168,0.0
17500,2025-12-01,0.4222,168,0.0
17500,2025-12-06,0.4205,168,0.0
17500,2025-12-08,0.409,168,0.0
17500,2025-12-11,0.4876,168,0.0
17500,2025-12-21,0.5223,168,0.0
17500,2025-12-28,0.541,168,0.0
17500,2026-01-10,0.5451,168,0.0
17500,2026-02-19,0.5329,168,0.0
17500,2026-03-16,0.5602,168,0.0
17500,2026-03-21,0.5498,168,0.0
17500,2026-03-26,0.5398,168,0.0
17500,2026-03-28,0.5511,168,0.0
17500,2026-04-17,0.485,168,0.0
17500,2026-04-20,0.5114,168,0.0
17500,2026-04-30,0.472,152,0.0952
17500,2026-05-05,0.4977,168,0.0
17500,2026-06-19,0.4682,168,0.0
17500,2026-06-29,0.5131,168,0.0
17500,2026-07-09,0.4569,168,0.0
17500,2026-07-19,0.5018,168,0.0
17500,2026-07-26,0.5041,168,0.0
17500,2026-07-29,0.4096,168,0.0
17500,2026-08-08,0.2554,158,0.0595
17500,2026-08-18,0.2207,168,0.0
17500,2026-08-23,0.224,168,0.0
17500,2026-09-04,0.3073,168,0.0
18000,2019-01-07,0.5414,283,0.0
18000,2019-01-12,0.3507,278,0.0177
18000,2019-01-17,0.4753,283,0.0
18000,2019-01-22,0.4121,283,0.0
18000,2019-01-27,0.5433,283,0.0
18000,2019-02-01,0.4566,283,0.0
18000,2019-02-11,0.5143,283,0.0
18000,2019-03-13,0.483,248,0.1237
18000,2019-03-18,0.5334,283,0.0
18000,2019-03-23,0.5615,283,0.0
18000,2019-04-02,0.4948,283,0.0
18000,2019-04-07,0.4615,276,0.0247
18000,2019-04-22,0.3531,283,0.0
18000,2019-04-27,0.5331,283,0.0
18000,2019-05-12,0.4229,272,0.0389
18000,2019-05-22,0.5341,283,0.0
18000,2019-05-27,0.5685,283,0.0
18000,2019-06-06,0.4941,283,0.0
18000,2019-06-11,0.5176,283,0.0
18000,2019-06-16,0.4821,283,0.0
18000,2019-06-26,0.4475,283,0.0
18000,2019-07-06,0.5101,283,0.0
18000,2019-07-11,0.4709,283,0.0
18000,2019-07-26,0.4122,283,0.0
18000,2019-07-31,0.4279,283,0.0
18000,2019-08-05,0.209,283,0.0
18000,2019-08-10,0.3805,283,0.0
18000,2019-08-15,0.3965,283,0.0
18000,2019-08-30,0.2398,283,0.0
18000,2019-09-09,0.3265,283,0.0
18000,2019-09-19,0.2983,283,0.0
18000,2019-09-29,0.4178,283,0.0
18000,2019-10-04,0.4193,283,0.0
18000,2019-10-14,0.4474,283,0.0
18000,2019-10-19,0.3538,283,0.0
18000,2019-11-03,0.4119,283,0.0
18000,2019-11-13,0.3722,283,0.0
18000,2019-11-23,0.3651,280,0.0106
18000,2020-01-07,0.5138,283,0.0
18000,2020-01-27,0.5144,283,0.0
18000,2020-03-07,0.3652,276,0.0247
18000,2020-03-12,0.5132,283,0.0
18000,2020-03-17,0.5366,283,0.0
18000,2020-03-22,0.5293,283,0.0
18000,2020-04-01,0.4004,256,0.0954
18000,2020-04-06,0.4479,283,0.0
18000,2020-04-21,0.3571,283,0.0
18000,2020-04-26,0.3612,283,0.0
18000,2020-05-01,0.3304,283,0.0
18000,2020-05-11,0.4271,283,0.0
18000,2020-05-16,0.4006,283,0.0
18000,2020-05-21,0.3111,283,0.0
18000,2020-05-26,0.3378,283,0.0
18000,2020-05-31,0.2873,283,0.0
18000,2020-06-20,0.3838,283,0.0
18000,2020-06-30,0.4349,244,0.1378
18000,2020-07-10,0.4276,283,0.0
18000,2020-07-20,0.389,283,0.0
18000,2020-07-25,0.3419,283,0.0
18000,2020-08-04,0.4088,283,0.0
18000,2020-08-09,0.4035,252,0.1095
18000,2020-08-19,0.4401,283,0.0
18000,2020-08-24,0.4506,283,0.0
18000,2020-08-29,0.4313,283,0.0
18000,2020-09-03,0.3954,283,0.0
18000,2020-09-08,0.4231,283,0.0
18000,2020-09-13,0.3265,283,0.0
18000,2020-10-13,0.4005,283,0.0
18000,2020-10-18,0.4049,283,0.0
18000,2020-10-23,0.3697,283,0.0
18000,2020-10-28,0.4236,283,0.0
18000,2020-11-07,0.4129,283,0.0
18000,2020-11-22,0.4558,282,0.0035
18000,2021-02-15,0.4588,245,0.1343
18000,2021-02-20,0.4678,260,0.0813
18000,2021-03-02,0.3878,283,0.0
18000,2021-03-12,0.5093,283,0.0
18000,2021-03-22,0.5292,283,0.0
18000,2021-03-27,0.5295,283,0.0
18000,2021-04-01,0.4503,260,0.0813
18000,2021-04-11,0.4434,283,0.0
18000,2021-04-26,0.4628,283,0.0
18000,2021-05-01,0.3426,283,0.0
18000,2021-05-06,0.3731,283,0.0
18000,2021-05-21,0.3183,283,0.0
18000,2021-05-26,0.358,283,0.0
18000,2021-06-05,0.4196,283,0.0
18000,2021-06-15,0.4478,283,0.0
18000,2021-07-10,0.3576,283,0.0
18000,2021-07-20,0.3425,283,0.0
18000,2021-07-25,0.3534,283,0.0
18000,2021-07-30,0.3772,283,0.0
18000,2021-08-09,0.3389,283,0.0
18000,2021-08-19,0.3577,283,0.0
18000,2021-08-24,0.3221,283,0.0
18000,2021-09-03,0.3966,283,0.0
18000,2021-09-08,0.3615,283,0.0
18000,2021-09-28,0.3687,283,0.0
18000,2021-10-23,0.4359,283,0.0
18000,2021-11-07,0.4082,283,0.0
18000,2021-11-17,0.432,283,0.0
18000,2021-11-22,0.4869,283,0.0
18000,2021-12-02,0.3923,264,0.0671
18000,2021-12-12,0.4545,283,0.0
18000,2021-12-22,0.4553,283,0.0
18000,2022-01-16,0.2489,276,0.0247
18000,2022-01-21,0.3802,283,0.0
18000,2022-01-26,0.4903,283,0.0
18000,2022-02-10,0.5526,283,0.0
18000,2022-03-02,0.4316,283,0.0
18000,2022-03-07,0.5136,283,0.0
18000,2022-03-17,0.4394,280,0.0106
18000,2022-03-22,0.5091,283,0.0
18000,2022-04-11,0.4202,283,0.0
18000,2022-04-21,0.4973,283,0.0
18000,2022-04-26,0.4989,283,0.0
18000,2022-05-01,0.4774,283,0.0
18000,2022-05-11,0.4518,283,0.0
18000,2022-05-21,0.4158,283,0.0
18000,2022-05-26,0.4074,283,0.0
18000,2022-06-05,0.4111,283,0.0
18000,2022-06-25,0.432,283,0.0
18000,2022-06-30,0.4677,283,0.0
18000,2022-07-05,0.4441,283,0.0
18000,2022-07-15,0.4198,283,0.0
18000,2022-07-20,0.3171,283,0.0
18000,2022-07-25,0.2911,283,0.0
18000,2022-07-30,0.3301,283,0.0
18000,2022-08-14,0.3373,283,0.0
18000,2022-08-24,0.3258,283,0.0
18000,2022-09-18,0.4007,283,0.0
18000,2022-09-23,0.4084,283,0.0
18000,2022-10-23,0.4702,283,0.0
18000,2022-11-17,0.4667,283,0.0
18000,2022-11-27,0.4818,283,0.0
18000,2022-12-17,0.3809,283,0.0
18000,2023-01-26,0.5413,283,0.0
18000,2023-02-20,0.4661,283,0.0
18000,2023-03-02,0.5766,283,0.0
18000,2023-03-22,0.583,283,0.0
18000,2023-04-01,0.6108,283,0.0
18000,2023-04-11,0.5875,283,0.0
18000,2023-04-21,0.5292,283,0.0
18000,2023-05-01,0.5102,283,0.0
18000,2023-05-16,0.5024,283,0.0
18000,2023-05-21,0.5019,283,0.0
18000,2023-05-26,0.4674,283,0.0
18000,2023-06-05,0.4824,283,0.0
18000,2023-06-10,0.4508,283,0.0
18000,2023-06-20,0.3847,283,0.0
18000,2023-06-25,0.3342,283,0.0
18000,2023-07-05,0.3724,283,0.0
18000,2023-07-15,0.3964,283,0.0
18000,2023-07-25,0.3616,283,0.0
18000,2023-08-04,0.3839,283,0.0
18000,2023-08-09,0.3502,283,0.0
18000,2023-08-24,0.2903,283,0.0
18000,2023-08-29,0.2988,283,0.0
18000,2023-09-03,0.3808,283,0.0
18000,2023-09-08,0.4051,283,0.0
18000,2023-09-13,0.4118,283,0.0
18000,2023-09-18,0.3883,283,0.0
18000,2023-09-23,0.4004,283,0.0
18000,2023-10-23,0.459,283,0.0
18000,2023-11-07,0.491,283,0.0
18000,2023-11-12,0.3688,283,0.0
18000,2023-12-02,0.5019,283,0.0
18000,2023-12-07,0.502,283,0.0
18000,2023-12-27,0.4747,283,0.0
18000,2024-01-06,0.4669,283,0.0
18000,2024-02-05,0.4933,283,0.0
18000,2024-02-10,0.4325,283,0.0
18000,2024-03-11,0.5332,283,0.0
18000,2024-03-16,0.4954,283,0.0
18000,2024-03-21,0.4507,282,0.0035
18000,2024-03-31,0.4712,283,0.0
18000,2024-04-05,0.4236,283,0.0
18000,2024-04-10,0.4911,283,0.0
18000,2024-04-20,0.5144,283,0.0
18000,2024-04-30,0.4883,283,0.0
18000,2024-05-05,0.4865,283,0.0
18000,2024-05-10,0.432,283,0.0
18000,2024-05-20,0.4597,283,0.0
18000,2024-05-30,0.3921,282,0.0035
18000,2024-06-09,0.4588,283,0.0
18000,2024-06-14,0.4429,283,0.0
18000,2024-06-19,0.3738,283,0.0
18000,2024-06-24,0.3155,283,0.0
18000,2024-06-29,0.3379,283,0.0
18000,2024-07-14,0.4007,283,0.0
18000,2024-07-19,0.3575,283,0.0
18000,2024-07-24,0.2757,283,0.0
18000,2024-07-29,0.2318,283,0.0
18000,2024-08-03,0.2403,283,0.0
18000,2024-08-08,0.2478,283,0.0
18000,2024-08-18,0.2833,283,0.0
18000,2024-08-23,0.3068,283,0.0
18000,2024-08-28,0.2956,283,0.0
18000,2024-09-02,0.3538,283,0.0
18000,2024-09-07,0.3882,283,0.0
18000,2024-09-12,0.3411,283,0.0
18000,2024-09-22,0.3731,283,0.0
18000,2024-10-02,0.3965,283,0.0
18000,2024-10-07,0.3779,283,0.0
18000,2024-10-17,0.3617,283,0.0
18000,2024-10-22,0.4051,283,0.0
18000,2024-11-11,0.4899,283,0.0
18000,2024-11-26,0.4468,283,0.0
18000,2024-12-06,0.483,283,0.0
18000,2024-12-31,0.4709,283,0.0
18000,2025-01-05,0.5055,283,0.0
18000,2025-01-15,0.4586,283,0.0
18000,2025-02-09,0.4755,283,0.0
18000,2025-02-19,0.458,283,0.0
18000,2025-02-24,0.435,283,0.0
18000,2025-03-01,0.4665,283,0.0
18000,2025-03-06,0.5102,283,0.0
18000,2025-03-31,0.4825,283,0.0
18000,2025-04-10,0.5647,254,0.1025
18000,2025-04-12,0.5179,283,0.0
18000,2025-04-15,0.5243,283,0.0
18000,2025-05-02,0.5413,283,0.0
18000,2025-05-05,0.5104,283,0.0
18000,2025-05-15,0.5435,283,0.0
18000,2025-05-20,0.502,283,0.0
18000,2025-05-22,0.4742,283,0.0
18000,2025-05-25,0.5483,283,0.0
18000,2025-05-30,0.5493,283,0.0
18000,2025-06-04,0.5337,283,0.0
18000,2025-06-19,0.3806,283,0.0
18000,2025-06-29,0.407,283,0.0
18000,2025-07-14,0.3772,283,0.0
18000,2025-07-19,0.3731,283,0.0
18000,2025-07-21,0.3572,283,0.0
18000,2025-07-29,0.4246,283,0.0
18000,2025-08-13,0.3838,283,0.0
18000,2025-08-30,0.2997,283,0.0
18000,2025-09-17,0.3177,281,0.0071
18000,2025-09-27,0.3777,283,0.0
18000,2025-10-17,0.3421,283,0.0
18000,2025-10-22,0.4368,283,0.0
18000,2025-11-01,0.396,283,0.0
18000,2025-11-11,0.4434,283,0.0
18000,2025-11-21,0.475,283,0.0
18000,2025-12-01,0.4274,283,0.0
18000,2025-12-06,0.412,283,0.0
18000,2025-12-08,0.3814,283,0.0
18000,2025-12-11,0.4902,283,0.0
18000,2025-12-21,0.5292,283,0.0
18000,2025-12-28,0.565,283,0.0
18000,2026-01-10,0.5476,283,0.0
18000,2026-02-19,0.5489,283,0.0
18000,2026-03-16,0.542,283,0.0
18000,2026-03-21,0.5297,283,0.0
18000,2026-03-26,0.5132,283,0.0
18000,2026-03-28,0.5288,283,0.0
18000,2026-04-05,0.5667,283,0.0
18000,2026-04-17,0.4671,283,0.0
18000,2026-04-20,0.5025,283,0.0
18000,2026-05-05,0.4936,283,0.0
18000,2026-06-19,0.4153,283,0.0
18000,2026-06-29,0.4401,283,0.0
18000,2026-07-06,0.4359,283,0.0
18000,2026-07-09,0.4237,283,0.0
18000,2026-07-19,0.4746,283,0.0
18000,2026-07-26,0.4783,283,0.0
18000,2026-07-29,0.4549,283,0.0
18000,2026-08-18,0.4153,283,0.0
18000,2026-08-23,0.2715,283,0.0
18000,2026-09-02,0.2993,266,0.0601
18000,2026-09-04,0.3189,283,0.0
18500,2019-01-07,0.4821,57,0.0806
18500,2019-01-17,0.3697,62,0.0
18500,2019-01-22,0.3807,62,0.0
18500,2019-01-27,0.51,62,0.0
18500,2019-02-01,0.4338,62,0.0
18500,2019-02-11,0.4663,62,0.0
18500,2019-03-08,0.2587,62,0.0
18500,2019-03-13,0.411,59,0.0484
18500,2019-03-18,0.4564,58,0.0645
18500,2019-03-23,0.5329,62,0.0
18500,2019-04-02,0.4703,62,0.0
18500,2019-04-22,0.3334,62,0.0
18500,2019-04-27,0.4752,62,0.0
18500,2019-05-12,0.4279,62,0.0
18500,2019-05-22,0.5142,62,0.0
18500,2019-05-27,0.5287,62,0.0
18500,2019-06-11,0.3136,62,0.0
18500,2019-06-16,0.3273,62,0.0
18500,2019-06-26,0.3219,62,0.0
18500,2019-07-06,0.4246,62,0.0
18500,2019-07-11,0.3915,62,0.0
18500,2019-07-26,0.3734,62,0.0
18500,2019-07-31,0.4074,62,0.0
18500,2019-08-05,0.1966,59,0.0484
18500,2019-08-10,0.3637,62,0.0
18500,2019-08-15,0.393,62,0.0
18500,2019-08-30,0.3449,62,0.0
18500,2019-09-09,0.4234,62,0.0
18500,2019-09-14,0.3158,59,0.0484
18500,2019-09-19,0.2925,62,0.0
18500,2019-09-29,0.377,62,0.0
18500,2019-10-04,0.3805,62,0.0
18500,2019-10-14,0.4164,62,0.0
18500,2019-10-19,0.2554,62,0.0
18500,2019-11-03,0.3692,62,0.0
18500,2019-11-13,0.3732,62,0.0
18500,2019-11-23,0.3033,60,0.0323
18500,2020-01-07,0.4277,62,0.0
18500,2020-01-27,0.51,62,0.0
18500,2020-03-07,0.3917,51,0.1774
18500,2020-03-12,0.466,62,0.0
18500,2020-03-17,0.4909,62,0.0
18500,2020-03-22,0.5189,62,0.0
18500,2020-04-01,0.444,60,0.0323
18500,2020-04-06,0.5253,62,0.0
18500,2020-04-21,0.4201,62,0.0
18500,2020-04-26,0.3999,62,0.0
18500,2020-05-01,0.1496,62,0.0
18500,2020-05-11,0.4474,62,0.0
18500,2020-05-16,0.3857,62,0.0
18500,2020-05-21,0.4101,62,0.0
18500,2020-05-26,0.4478,62,0.0
18500,2020-05-31,0.4055,62,0.0
18500,2020-06-20,0.4078,62,0.0
18500,2020-06-30,0.3959,57,0.0806
18500,2020-07-10,0.3884,62,0.0
18500,2020-07-20,0.3331,62,0.0
18500,2020-07-25,0.3074,62,0.0
18500,2020-08-04,0.3726,62,0.0
18500,2020-08-09,0.3773,62,0.0
18500,2020-08-14,0.0811,56,0.0968
18500,2020-08-19,0.3887,62,0.0
18500,2020-08-24,0.4316,62,0.0
18500,2020-08-29,0.4152,62,0.0
18500,2020-09-03,0.4067,62,0.0
18500,2020-09-08,0.4321,62,0.0
18500,2020-09-13,0.3299,62,0.0
18500,2020-10-13,0.403,62,0.0
18500,2020-10-18,0.4036,62,0.0
18500,2020-10-23,0.4011,62,0.0
18500,2020-10-28,0.4364,62,0.0
18500,2020-11-07,0.3885,62,0.0
18500,2020-11-22,0.4639,62,0.0
18500,2021-01-06,0.4736,53,0.1452
18500,2021-02-10,0.4555,62,0.0
18500,2021-02-15,0.5114,62,0.0
18500,2021-03-02,0.3726,62,0.0
18500,2021-03-12,0.4775,62,0.0
18500,2021-03-22,0.5787,62,0.0
18500,2021-03-27,0.5571,62,0.0
18500,2021-04-11,0.5568,62,0.0
18500,2021-04-26,0.5127,62,0.0
18500,2021-05-01,0.4853,62,0.0
18500,2021-05-06,0.5104,62,0.0
18500,2021-05-21,0.3565,62,0.0
18500,2021-05-26,0.3683,62,0.0
18500,2021-06-05,0.4101,62,0.0
18500,2021-06-15,0.4358,62,0.0
18500,2021-07-10,0.3677,62,0.0
18500,2021-07-20,0.3499,62,0.0
18500,2021-07-25,0.3771,62,0.0
18500,2021-07-30,0.3845,62,0.0
18500,2021-08-09,0.3407,62,0.0
18500,2021-08-19,0.3042,62,0.0
18500,2021-08-24,0.3073,62,0.0
18500,2021-09-03,0.3694,62,0.0
18500,2021-09-08,0.3624,62,0.0
18500,2021-09-23,0.4663,62,0.0
18500,2021-09-28,0.3896,62,0.0
18500,2021-10-13,0.3026,61,0.0161
18500,2021-10-23,0.4346,62,0.0
18500,2021-11-07,0.3749,62,0.0
18500,2021-11-17,0.4046,62,0.0
18500,2021-11-22,0.4469,62,0.0
18500,2021-12-12,0.4473,62,0.0
18500,2021-12-22,0.4433,62,0.0
18500,2022-01-16,0.2939,53,0.1452
18500,2022-01-21,0.4407,62,0.0
18500,2022-01-26,0.5181,62,0.0
18500,2022-02-05,0.4276,61,0.0161
18500,2022-02-10,0.4508,62,0.0
18500,2022-03-02,0.4917,62,0.0
18500,2022-03-07,0.4923,62,0.0
18500,2022-03-17,0.5013,62,0.0
18500,2022-03-22,0.5505,62,0.0
18500,2022-04-11,0.4433,62,0.0
18500,2022-04-16,0.5497,62,0.0
18500,2022-04-21,0.5286,62,0.0
18500,2022-04-26,0.5327,62,0.0
18500,2022-05-01,0.504,62,0.0
18500,2022-05-11,0.4733,62,0.0
18500,2022-05-16,0.3619,62,0.0
18500,2022-05-21,0.3883,62,0.0
18500,2022-05-26,0.3844,62,0.0
18500,2022-06-05,0.411,62,0.0
18500,2022-06-15,0.4206,61,0.0161
18500,2022-06-25,0.3962,62,0.0
18500,2022-06-30,0.4467,62,0.0
18500,2022-07-05,0.4209,62,0.0
18500,2022-07-15,0.3883,62,0.0
18500,2022-07-25,0.2864,62,0.0
18500,2022-07-30,0.3435,62,0.0
18500,2022-08-14,0.3229,62,0.0
18500,2022-08-24,0.3131,62,0.0
18500,2022-09-18,0.3881,62,0.0
18500,2022-09-23,0.3956,62,0.0
18500,2022-10-23,0.4524,62,0.0
18500,2022-11-17,0.4633,62,0.0
18500,2022-11-27,0.5175,62,0.0
18500,2022-12-17,0.3381,62,0.0
18500,2023-01-26,0.5292,62,0.0
18500,2023-02-20,0.5329,62,0.0
18500,2023-03-02,0.5765,62,0.0
18500,2023-03-22,0.527,62,0.0
18500,2023-04-01,0.5868,62,0.0
18500,2023-04-11,0.544,62,0.0
18500,2023-04-16,0.5757,62,0.0
18500,2023-04-21,0.5514,62,0.0
18500,2023-05-01,0.4597,62,0.0
18500,2023-05-16,0.5097,62,0.0
18500,2023-05-21,0.5162,62,0.0
18500,2023-05-26,0.4813,62,0.0
18500,2023-06-05,0.4623,62,0.0
18500,2023-06-10,0.4352,62,0.0
18500,2023-06-20,0.3681,62,0.0
18500,2023-06-25,0.2897,62,0.0
18500,2023-07-05,0.3378,62,0.0
18500,2023-07-15,0.3824,62,0.0
18500,2023-07-25,0.3436,62,0.0
18500,2023-08-04,0.3765,62,0.0
18500,2023-08-09,0.3175,62,0.0
18500,2023-08-24,0.3929,62,0.0
18500,2023-08-29,0.3509,62,0.0
18500,2023-09-03,0.4439,62,0.0
18500,2023-09-08,0.4503,62,0.0
18500,2023-09-13,0.437,62,0.0
18500,2023-09-18,0.3497,62,0.0
18500,2023-09-23,0.3274,62,0.0
18500,2023-10-23,0.5016,62,0.0
18500,2023-11-07,0.4232,62,0.0
18500,2023-11-12,0.3742,62,0.0
18500,2023-12-02,0.491,62,0.0
18500,2023-12-07,0.5257,62,0.0
18500,2023-12-22,0.4199,60,0.0323
18500,2023-12-27,0.4166,62,0.0
18500,2024-01-06,0.448,60,0.0323
18500,2024-01-16,0.396,62,0.0
18500,2024-02-05,0.5016,62,0.0
18500,2024-02-10,0.4863,62,0.0
18500,2024-03-11,0.5145,62,0.0
18500,2024-03-16,0.462,62,0.0
18500,2024-03-31,0.5098,62,0.0
18500,2024-04-05,0.4228,62,0.0
18500,2024-04-10,0.4489,62,0.0
18500,2024-04-20,0.5016,62,0.0
18500,2024-04-30,0.4195,62,0.0
18500,2024-05-05,0.3469,62,0.0
18500,2024-05-10,0.3486,62,0.0
18500,2024-05-20,0.3695,62,0.0
18500,2024-05-30,0.283,56,0.0968
18500,2024-06-09,0.4385,62,0.0
18500,2024-06-14,0.4719,62,0.0
18500,2024-06-19,0.4712,62,0.0
18500,2024-06-24,0.4321,62,0.0
18500,2024-06-29,0.4503,62,0.0
18500,2024-07-14,0.3772,62,0.0
18500,2024-07-19,0.3844,62,0.0
18500,2024-07-24,0.3758,62,0.0
18500,2024-07-29,0.3846,62,0.0
18500,2024-08-03,0.3733,62,0.0
18500,2024-08-08,0.3335,62,0.0
18500,2024-08-18,0.3882,62,0.0
18500,2024-08-23,0.393,62,0.0
18500,2024-08-28,0.3339,62,0.0
18500,2024-09-02,0.3911,62,0.0
18500,2024-09-07,0.4292,62,0.0
18500,2024-09-12,0.373,62,0.0
18500,2024-09-22,0.3422,62,0.0
18500,2024-10-02,0.3958,62,0.0
18500,2024-10-07,0.3778,62,0.0
18500,2024-10-17,0.3643,62,0.0
18500,2024-10-22,0.354,62,0.0
18500,2024-11-11,0.397,62,0.0
18500,2024-11-26,0.4596,62,0.0
18500,2024-12-06,0.3558,62,0.0
18500,2024-12-31,0.5224,62,0.0
18500,2025-01-05,0.5556,62,0.0
18500,2025-01-15,0.5071,62,0.0
18500,2025-02-09,0.451,62,0.0
18500,2025-02-19,0.3614,62,0.0
18500,2025-02-24,0.3916,62,0.0
18500,2025-03-01,0.4469,62,0.0
18500,2025-03-06,0.5321,62,0.0
18500,2025-03-21,0.5244,62,0.0
18500,2025-03-31,0.5795,62,0.0
18500,2025-04-12,0.615,62,0.0
18500,2025-04-15,0.6193,62,0.0
18500,2025-05-02,0.581,62,0.0
18500,2025-05-05,0.5536,62,0.0
18500,2025-05-15,0.6313,62,0.0
18500,2025-05-20,0.5842,62,0.0
18500,2025-05-22,0.5091,58,0.0645
18500,2025-05-25,0.5953,62,0.0
18500,2025-05-30,0.5138,62,0.0
18500,2025-06-04,0.5289,62,0.0
18500,2025-06-19,0.2818,62,0.0
18500,2025-06-29,0.3374,62,0.0
18500,2025-07-14,0.3763,62,0.0
18500,2025-07-19,0.3884,62,0.0
18500,2025-07-21,0.3755,62,0.0
18500,2025-07-29,0.4701,62,0.0
18500,2025-08-13,0.4201,62,0.0
18500,2025-08-30,0.402,50,0.1935
18500,2025-09-17,0.3771,62,0.0
18500,2025-09-27,0.4312,62,0.0
18500,2025-10-17,0.3534,54,0.129
18500,2025-10-22,0.4642,62,0.0
18500,2025-10-29,0.2683,62,0.0
18500,2025-11-01,0.3083,62,0.0
18500,2025-11-11,0.3766,62,0.0
18500,2025-11-21,0.4624,62,0.0
18500,2025-11-26,0.4186,55,0.1129
18500,2025-12-01,0.4313,62,0.0
18500,2025-12-08,0.355,61,0.0161
18500,2025-12-11,0.4625,62,0.0
18500,2025-12-21,0.5258,62,0.0
18500,2025-12-28,0.5655,62,0.0
18500,2026-01-10,0.5484,62,0.0
18500,2026-03-16,0.5725,62,0.0
18500,2026-03-21,0.5446,62,0.0
18500,2026-03-26,0.5719,62,0.0
18500,2026-03-28,0.5026,62,0.0
18500,2026-04-05,0.5183,62,0.0
18500,2026-04-17,0.4624,62,0.0
18500,2026-04-20,0.4908,62,0.0
18500,2026-04-25,0.266,52,0.1613
18500,2026-05-05,0.4979,62,0.0
18500,2026-06-19,0.4731,62,0.0
18500,2026-06-29,0.498,62,0.0
18500,2026-07-06,0.4741,62,0.0
18500,2026-07-09,0.4616,62,0.0
18500,2026-07-19,0.5334,62,0.0
18500,2026-07-26,0.4428,62,0.0
18500,2026-07-29,0.4265,62,0.0
18500,2026-08-08,0.4432,62,0.0
18500,2026-08-18,0.4819,62,0.0
18500,2026-08-23,0.3336,62,0.0
18500,2026-09-02,0.2631,52,0.1613
18500,2026-09-04,0.3107,62,0.0
19000,2019-01-17,0.428,488,0.0
19000,2019-01-22,0.4048,484,0.0082
19000,2019-01-27,0.4868,488,0.0
19000,2019-02-01,0.471,488,0.0
19000,2019-03-03,0.3537,465,0.0471
19000,2019-03-08,0.3262,488,0.0
19000,2019-03-13,0.511,463,0.0512
19000,2019-03-18,0.5018,488,0.0
19000,2019-03-23,0.4547,488,0.0
19000,2019-04-02,0.4124,488,0.0
19000,2019-04-22,0.4119,488,0.0
19000,2019-04-27,0.3922,488,0.0
19000,2019-05-12,0.4006,488,0.0
19000,2019-05-22,0.4775,488,0.0
19000,2019-05-27,0.4791,488,0.0
19000,2019-06-11,0.408,488,0.0
19000,2019-06-16,0.4039,488,0.0
19000,2019-06-26,0.3816,488,0.0
19000,2019-07-06,0.451,488,0.0
19000,2019-07-11,0.4236,488,0.0
19000,2019-07-26,0.4044,488,0.0
19000,2019-07-31,0.4192,488,0.0
19000,2019-08-05,0.258,478,0.0205
19000,2019-08-10,0.3919,488,0.0
19000,2019-08-15,0.4158,488,0.0
19000,2019-08-30,0.3061,488,0.0
19000,2019-09-09,0.3453,488,0.0
19000,2019-09-19,0.3109,488,0.0
19000,2019-09-29,0.4039,488,0.0
19000,2019-10-04,0.3727,488,0.0
19000,2019-10-14,0.3774,488,0.0
19000,2019-10-19,0.2391,488,0.0
19000,2019-11-03,0.3068,488,0.0
19000,2019-11-13,0.3851,488,0.0
19000,2019-12-28,0.3654,457,0.0635
19000,2020-01-07,0.385,488,0.0
19000,2020-01-27,0.5184,488,0.0
19000,2020-03-12,0.4434,488,0.0
19000,2020-03-17,0.4631,488,0.0
19000,2020-03-22,0.4503,488,0.0
19000,2020-04-06,0.5136,488,0.0
19000,2020-04-11,0.4824,397,0.1865
19000,2020-04-16,0.4237,466,0.0451
19000,2020-04-21,0.4045,488,0.0
19000,2020-04-26,0.3652,488,0.0
19000,2020-05-01,0.2876,488,0.0
19000,2020-05-11,0.4084,488,0.0
19000,2020-05-16,0.3851,488,0.0
19000,2020-05-21,0.3736,488,0.0
19000,2020-05-26,0.3889,488,0.0
19000,2020-05-31,0.362,488,0.0
19000,2020-06-20,0.3649,488,0.0
19000,2020-06-30,0.3775,488,0.0
19000,2020-07-10,0.3653,488,0.0
19000,2020-07-20,0.385,488,0.0
19000,2020-07-25,0.3802,488,0.0
19000,2020-08-04,0.4155,488,0.0
19000,2020-08-09,0.3926,488,0.0
19000,2020-08-19,0.4089,488,0.0
19000,2020-08-24,0.4356,488,0.0
19000,2020-08-29,0.4239,488,0.0
19000,2020-09-03,0.4242,488,0.0
19000,2020-09-08,0.4309,488,0.0
19000,2020-09-13,0.3852,488,0.0
19000,2020-10-13,0.3725,488,0.0
19000,2020-10-18,0.3723,488,0.0
19000,2020-10-23,0.4231,488,0.0
19000,2020-10-28,0.475,488,0.0
19000,2020-11-07,0.4388,488,0.0
19000,2020-11-22,0.4272,488,0.0
19000,2020-11-27,0.4309,488,0.0
19000,2021-01-06,0.2948,488,0.0
19000,2021-02-10,0.4199,464,0.0492
19000,2021-02-15,0.5481,488,0.0
19000,2021-03-02,0.3809,460,0.0574
19000,2021-03-12,0.428,488,0.0
19000,2021-03-22,0.4669,488,0.0
19000,2021-03-27,0.4793,488,0.0
19000,2021-04-11,0.3689,488,0.0
19000,2021-04-26,0.4244,488,0.0
19000,2021-05-01,0.4162,488,0.0
19000,2021-05-06,0.4158,488,0.0
19000,2021-05-21,0.4162,488,0.0
19000,2021-05-26,0.4272,488,0.0
19000,2021-06-05,0.46,488,0.0
19000,2021-06-15,0.4402,488,0.0
19000,2021-07-10,0.3264,488,0.0
19000,2021-07-20,0.3346,488,0.0
19000,2021-07-25,0.3219,488,0.0
19000,2021-07-30,0.3581,488,0.0
19000,2021-08-09,0.3451,488,0.0
19000,2021-08-19,0.3152,488,0.0
19000,2021-08-24,0.3267,488,0.0
19000,2021-09-03,0.393,488,0.0
19000,2021-09-23,0.3883,488,0.0
19000,2021-09-28,0.353,488,0.0
19000,2021-10-13,0.3849,482,0.0123
19000,2021-10-23,0.4159,488,0.0
19000,2021-11-07,0.4508,488,0.0
19000,2021-11-17,0.4587,488,0.0
19000,2021-11-22,0.4632,488,0.0
19000,2021-12-02,0.4151,429,0.1209
19000,2021-12-12,0.4511,488,0.0
19000,2021-12-22,0.397,488,0.0
19000,2022-01-16,0.4028,469,0.0389
19000,2022-01-21,0.5105,488,0.0
19000,2022-01-26,0.5085,488,0.0
19000,2022-02-10,0.4906,488,0.0
19000,2022-02-20,0.4357,473,0.0307
19000,2022-03-02,0.4977,488,0.0
19000,2022-03-07,0.4942,488,0.0
19000,2022-03-17,0.5637,488,0.0
19000,2022-03-22,0.5758,488,0.0
19000,2022-04-11,0.322,488,0.0
19000,2022-04-16,0.4783,488,0.0
19000,2022-04-21,0.4552,488,0.0
19000,2022-04-26,0.4672,488,0.0
19000,2022-05-01,0.4655,488,0.0
19000,2022-05-11,0.4627,488,0.0
19000,2022-05-16,0.486,485,0.0061
19000,2022-05-21,0.4938,488,0.0
19000,2022-05-26,0.4729,488,0.0
19000,2022-06-05,0.4866,488,0.0
19000,2022-06-15,0.4396,488,0.0
19000,2022-06-25,0.408,488,0.0
19000,2022-06-30,0.4311,488,0.0
19000,2022-07-05,0.4156,488,0.0
19000,2022-07-15,0.3848,488,0.0
19000,2022-07-20,0.3853,406,0.168
19000,2022-07-25,0.3347,488,0.0
19000,2022-07-30,0.3915,488,0.0
19000,2022-08-14,0.416,488,0.0
19000,2022-08-24,0.3701,488,0.0
19000,2022-09-18,0.4118,488,0.0
19000,2022-09-23,0.4109,488,0.0
19000,2022-10-23,0.4782,488,0.0
19000,2022-11-12,0.4801,457,0.0635
19000,2022-11-17,0.3942,488,0.0
19000,2022-11-27,0.5116,488,0.0
19000,2022-12-12,0.416,488,0.0
19000,2022-12-17,0.3613,422,0.1352
19000,2023-01-26,0.5904,488,0.0
19000,2023-02-20,0.5026,488,0.0
19000,2023-03-02,0.5837,488,0.0
19000,2023-03-17,0.5765,414,0.1516
19000,2023-03-22,0.4358,488,0.0
19000,2023-04-01,0.4633,488,0.0
19000,2023-04-11,0.4204,488,0.0
19000,2023-04-16,0.4124,392,0.1967
19000,2023-04-21,0.4545,488,0.0
19000,2023-05-01,0.4984,488,0.0
19000,2023-05-16,0.5285,488,0.0
19000,2023-05-21,0.521,488,0.0
19000,2023-05-26,0.4829,488,0.0
19000,2023-06-05,0.4911,488,0.0
19000,2023-06-10,0.4793,488,0.0
19000,2023-06-20,0.4043,488,0.0
19000,2023-06-25,0.3491,488,0.0
19000,2023-07-05,0.3729,488,0.0
19000,2023-07-15,0.4094,488,0.0
19000,2023-07-25,0.4047,488,0.0
19000,2023-08-04,0.3929,488,0.0
19000,2023-08-09,0.3181,488,0.0
19000,2023-08-24,0.3258,488,0.0
19000,2023-08-29,0.3222,488,0.0
19000,2023-09-03,0.3765,488,0.0
19000,2023-09-08,0.4196,488,0.0
19000,2023-09-13,0.4316,488,0.0
19000,2023-09-18,0.435,488,0.0
19000,2023-09-23,0.4277,488,0.0
19000,2023-10-23,0.4471,488,0.0
19000,2023-11-07,0.4899,488,0.0
19000,2023-11-12,0.478,488,0.0
19000,2023-11-17,0.4793,457,0.0635
19000,2023-12-02,0.5489,488,0.0
19000,2023-12-22,0.4322,488,0.0
19000,2023-12-27,0.5181,488,0.0
19000,2024-01-11,0.522,488,0.0
19000,2024-01-16,0.5251,488,0.0
19000,2024-02-05,0.5527,488,0.0
19000,2024-02-10,0.5252,478,0.0205
19000,2024-03-11,0.4906,488,0.0
19000,2024-03-16,0.5172,488,0.0
19000,2024-03-31,0.5286,488,0.0
19000,2024-04-05,0.5377,488,0.0
19000,2024-04-10,0.5675,488,0.0
19000,2024-04-20,0.573,488,0.0
19000,2024-04-30,0.5459,488,0.0
19000,2024-05-05,0.5059,488,0.0
19000,2024-05-10,0.4275,488,0.0
19000,2024-05-20,0.4261,488,0.0
19000,2024-06-09,0.4168,488,0.0
19000,2024-06-14,0.3801,488,0.0
19000,2024-06-19,0.3893,488,0.0
19000,2024-06-24,0.3852,488,0.0
19000,2024-06-29,0.3814,488,0.0
19000,2024-07-14,0.4208,488,0.0
19000,2024-07-19,0.4268,488,0.0
19000,2024-07-24,0.4515,488,0.0
19000,2024-07-29,0.4619,488,0.0
19000,2024-08-03,0.4582,488,0.0
19000,2024-08-08,0.3915,488,0.0
19000,2024-08-18,0.4544,488,0.0
19000,2024-08-23,0.3897,488,0.0
19000,2024-08-28,0.3497,488,0.0
19000,2024-09-02,0.396,488,0.0
19000,2024-09-07,0.4122,488,0.0
19000,2024-09-12,0.3496,488,0.0
19000,2024-09-22,0.3802,488,0.0
19000,2024-10-02,0.3494,488,0.0
19000,2024-10-07,0.3181,488,0.0
19000,2024-10-17,0.3497,488,0.0
19000,2024-10-22,0.3842,488,0.0
19000,2024-11-11,0.4789,488,0.0
19000,2024-11-26,0.4787,488,0.0
19000,2024-12-31,0.4979,488,0.0
19000,2025-01-05,0.5331,474,0.0287
19000,2025-01-10,0.4906,438,0.1025
19000,2025-01-15,0.4702,488,0.0
19000,2025-01-20,0.5028,436,0.1066
19000,2025-02-09,0.4705,488,0.0
19000,2025-02-14,0.5591,480,0.0164
19000,2025-02-19,0.5536,488,0.0
19000,2025-02-24,0.5188,488,0.0
19000,2025-03-01,0.5666,488,0.0
19000,2025-03-06,0.5743,488,0.0
19000,2025-03-21,0.5021,488,0.0
19000,2025-03-31,0.5172,488,0.0
19000,2025-04-12,0.5556,488,0.0
19000,2025-04-15,0.569,488,0.0
19000,2025-05-02,0.5368,488,0.0
19000,2025-05-05,0.5054,488,0.0
19000,2025-05-15,0.5176,488,0.0
19000,2025-05-20,0.4244,488,0.0
19000,2025-05-25,0.4781,488,0.0
19000,2025-05-30,0.5013,488,0.0
19000,2025-06-04,0.4833,488,0.0
19000,2025-06-19,0.4663,488,0.0
19000,2025-06-29,0.3693,488,0.0
19000,2025-07-14,0.3147,488,0.0
19000,2025-07-19,0.3372,488,0.0
19000,2025-07-21,0.3226,488,0.0
19000,2025-07-29,0.4005,488,0.0
19000,2025-08-13,0.381,488,0.0
19000,2025-08-30,0.3726,483,0.0102
19000,2025-09-17,0.3382,398,0.1844
19000,2025-09-27,0.3935,488,0.0
19000,2025-10-22,0.3961,488,0.0
19000,2025-10-29,0.3339,488,0.0
19000,2025-11-01,0.3807,488,0.0
19000,2025-11-11,0.4787,488,0.0
19000,2025-11-21,0.4857,488,0.0
19000,2025-11-26,0.5254,461,0.0553
19000,2025-12-01,0.5021,488,0.0
19000,2025-12-06,0.4477,488,0.0
19000,2025-12-11,0.4429,488,0.0
19000,2025-12-21,0.4789,488,0.0
19000,2025-12-28,0.5362,488,0.0
19000,2026-01-10,0.5813,488,0.0
19000,2026-03-16,0.5804,488,0.0
19000,2026-03-21,0.5521,488,0.0
19000,2026-03-26,0.5347,488,0.0
19000,2026-03-28,0.5369,488,0.0
19000,2026-04-17,0.4941,488,0.0
19000,2026-04-20,0.5134,488,0.0
19000,2026-04-25,0.3807,479,0.0184
19000,2026-05-05,0.4505,488,0.0
19000,2026-06-19,0.4398,488,0.0
19000,2026-06-29,0.4338,488,0.0
19000,2026-07-06,0.4367,488,0.0
19000,2026-07-09,0.4395,488,0.0
19000,2026-07-19,0.4829,488,0.0
19000,2026-07-26,0.4785,488,0.0
19000,2026-07-29,0.4512,465,0.0471
19000,2026-08-08,0.4007,488,0.0
19000,2026-08-18,0.4516,488,0.0
19000,2026-08-23,0.4552,488,0.0
19000,2026-09-04,0.459,488,0.0
19500,2019-01-07,0.5255,299,0.0417
19500,2019-01-17,0.4818,312,0.0
19500,2019-01-22,0.4127,310,0.0064
19500,2019-01-27,0.5062,312,0.0
19500,2019-02-01,0.4736,312,0.0
19500,2019-03-08,0.3776,307,0.016
19500,2019-03-18,0.5291,312,0.0
19500,2019-03-23,0.5495,312,0.0
19500,2019-04-02,0.4239,312,0.0
19500,2019-04-22,0.4121,312,0.0
19500,2019-04-27,0.4237,312,0.0
19500,2019-05-12,0.4399,312,0.0
19500,2019-05-22,0.5175,312,0.0
19500,2019-05-27,0.5373,312,0.0
19500,2019-06-11,0.4981,312,0.0
19500,2019-06-16,0.4709,312,0.0
19500,2019-06-26,0.4637,312,0.0
19500,2019-07-06,0.5143,312,0.0
19500,2019-07-11,0.4591,312,0.0
19500,2019-07-26,0.4171,312,0.0
19500,2019-07-31,0.3966,312,0.0
19500,2019-08-05,0.2391,281,0.0994
19500,2019-08-10,0.3667,312,0.0
19500,2019-08-15,0.4044,312,0.0
19500,2019-08-25,0.2955,280,0.1026
19500,2019-08-30,0.2875,312,0.0
19500,2019-09-09,0.3536,312,0.0
19500,2019-09-19,0.3178,312,0.0
19500,2019-09-29,0.4313,312,0.0
19500,2019-10-04,0.3956,312,0.0
19500,2019-10-14,0.3873,312,0.0
19500,2019-10-19,0.2546,309,0.0096
19500,2019-11-03,0.338,312,0.0
19500,2019-11-13,0.3848,312,0.0
19500,2019-12-28,0.3952,293,0.0609
19500,2020-01-07,0.4511,312,0.0
19500,2020-01-27,0.5332,312,0.0
19500,2020-03-07,0.2003,269,0.1378
19500,2020-03-12,0.4602,312,0.0
19500,2020-03-17,0.4742,312,0.0
19500,2020-03-22,0.5015,312,0.0
19500,2020-04-06,0.5376,312,0.0
19500,2020-04-11,0.4284,289,0.0737
19500,2020-04-16,0.4759,286,0.0833
19500,2020-04-21,0.4773,312,0.0
19500,2020-04-26,0.4315,312,0.0
19500,2020-05-01,0.3684,312,0.0
19500,2020-05-11,0.4207,312,0.0
19500,2020-05-16,0.3931,310,0.0064
19500,2020-05-21,0.3967,312,0.0
19500,2020-05-26,0.4128,312,0.0
19500,2020-05-31,0.3924,312,0.0
19500,2020-06-20,0.436,312,0.0
19500,2020-06-30,0.4044,312,0.0
19500,2020-07-10,0.4159,312,0.0
19500,2020-07-20,0.39,312,0.0
19500,2020-07-25,0.3794,312,0.0
19500,2020-08-04,0.4154,312,0.0
19500,2020-08-09,0.3687,312,0.0
19500,2020-08-19,0.3936,312,0.0
19500,2020-08-24,0.4361,312,0.0
19500,2020-08-29,0.405,312,0.0
19500,2020-09-03,0.4123,312,0.0
19500,2020-09-08,0.4198,312,0.0
19500,2020-09-13,0.4001,312,0.0
19500,2020-10-13,0.3799,312,0.0
19500,2020-10-18,0.3765,312,0.0
19500,2020-10-23,0.4157,312,0.0
19500,2020-10-28,0.4588,312,0.0
19500,2020-11-07,0.4393,312,0.0
19500,2020-11-22,0.4329,312,0.0
19500,2020-11-27,0.428,293,0.0609
19500,2021-01-06,0.2806,303,0.0288
19500,2021-02-15,0.5604,312,0.0
19500,2021-03-02,0.3919,283,0.0929
19500,2021-03-12,0.447,312,0.0
19500,2021-03-22,0.5524,312,0.0
19500,2021-03-27,0.5416,312,0.0
19500,2021-04-11,0.4706,312,0.0
19500,2021-04-26,0.4901,312,0.0
19500,2021-05-01,0.4758,312,0.0
19500,2021-05-06,0.4745,312,0.0
19500,2021-05-21,0.4753,312,0.0
19500,2021-05-26,0.4403,312,0.0
19500,2021-06-05,0.428,312,0.0
19500,2021-06-15,0.4119,312,0.0
19500,2021-06-20,0.3493,283,0.0929
19500,2021-07-10,0.3769,312,0.0
19500,2021-07-20,0.3893,312,0.0
19500,2021-07-25,0.3813,312,0.0
19500,2021-07-30,0.4085,312,0.0
19500,2021-08-09,0.3616,312,0.0
19500,2021-08-19,0.3533,312,0.0
19500,2021-08-24,0.3686,312,0.0
19500,2021-09-03,0.4121,312,0.0
19500,2021-09-23,0.471,288,0.0769
19500,2021-09-28,0.4172,312,0.0
19500,2021-10-13,0.4318,292,0.0641
19500,2021-10-23,0.4251,312,0.0
19500,2021-11-07,0.4426,312,0.0
19500,2021-11-17,0.4639,312,0.0
19500,2021-11-22,0.4902,312,0.0
19500,2021-12-02,0.4289,299,0.0417
19500,2021-12-12,0.4575,312,0.0
19500,2021-12-22,0.4121,312,0.0
19500,2022-01-01,0.4516,270,0.1346
19500,2022-01-16,0.4788,310,0.0064
19500,2022-01-21,0.5052,312,0.0
19500,2022-01-26,0.5458,312,0.0
19500,2022-02-10,0.4979,312,0.0
19500,2022-02-20,0.4705,312,0.0
19500,2022-03-02,0.5064,312,0.0
19500,2022-03-07,0.4311,312,0.0
19500,2022-03-17,0.4968,312,0.0
19500,2022-03-22,0.5258,312,0.0
19500,2022-04-11,0.4038,312,0.0
19500,2022-04-16,0.5059,312,0.0
19500,2022-04-21,0.49,312,0.0
19500,2022-04-26,0.5013,312,0.0
19500,2022-05-01,0.5145,312,0.0
19500,2022-05-11,0.4867,312,0.0
19500,2022-05-16,0.5179,312,0.0
19500,2022-05-21,0.5334,312,0.0
19500,2022-05-26,0.4982,312,0.0
19500,2022-06-05,0.5102,312,0.0
19500,2022-06-15,0.487,312,0.0
19500,2022-06-25,0.4037,312,0.0
19500,2022-06-30,0.4272,312,0.0
19500,2022-07-05,0.4319,312,0.0
19500,2022-07-15,0.4274,312,0.0
19500,2022-07-20,0.4038,292,0.0641
19500,2022-07-25,0.353,312,0.0
19500,2022-07-30,0.3809,309,0.0096
19500,2022-08-14,0.3737,312,0.0
19500,2022-08-24,0.3414,312,0.0
19500,2022-09-18,0.4283,312,0.0
19500,2022-09-23,0.4276,312,0.0
19500,2022-10-23,0.5054,312,0.0
19500,2022-11-12,0.5144,279,0.1058
19500,2022-11-17,0.4782,312,0.0
19500,2022-11-27,0.5747,312,0.0
19500,2022-12-12,0.4279,312,0.0
19500,2023-01-26,0.5685,312,0.0
19500,2023-02-20,0.5111,312,0.0
19500,2023-03-02,0.5857,312,0.0
19500,2023-03-17,0.3999,277,0.1122
19500,2023-03-22,0.5057,312,0.0
19500,2023-04-01,0.5011,312,0.0
19500,2023-04-11,0.5527,312,0.0
19500,2023-04-16,0.5634,293,0.0609
19500,2023-04-21,0.5884,312,0.0
19500,2023-05-01,0.5957,312,0.0
19500,2023-05-16,0.5918,312,0.0
19500,2023-05-21,0.5534,312,0.0
19500,2023-05-26,0.518,312,0.0
19500,2023-06-05,0.5281,312,0.0
19500,2023-06-10,0.5212,312,0.0
19500,2023-06-20,0.4548,312,0.0
19500,2023-06-25,0.4119,312,0.0
19500,2023-07-05,0.4351,312,0.0
19500,2023-07-15,0.4503,312,0.0
19500,2023-07-25,0.439,312,0.0
19500,2023-08-04,0.4155,312,0.0
19500,2023-08-09,0.3493,312,0.0
19500,2023-08-24,0.357,312,0.0
19500,2023-08-29,0.3213,312,0.0
19500,2023-09-03,0.416,312,0.0
19500,2023-09-08,0.4397,312,0.0
19500,2023-09-13,0.4395,312,0.0
19500,2023-09-18,0.463,312,0.0
19500,2023-09-23,0.4633,312,0.0
19500,2023-10-23,0.4947,312,0.0
19500,2023-11-07,0.5495,312,0.0
19500,2023-11-12,0.5218,312,0.0
19500,2023-11-17,0.501,306,0.0192
19500,2023-12-02,0.5607,312,0.0
19500,2023-12-22,0.385,289,0.0737
19500,2023-12-27,0.5289,312,0.0
19500,2024-01-11,0.544,312,0.0
19500,2024-01-16,0.5563,312,0.0
19500,2024-02-05,0.5568,312,0.0
19500,2024-03-11,0.5769,312,0.0
19500,2024-03-16,0.5657,312,0.0
19500,2024-03-31,0.5839,312,0.0
19500,2024-04-05,0.5922,312,0.0
19500,2024-04-10,0.6279,312,0.0
19500,2024-04-20,0.4859,312,0.0
19500,2024-04-30,0.4212,312,0.0
19500,2024-05-05,0.4082,312,0.0
19500,2024-05-10,0.393,312,0.0
19500,2024-05-20,0.4485,312,0.0
19500,2024-05-30,0.2948,251,0.1955
19500,2024-06-09,0.4659,312,0.0
19500,2024-06-14,0.4783,312,0.0
19500,2024-06-19,0.4582,312,0.0
19500,2024-06-24,0.4561,312,0.0
19500,2024-06-29,0.4003,312,0.0
19500,2024-07-14,0.4003,312,0.0
19500,2024-07-19,0.3697,312,0.0
19500,2024-07-24,0.3882,312,0.0
19500,2024-07-29,0.4013,312,0.0
19500,2024-08-03,0.4009,312,0.0
19500,2024-08-08,0.3724,312,0.0
19500,2024-08-18,0.3958,312,0.0
19500,2024-08-23,0.408,312,0.0
19500,2024-08-28,0.3929,312,0.0
19500,2024-09-02,0.4386,312,0.0
19500,2024-09-07,0.4392,312,0.0
19500,2024-09-12,0.3767,312,0.0
19500,2024-09-22,0.404,312,0.0
19500,2024-10-02,0.4355,312,0.0
19500,2024-10-07,0.3852,312,0.0
19500,2024-10-17,0.4043,312,0.0
19500,2024-10-22,0.4094,312,0.0
19500,2024-11-11,0.4703,312,0.0
19500,2024-11-26,0.477,312,0.0
19500,2024-12-01,0.2913,312,0.0
19500,2024-12-06,0.4588,257,0.1763
19500,2024-12-31,0.5767,312,0.0
19500,2025-01-10,0.5714,250,0.1987
19500,2025-01-15,0.5382,312,0.0
19500,2025-01-20,0.5123,312,0.0
19500,2025-02-09,0.5047,312,0.0
19500,2025-02-14,0.5966,272,0.1282
19500,2025-02-19,0.572,312,0.0
19500,2025-02-24,0.5613,312,0.0
19500,2025-03-01,0.604,312,0.0
19500,2025-03-06,0.6069,312,0.0
19500,2025-03-21,0.5916,301,0.0353
19500,2025-03-31,0.5801,312,0.0
19500,2025-04-12,0.5679,307,0.016
19500,2025-04-15,0.5916,312,0.0
19500,2025-05-02,0.5932,312,0.0
19500,2025-05-05,0.5614,312,0.0
19500,2025-05-15,0.6079,312,0.0
19500,2025-05-20,0.5601,312,0.0
19500,2025-05-25,0.5878,312,0.0
19500,2025-05-30,0.5762,312,0.0
19500,2025-06-04,0.5682,312,0.0
19500,2025-06-19,0.5027,312,0.0
19500,2025-06-29,0.3763,312,0.0
19500,2025-07-14,0.3568,312,0.0
19500,2025-07-19,0.3767,312,0.0
19500,2025-07-21,0.3737,312,0.0
19500,2025-07-29,0.4315,312,0.0
19500,2025-08-13,0.3886,312,0.0
19500,2025-08-23,0.346,291,0.0673
19500,2025-08-30,0.3721,312,0.0
19500,2025-09-02,0.3653,304,0.0256
19500,2025-09-27,0.3999,312,0.0
19500,2025-10-17,0.3933,312,0.0
19500,2025-10-22,0.4898,312,0.0
19500,2025-10-29,0.4982,300,0.0385
19500,2025-11-01,0.4852,312,0.0
19500,2025-11-11,0.5097,312,0.0
19500,2025-11-21,0.4473,312,0.0
19500,2025-12-01,0.4864,312,0.0
19500,2025-12-06,0.4789,312,0.0
19500,2025-12-11,0.5209,312,0.0
19500,2025-12-21,0.5573,312,0.0
19500,2025-12-28,0.5803,312,0.0
19500,2026-01-10,0.6229,312,0.0
19500,2026-03-16,0.6117,312,0.0
19500,2026-03-21,0.6102,312,0.0
19500,2026-03-26,0.5963,312,0.0
19500,2026-03-28,0.5921,312,0.0
19500,2026-04-05,0.6344,312,0.0
19500,2026-04-17,0.5182,312,0.0
19500,2026-04-20,0.5409,312,0.0
19500,2026-04-25,0.4201,312,0.0
19500,2026-05-05,0.498,312,0.0
19500,2026-06-19,0.5537,312,0.0
19500,2026-06-29,0.5676,312,0.0
19500,2026-07-06,0.5336,312,0.0
19500,2026-07-09,0.4743,312,0.0
19500,2026-07-19,0.4903,312,0.0
19500,2026-07-26,0.4946,312,0.0
19500,2026-08-08,0.389,312,0.0
19500,2026-08-18,0.4515,312,0.0
19500,2026-08-23,0.4475,312,0.0
19500,2026-09-04,0.44,312,0.0
20000,2019-01-07,0.3645,372,0.07
20000,2019-01-12,0.334,329,0.1775
20000,2019-01-17,0.3686,399,0.0025
20000,2019-01-22,0.3801,388,0.03
20000,2019-01-27,0.3536,400,0.0
20000,2019-02-01,0.3689,400,0.0
20000,2019-02-11,0.3305,356,0.11
20000,2019-03-08,0.2715,397,0.0075
20000,2019-03-13,0.4282,372,0.07
20000,2019-03-18,0.3652,334,0.165
20000,2019-03-23,0.3573,400,0.0
20000,2019-04-02,0.3692,400,0.0
20000,2019-04-22,0.3305,400,0.0
20000,2019-04-27,0.3024,400,0.0
20000,2019-05-12,0.2638,387,0.0325
20000,2019-05-22,0.3263,400,0.0
20000,2019-05-27,0.2988,400,0.0
20000,2019-06-11,0.3025,400,0.0
20000,2019-06-16,0.2932,400,0.0
20000,2019-06-26,0.3064,400,0.0
20000,2019-07-06,0.3733,400,0.0
20000,2019-07-11,0.3455,400,0.0
20000,2019-07-26,0.3067,400,0.0
20000,2019-07-31,0.3216,400,0.0
20000,2019-08-10,0.2987,400,0.0
20000,2019-08-15,0.3182,400,0.0
20000,2019-08-30,0.2632,400,0.0
20000,2019-09-09,0.3188,400,0.0
20000,2019-09-19,0.2443,400,0.0
20000,2019-09-29,0.326,400,0.0
20000,2019-10-04,0.2997,400,0.0
20000,2019-10-14,0.3294,400,0.0
20000,2019-11-03,0.2908,400,0.0
20000,2019-11-13,0.365,400,0.0
20000,2020-01-27,0.4599,400,0.0
20000,2020-03-07,0.3456,345,0.1375
20000,2020-03-12,0.4356,400,0.0
20000,2020-03-17,0.4935,400,0.0
20000,2020-03-22,0.3899,381,0.0475
20000,2020-04-06,0.4711,400,0.0
20000,2020-04-16,0.4396,381,0.0475
20000,2020-04-21,0.3811,399,0.0025
20000,2020-04-26,0.3535,400,0.0
20000,2020-05-01,0.2993,400,0.0
20000,2020-05-11,0.3923,400,0.0
20000,2020-05-16,0.3687,400,0.0
20000,2020-05-21,0.3499,400,0.0
20000,2020-05-26,0.3539,400,0.0
20000,2020-05-31,0.3101,400,0.0
20000,2020-06-20,0.3454,400,0.0
20000,2020-06-30,0.3247,400,0.0
20000,2020-07-10,0.3262,400,0.0
20000,2020-07-20,0.3847,400,0.0
20000,2020-07-25,0.3767,400,0.0
20000,2020-08-04,0.3923,400,0.0
20000,2020-08-09,0.3692,400,0.0
20000,2020-08-19,0.3849,400,0.0
20000,2020-08-24,0.4033,400,0.0
20000,2020-08-29,0.3498,400,0.0
20000,2020-09-03,0.3728,400,0.0
20000,2020-09-08,0.3769,400,0.0
20000,2020-09-13,0.3573,400,0.0
20000,2020-10-13,0.3455,400,0.0
20000,2020-10-18,0.3497,400,0.0
20000,2020-10-23,0.4017,400,0.0
20000,2020-10-28,0.4426,400,0.0
20000,2020-11-07,0.3963,400,0.0
20000,2020-11-22,0.4672,400,0.0
20000,2021-02-10,0.4403,366,0.085
20000,2021-02-20,0.4551,321,0.1975
20000,2021-03-12,0.4711,400,0.0
20000,2021-03-22,0.4097,400,0.0
20000,2021-03-27,0.404,400,0.0
20000,2021-04-11,0.3452,400,0.0
20000,2021-04-26,0.389,400,0.0
20000,2021-05-01,0.3812,400,0.0
20000,2021-05-06,0.4161,400,0.0
20000,2021-05-21,0.3571,400,0.0
20000,2021-05-26,0.3735,400,0.0
20000,2021-06-05,0.4124,400,0.0
20000,2021-06-15,0.4,400,0.0
20000,2021-07-10,0.3576,400,0.0
20000,2021-07-20,0.3263,400,0.0
20000,2021-07-25,0.287,400,0.0
20000,2021-07-30,0.3375,400,0.0
20000,2021-08-09,0.3343,400,0.0
20000,2021-08-19,0.2877,400,0.0
20000,2021-08-24,0.3068,400,0.0
20000,2021-09-03,0.3422,400,0.0
20000,2021-09-23,0.3508,327,0.1825
20000,2021-09-28,0.2987,400,0.0
20000,2021-10-08,0.3022,350,0.125
20000,2021-10-13,0.3023,339,0.1525
20000,2021-10-23,0.3603,400,0.0
20000,2021-11-07,0.4009,400,0.0
20000,2021-11-17,0.3487,400,0.0
20000,2021-11-22,0.4199,400,0.0
20000,2021-12-02,0.4084,368,0.08
20000,2021-12-12,0.4197,400,0.0
20000,2021-12-22,0.2983,347,0.1325
20000,2022-01-01,0.412,368,0.08
20000,2022-01-16,0.4671,394,0.015
20000,2022-01-21,0.4549,400,0.0
20000,2022-01-26,0.4866,400,0.0
20000,2022-02-10,0.3849,400,0.0
20000,2022-02-20,0.4076,322,0.195
20000,2022-03-02,0.4192,375,0.0625
20000,2022-03-07,0.4514,400,0.0
20000,2022-03-17,0.4746,400,0.0
20000,2022-03-22,0.4391,400,0.0
20000,2022-04-11,0.4001,400,0.0
20000,2022-04-16,0.4704,400,0.0
20000,2022-04-21,0.4316,400,0.0
20000,2022-04-26,0.4319,400,0.0
20000,2022-05-01,0.3535,400,0.0
20000,2022-05-11,0.3659,400,0.0
20000,2022-05-16,0.4044,378,0.055
20000,2022-05-21,0.3856,400,0.0
20000,2022-05-26,0.3419,400,0.0
20000,2022-06-05,0.373,400,0.0
20000,2022-06-15,0.4118,400,0.0
20000,2022-06-25,0.3374,365,0.0875
20000,2022-06-30,0.3498,400,0.0
20000,2022-07-05,0.3338,400,0.0
20000,2022-07-15,0.2759,400,0.0
20000,2022-07-20,0.1973,368,0.08
20000,2022-07-25,0.2517,400,0.0
20000,2022-07-30,0.2638,351,0.1225
20000,2022-08-14,0.3373,400,0.0
20000,2022-08-24,0.3147,400,0.0
20000,2022-09-18,0.326,400,0.0
20000,2022-09-23,0.3147,400,0.0
20000,2022-10-23,0.4754,400,0.0
20000,2022-11-17,0.42,400,0.0
20000,2022-11-27,0.5353,400,0.0
20000,2023-01-26,0.4638,400,0.0
20000,2023-02-10,0.5053,336,0.16
20000,2023-02-20,0.4715,400,0.0
20000,2023-03-02,0.5103,400,0.0
20000,2023-03-22,0.4425,400,0.0
20000,2023-04-01,0.4048,400,0.0
20000,2023-04-11,0.4581,400,0.0
20000,2023-04-21,0.4482,395,0.0125
20000,2023-05-01,0.4739,400,0.0
20000,2023-05-16,0.3653,400,0.0
20000,2023-05-21,0.3339,400,0.0
20000,2023-05-26,0.2911,400,0.0
20000,2023-06-05,0.303,400,0.0
20000,2023-06-10,0.2982,400,0.0
20000,2023-06-20,0.3577,400,0.0
20000,2023-06-25,0.3461,400,0.0
20000,2023-07-05,0.3735,400,0.0
20000,2023-07-15,0.326,400,0.0
20000,2023-07-25,0.256,400,0.0
20000,2023-07-30,0.158,338,0.155
20000,2023-08-04,0.3102,400,0.0
20000,2023-08-09,0.2829,400,0.0
20000,2023-08-24,0.3265,400,0.0
20000,2023-08-29,0.3223,400,0.0
20000,2023-09-03,0.3882,400,0.0
20000,2023-09-08,0.4127,400,0.0
20000,2023-09-13,0.4203,400,0.0
20000,2023-09-18,0.3921,400,0.0
20000,2023-09-23,0.3807,400,0.0
20000,2023-10-23,0.4515,400,0.0
20000,2023-11-07,0.4083,400,0.0
20000,2023-11-12,0.3814,400,0.0
20000,2023-12-02,0.5136,400,0.0
20000,2023-12-07,0.4856,396,0.01
20000,2023-12-27,0.3651,400,0.0
20000,2024-01-11,0.432,394,0.015
20000,2024-01-16,0.4586,396,0.01
20000,2024-02-05,0.5407,400,0.0
20000,2024-03-11,0.5014,400,0.0
20000,2024-03-16,0.5218,400,0.0
20000,2024-03-31,0.502,400,0.0
20000,2024-04-05,0.4394,400,0.0
20000,2024-04-10,0.4171,400,0.0
20000,2024-04-20,0.3976,400,0.0
20000,2024-04-30,0.2679,400,0.0
20000,2024-05-05,0.2831,400,0.0
20000,2024-05-10,0.2638,400,0.0
20000,2024-05-20,0.2522,400,0.0
20000,2024-06-09,0.2949,400,0.0
20000,2024-06-14,0.3061,400,0.0
20000,2024-06-19,0.2909,400,0.0
20000,2024-06-24,0.2711,400,0.0
20000,2024-06-29,0.2788,400,0.0
20000,2024-07-14,0.3256,400,0.0
20000,2024-07-19,0.3424,400,0.0
20000,2024-07-24,0.322,400,0.0
20000,2024-07-29,0.3186,400,0.0
20000,2024-08-03,0.3392,400,0.0
20000,2024-08-08,0.3301,400,0.0
20000,2024-08-18,0.3884,400,0.0
20000,2024-08-23,0.3806,400,0.0
20000,2024-08-28,0.3767,400,0.0
20000,2024-09-02,0.2595,400,0.0
20000,2024-09-07,0.3146,400,0.0
20000,2024-09-12,0.28,400,0.0
20000,2024-09-22,0.3383,400,0.0
20000,2024-10-02,0.3609,400,0.0
20000,2024-10-07,0.3342,400,0.0
20000,2024-10-17,0.3693,400,0.0
20000,2024-10-22,0.4076,400,0.0
20000,2024-11-11,0.4554,400,0.0
20000,2024-11-26,0.4197,400,0.0
20000,2024-12-01,0.3613,394,0.015
20000,2024-12-16,0.4356,340,0.15
20000,2024-12-31,0.533,400,0.0
20000,2025-01-15,0.4351,400,0.0
20000,2025-01-20,0.4203,370,0.075
20000,2025-02-09,0.4953,400,0.0
20000,2025-02-19,0.4887,400,0.0
20000,2025-02-24,0.4671,400,0.0
20000,2025-03-01,0.4193,400,0.0
20000,2025-03-06,0.4742,400,0.0
20000,2025-03-31,0.5817,400,0.0
20000,2025-04-12,0.5492,325,0.1875
20000,2025-04-15,0.5421,400,0.0
20000,2025-05-02,0.4707,400,0.0
20000,2025-05-05,0.3849,400,0.0
20000,2025-05-15,0.4245,400,0.0
20000,2025-05-20,0.4265,400,0.0
20000,2025-05-25,0.4667,400,0.0
20000,2025-05-30,0.4962,400,0.0
20000,2025-06-04,0.4748,400,0.0
20000,2025-06-19,0.4396,400,0.0
20000,2025-06-29,0.3454,400,0.0
20000,2025-07-14,0.3613,400,0.0
20000,2025-07-19,0.3731,400,0.0
20000,2025-07-21,0.3608,400,0.0
20000,2025-07-29,0.3888,400,0.0
20000,2025-08-13,0.3728,400,0.0
20000,2025-08-23,0.3379,357,0.1075
20000,2025-08-30,0.3728,393,0.0175
20000,2025-09-02,0.3575,366,0.085
20000,2025-09-27,0.3807,400,0.0
20000,2025-10-17,0.3767,328,0.18
20000,2025-10-22,0.4552,400,0.0
20000,2025-10-29,0.3735,386,0.035
20000,2025-11-01,0.3925,400,0.0
20000,2025-11-11,0.451,400,0.0
20000,2025-11-21,0.4632,400,0.0
20000,2025-11-26,0.5045,330,0.175
20000,2025-12-01,0.4862,400,0.0
20000,2025-12-06,0.404,393,0.0175
20000,2025-12-11,0.4308,400,0.0
20000,2025-12-21,0.4868,400,0.0
20000,2025-12-28,0.5328,400,0.0
20000,2026-01-10,0.5805,400,0.0
20000,2026-03-16,0.5216,400,0.0
20000,2026-03-21,0.5377,400,0.0
20000,2026-03-26,0.4962,400,0.0
20000,2026-03-28,0.4866,400,0.0
20000,2026-04-05,0.4235,341,0.1475
20000,2026-04-17,0.5187,400,0.0
20000,2026-04-20,0.5014,400,0.0
20000,2026-04-25,0.4339,394,0.015
20000,2026-05-05,0.4044,400,0.0
20000,2026-06-19,0.4582,400,0.0
20000,2026-06-29,0.442,400,0.0
20000,2026-07-06,0.4246,400,0.0
20000,2026-07-09,0.4084,400,0.0
20000,2026-07-19,0.4049,400,0.0
20000,2026-07-26,0.4279,400,0.0
20000,2026-08-08,0.4551,400,0.0
20000,2026-08-18,0.4824,400,0.0
20000,2026-08-23,0.4593,400,0.0
20000,2026-09-04,0.3578,400,0.0
20500,2019-01-07,0.1772,77,0.0
20500,2019-01-12,0.1506,77,0.0
20500,2019-01-17,0.1664,75,0.026
20500,2019-01-22,0.1619,73,0.0519
20500,2019-01-27,0.1457,77,0.0
20500,2019-02-01,0.1456,77,0.0
20500,2019-02-11,0.1115,76,0.013
20500,2019-03-08,0.2094,75,0.026
20500,2019-03-13,0.198,74,0.039
20500,2019-03-23,0.2762,77,0.0
20500,2019-04-02,0.2294,77,0.0
20500,2019-04-22,0.2675,77,0.0
20500,2019-04-27,0.298,77,0.0
20500,2019-05-12,0.2518,72,0.0649
20500,2019-05-22,0.3374,77,0.0
20500,2019-05-27,0.3451,77,0.0
20500,2019-06-11,0.3181,77,0.0
20500,2019-06-16,0.3112,77,0.0
20500,2019-06-26,0.2761,77,0.0
20500,2019-07-06,0.357,77,0.0
20500,2019-07-11,0.3227,77,0.0
20500,2019-07-26,0.2874,77,0.0
20500,2019-07-31,0.2605,77,0.0
20500,2019-08-10,0.2289,77,0.0
20500,2019-08-15,0.248,77,0.0
20500,2019-08-30,0.2127,77,0.0
20500,2019-09-09,0.2758,77,0.0
20500,2019-09-19,0.2561,77,0.0
20500,2019-09-29,0.272,77,0.0
20500,2019-10-04,0.2579,77,0.0
20500,2019-10-14,0.2491,77,0.0
20500,2019-10-19,0.1761,77,0.0
20500,2019-11-03,0.2044,77,0.0
20500,2019-11-13,0.2431,77,0.0
20500,2019-12-28,0.2758,69,0.1039
20500,2020-01-27,0.3191,77,0.0
20500,2020-02-16,0.3483,77,0.0
20500,2020-03-07,0.3684,75,0.026
20500,2020-03-12,0.4002,77,0.0
20500,2020-03-17,0.4432,77,0.0
20500,2020-03-22,0.4123,67,0.1299
20500,2020-03-27,0.4078,73,0.0519
20500,2020-04-01,0.4632,73,0.0519
20500,2020-04-06,0.4625,75,0.026
20500,2020-04-16,0.4048,74,0.039
20500,2020-04-21,0.4165,76,0.013
20500,2020-04-26,0.4082,75,0.026
20500,2020-05-01,0.3462,77,0.0
20500,2020-05-11,0.4132,77,0.0
20500,2020-05-16,0.3769,75,0.026
20500,2020-05-21,0.3882,77,0.0
20500,2020-05-26,0.4194,75,0.026
20500,2020-05-31,0.3881,77,0.0
20500,2020-06-20,0.3962,77,0.0
20500,2020-06-30,0.3676,77,0.0
20500,2020-07-10,0.4041,77,0.0
20500,2020-07-20,0.3003,77,0.0
20500,2020-07-25,0.2759,77,0.0
20500,2020-08-04,0.303,77,0.0
20500,2020-08-09,0.2742,77,0.0
20500,2020-08-19,0.3302,77,0.0
20500,2020-08-24,0.3255,77,0.0
20500,2020-08-29,0.302,77,0.0
20500,2020-09-03,0.3097,77,0.0
20500,2020-09-08,0.3342,77,0.0
20500,2020-09-13,0.3005,77,0.0
20500,2020-10-13,0.3426,77,0.0
20500,2020-10-18,0.3429,77,0.0
20500,2020-10-23,0.3614,77,0.0
20500,2020-10-28,0.3724,77,0.0
20500,2020-11-07,0.3644,77,0.0
20500,2020-11-22,0.3873,77,0.0
20500,2021-01-06,0.3713,62,0.1948
20500,2021-02-10,0.4388,77,0.0
20500,2021-02-20,0.3963,76,0.013
20500,2021-03-02,0.3394,77,0.0
20500,2021-03-12,0.4484,77,0.0
20500,2021-03-22,0.4853,77,0.0
20500,2021-03-27,0.4662,77,0.0
20500,2021-04-01,0.4677,69,0.1039
20500,2021-04-11,0.452,77,0.0
20500,2021-04-16,0.139,67,0.1299
20500,2021-04-26,0.3296,77,0.0
20500,2021-05-01,0.3275,77,0.0
20500,2021-05-06,0.3335,77,0.0
20500,2021-05-21,0.3646,77,0.0
20500,2021-05-26,0.3976,77,0.0
20500,2021-06-05,0.4118,77,0.0
20500,2021-06-15,0.4207,77,0.0
20500,2021-06-20,0.3961,75,0.026
20500,2021-07-10,0.3736,77,0.0
20500,2021-07-20,0.3857,77,0.0
20500,2021-07-25,0.3672,77,0.0
20500,2021-07-30,0.3896,77,0.0
20500,2021-08-09,0.3102,77,0.0
20500,2021-08-19,0.3343,77,0.0
20500,2021-08-24,0.3192,77,0.0
20500,2021-09-03,0.337,77,0.0
20500,2021-09-28,0.361,77,0.0
20500,2021-10-08,0.3326,77,0.0
20500,2021-10-13,0.2839,74,0.039
20500,2021-10-23,0.3929,77,0.0
20500,2021-11-07,0.3768,77,0.0
20500,2021-11-17,0.394,76,0.013
20500,2021-11-22,0.4257,77,0.0
20500,2021-11-27,0.4345,62,0.1948
20500,2021-12-02,0.4206,77,0.0
20500,2021-12-12,0.4316,77,0.0
20500,2022-01-01,0.4081,72,0.0649
20500,2022-01-16,0.4181,76,0.013
20500,2022-01-21,0.4191,77,0.0
20500,2022-01-26,0.436,77,0.0
20500,2022-02-10,0.4639,77,0.0
20500,2022-02-25,0.4593,66,0.1429
20500,2022-03-07,0.538,77,0.0
20500,2022-03-17,0.5569,77,0.0
20500,2022-03-22,0.6508,77,0.0
20500,2022-04-11,0.5736,77,0.0
20500,2022-04-16,0.5783,77,0.0
20500,2022-04-21,0.5546,77,0.0
20500,2022-04-26,0.5097,77,0.0
20500,2022-05-01,0.4742,77,0.0
20500,2022-05-11,0.4113,77,0.0
20500,2022-05-16,0.3605,75,0.026
20500,2022-05-21,0.4458,77,0.0
20500,2022-05-26,0.3494,77,0.0
20500,2022-06-05,0.3503,77,0.0
20500,2022-06-15,0.3723,77,0.0
20500,2022-06-30,0.4193,77,0.0
20500,2022-07-05,0.4,77,0.0
20500,2022-07-15,0.3614,77,0.0
20500,2022-07-20,0.3545,77,0.0
20500,2022-07-25,0.2873,77,0.0
20500,2022-07-30,0.2942,77,0.0
20500,2022-08-14,0.2948,77,0.0
20500,2022-08-24,0.3038,77,0.0
20500,2022-09-18,0.3416,77,0.0
20500,2022-09-23,0.3539,77,0.0
20500,2022-10-23,0.4129,77,0.0
20500,2022-11-17,0.4429,77,0.0
20500,2022-11-27,0.4792,77,0.0
20500,2023-01-26,0.5017,77,0.0
20500,2023-01-31,0.453,70,0.0909
20500,2023-02-10,0.4675,77,0.0
20500,2023-02-20,0.5143,77,0.0
20500,2023-02-25,0.4868,71,0.0779
20500,2023-03-02,0.5259,77,0.0
20500,2023-03-22,0.5411,77,0.0
20500,2023-04-01,0.5835,77,0.0
20500,2023-04-11,0.5489,77,0.0
20500,2023-04-21,0.4975,72,0.0649
20500,2023-05-01,0.5423,77,0.0
20500,2023-05-16,0.568,77,0.0
20500,2023-05-21,0.5489,77,0.0
20500,2023-05-26,0.5152,77,0.0
20500,2023-06-05,0.5588,77,0.0
20500,2023-06-10,0.5446,77,0.0
20500,2023-06-20,0.5461,77,0.0
20500,2023-06-25,0.3415,77,0.0
20500,2023-07-05,0.321,77,0.0
20500,2023-07-15,0.3423,77,0.0
20500,2023-07-25,0.361,77,0.0
20500,2023-07-30,0.2095,77,0.0
20500,2023-08-04,0.3851,77,0.0
20500,2023-08-09,0.3267,77,0.0
20500,2023-08-24,0.3544,77,0.0
20500,2023-08-29,0.3452,77,0.0
20500,2023-09-03,0.4279,77,0.0
20500,2023-09-08,0.4367,77,0.0
20500,2023-09-13,0.4285,77,0.0
20500,2023-09-18,0.4238,77,0.0
20500,2023-09-23,0.4104,77,0.0
20500,2023-10-23,0.4293,77,0.0
20500,2023-11-07,0.4573,77,0.0
20500,2023-11-12,0.4321,77,0.0
20500,2023-12-02,0.5018,77,0.0
20500,2023-12-07,0.4679,77,0.0
20500,2023-12-27,0.4435,77,0.0
20500,2024-01-11,0.5107,77,0.0
20500,2024-01-16,0.4753,77,0.0
20500,2024-02-05,0.5098,77,0.0
20500,2024-03-11,0.5809,75,0.026
20500,2024-03-16,0.5757,77,0.0
20500,2024-03-31,0.4965,77,0.0
20500,2024-04-05,0.4836,77,0.0
20500,2024-04-10,0.5177,77,0.0
20500,2024-04-20,0.5328,77,0.0
20500,2024-04-30,0.4363,77,0.0
20500,2024-05-05,0.432,77,0.0
20500,2024-05-10,0.3295,77,0.0
20500,2024-05-20,0.369,77,0.0
20500,2024-06-09,0.4557,77,0.0
20500,2024-06-14,0.443,77,0.0
20500,2024-06-19,0.4539,77,0.0
20500,2024-06-24,0.4319,77,0.0
20500,2024-06-29,0.427,77,0.0
20500,2024-07-14,0.4523,77,0.0
20500,2024-07-19,0.4437,77,0.0
20500,2024-07-24,0.4384,77,0.0
20500,2024-07-29,0.4477,77,0.0
20500,2024-08-03,0.4301,77,0.0
20500,2024-08-08,0.3658,77,0.0
20500,2024-08-18,0.3335,77,0.0
20500,2024-08-23,0.327,77,0.0
20500,2024-08-28,0.3033,77,0.0
20500,2024-09-02,0.288,77,0.0
20500,2024-09-07,0.3029,77,0.0
20500,2024-09-12,0.2876,77,0.0
20500,2024-09-22,0.3493,77,0.0
20500,2024-10-02,0.3373,77,0.0
20500,2024-10-07,0.3261,77,0.0
20500,2024-10-17,0.34,77,0.0
20500,2024-10-22,0.377,77,0.0
20500,2024-11-11,0.4938,77,0.0
20500,2024-11-26,0.4366,77,0.0
20500,2024-12-01,0.4077,77,0.0
20500,2024-12-16,0.4869,77,0.0
20500,2024-12-31,0.5564,77,0.0
20500,2025-01-15,0.5368,77,0.0
20500,2025-01-20,0.4781,77,0.0
20500,2025-02-09,0.2555,77,0.0
20500,2025-02-19,0.3212,77,0.0
20500,2025-02-24,0.4019,77,0.0
20500,2025-03-01,0.4237,77,0.0
20500,2025-03-06,0.4825,77,0.0
20500,2025-03-31,0.451,76,0.013
20500,2025-04-15,0.6144,77,0.0
20500,2025-05-02,0.6115,77,0.0
20500,2025-05-05,0.58,77,0.0
20500,2025-05-15,0.6072,77,0.0
20500,2025-05-20,0.5755,77,0.0
20500,2025-05-25,0.6042,77,0.0
20500,2025-05-30,0.5767,77,0.0
20500,2025-06-04,0.5723,77,0.0
20500,2025-06-19,0.5299,77,0.0
20500,2025-06-29,0.5295,77,0.0
20500,2025-07-14,0.5166,77,0.0
20500,2025-07-19,0.4948,77,0.0
20500,2025-07-21,0.478,77,0.0
20500,2025-07-29,0.5066,77,0.0
20500,2025-08-13,0.302,77,0.0
20500,2025-08-23,0.2331,77,0.0
20500,2025-08-30,0.2744,77,0.0
20500,2025-09-02,0.2757,77,0.0
20500,2025-09-27,0.3387,77,0.0
20500,2025-10-22,0.447,77,0.0
20500,2025-10-29,0.3615,77,0.0
20500,2025-11-01,0.3653,77,0.0
20500,2025-11-11,0.4788,77,0.0
20500,2025-11-21,0.4789,77,0.0
20500,2025-11-26,0.4939,73,0.0519
20500,2025-12-01,0.4392,77,0.0
20500,2025-12-06,0.4387,77,0.0
20500,2025-12-11,0.4918,77,0.0
20500,2025-12-21,0.5241,77,0.0
20500,2025-12-28,0.5377,77,0.0
20500,2026-01-10,0.5941,77,0.0
20500,2026-01-25,0.4558,62,0.1948
20500,2026-02-19,0.4804,73,0.0519
20500,2026-03-16,0.5844,77,0.0
20500,2026-03-21,0.5957,77,0.0
20500,2026-03-26,0.5839,77,0.0
20500,2026-03-28,0.5749,77,0.0
20500,2026-04-17,0.5606,77,0.0
20500,2026-04-20,0.5809,77,0.0
20500,2026-04-25,0.4824,77,0.0
20500,2026-05-05,0.5206,77,0.0
20500,2026-06-04,0.5169,72,0.0649
20500,2026-06-19,0.5803,77,0.0
20500,2026-06-29,0.2947,77,0.0
20500,2026-07-06,0.3062,77,0.0
20500,2026-07-09,0.3344,77,0.0
20500,2026-07-19,0.3857,77,0.0
20500,2026-07-26,0.3885,77,0.0
20500,2026-08-08,0.3964,77,0.0
20500,2026-08-18,0.4508,77,0.0
20500,2026-08-23,0.45,77,0.0
20500,2026-09-04,0.4699,77,0.0
21000,2019-01-07,0.437,80,0.0
21000,2019-01-12,0.2731,80,0.0
21000,2019-01-17,0.3483,80,0.0
21000,2019-01-22,0.2642,73,0.0875
21000,2019-01-27,0.2857,80,0.0
21000,2019-02-01,0.2839,80,0.0
21000,2019-03-08,0.2579,80,0.0
21000,2019-03-13,0.3047,66,0.175
21000,2019-03-23,0.2812,80,0.0
21000,2019-04-02,0.255,80,0.0
21000,2019-04-22,0.1891,80,0.0
21000,2019-04-27,0.2103,80,0.0
21000,2019-05-02,0.1708,80,0.0
21000,2019-05-22,0.3528,80,0.0
21000,2019-05-27,0.2676,80,0.0
21000,2019-06-11,0.2784,80,0.0
21000,2019-06-16,0.2721,80,0.0
21000,2019-06-26,0.2616,80,0.0
21000,2019-07-06,0.3532,80,0.0
21000,2019-07-11,0.2843,80,0.0
21000,2019-07-21,0.2704,80,0.0
21000,2019-07-26,0.2299,80,0.0
21000,2019-07-31,0.2863,80,0.0
21000,2019-08-10,0.2686,80,0.0
21000,2019-08-15,0.285,80,0.0
21000,2019-08-30,0.2168,80,0.0
21000,2019-09-09,0.2719,80,0.0
21000,2019-09-19,0.1807,80,0.0
21000,2019-09-29,0.2588,80,0.0
21000,2019-10-04,0.2409,80,0.0
21000,2019-10-14,0.3296,80,0.0
21000,2019-10-19,0.1958,79,0.0125
21000,2019-11-03,0.298,80,0.0
21000,2019-11-13,0.2803,80,0.0
21000,2019-11-23,0.3176,80,0.0
21000,2019-12-28,0.3346,79,0.0125
21000,2020-01-07,0.205,69,0.1375
21000,2020-01-27,0.3495,80,0.0
21000,2020-02-16,0.3539,80,0.0
21000,2020-03-07,0.2484,68,0.15
21000,2020-03-12,0.3254,80,0.0
21000,2020-03-17,0.3296,80,0.0
21000,2020-03-22,0.2748,80,0.0
21000,2020-03-27,0.2681,80,0.0
21000,2020-04-01,0.2139,67,0.1625
21000,2020-04-06,0.3129,80,0.0
21000,2020-04-16,0.3612,80,0.0
21000,2020-04-21,0.2706,80,0.0
21000,2020-04-26,0.2557,80,0.0
21000,2020-05-01,0.1807,80,0.0
21000,2020-05-06,0.155,76,0.05
21000,2020-05-11,0.3034,80,0.0
21000,2020-05-16,0.2762,80,0.0
21000,2020-05-21,0.249,80,0.0
21000,2020-05-26,0.2593,80,0.0
21000,2020-05-31,0.2453,80,0.0
21000,2020-06-20,0.2663,80,0.0
21000,2020-06-30,0.2552,80,0.0
21000,2020-07-10,0.2544,80,0.0
21000,2020-07-20,0.2975,80,0.0
21000,2020-07-25,0.2907,80,0.0
21000,2020-08-04,0.2873,80,0.0
21000,2020-08-09,0.2918,80,0.0
21000,2020-08-19,0.2917,80,0.0
21000,2020-08-24,0.3341,80,0.0
21000,2020-08-29,0.2718,80,0.0
21000,2020-09-03,0.2608,80,0.0
21000,2020-09-08,0.2797,80,0.0
21000,2020-09-13,0.2562,80,0.0
21000,2020-10-13,0.2779,80,0.0
21000,2020-10-18,0.3139,80,0.0
21000,2020-10-23,0.3022,80,0.0
21000,2020-10-28,0.3488,80,0.0
21000,2020-11-07,0.2912,80,0.0
21000,2020-11-22,0.3809,80,0.0
21000,2021-01-06,0.1422,80,0.0
21000,2021-02-10,0.3589,80,0.0
21000,2021-02-15,0.3271,80,0.0
21000,2021-02-20,0.2547,80,0.0
21000,2021-03-02,0.2704,79,0.0125
21000,2021-03-12,0.3654,80,0.0
21000,2021-03-22,0.2596,80,0.0
21000,2021-03-27,0.2728,80,0.0
21000,2021-04-01,0.2569,80,0.0
21000,2021-04-11,0.2137,80,0.0
21000,2021-04-26,0.289,80,0.0
21000,2021-05-01,0.294,80,0.0
21000,2021-05-06,0.3004,80,0.0
21000,2021-05-21,0.2512,80,0.0
21000,2021-05-26,0.29,80,0.0
21000,2021-06-05,0.3151,80,0.0
21000,2021-06-15,0.2724,80,0.0
21000,2021-06-30,0.2681,80,0.0
21000,2021-07-05,0.1157,80,0.0
21000,2021-07-10,0.2466,80,0.0
21000,2021-07-20,0.2368,80,0.0
21000,2021-07-25,0.2267,80,0.0
21000,2021-07-30,0.2524,80,0.0
21000,2021-08-09,0.2535,80,0.0
21000,2021-08-19,0.2465,80,0.0
21000,2021-08-24,0.2193,80,0.0
21000,2021-09-03,0.2647,80,0.0
21000,2021-09-23,0.2509,70,0.125
21000,2021-09-28,0.1945,80,0.0
21000,2021-10-08,0.2436,75,0.0625
21000,2021-10-23,0.2708,80,0.0
21000,2021-11-07,0.2624,80,0.0
21000,2021-11-17,0.2472,80,0.0
21000,2021-11-22,0.2992,80,0.0
21000,2021-12-02,0.2857,78,0.025
21000,2021-12-12,0.3112,80,0.0
21000,2022-01-01,0.3525,80,0.0
21000,2022-01-16,0.3222,80,0.0
21000,2022-01-21,0.3473,80,0.0
21000,2022-01-26,0.39,80,0.0
21000,2022-02-10,0.2799,80,0.0
21000,2022-02-25,0.2813,80,0.0
21000,2022-03-02,0.3137,80,0.0
21000,2022-03-07,0.349,80,0.0
21000,2022-03-17,0.2634,80,0.0
21000,2022-03-22,0.3251,80,0.0
21000,2022-04-06,0.2669,79,0.0125
21000,2022-04-11,0.2768,80,0.0
21000,2022-04-16,0.3426,80,0.0
21000,2022-04-21,0.2995,80,0.0
21000,2022-04-26,0.3254,80,0.0
21000,2022-05-01,0.2061,80,0.0
21000,2022-05-11,0.224,80,0.0
21000,2022-05-21,0.2394,80,0.0
21000,2022-05-26,0.2496,80,0.0
21000,2022-06-05,0.275,80,0.0
21000,2022-06-10,0.1855,75,0.0625
21000,2022-06-15,0.2731,80,0.0
21000,2022-06-30,0.3285,80,0.0
21000,2022-07-05,0.2976,80,0.0
21000,2022-07-15,0.2007,80,0.0
21000,2022-07-20,0.1919,80,0.0
21000,2022-07-25,0.2,80,0.0
21000,2022-07-30,0.1576,80,0.0
21000,2022-08-14,0.2214,80,0.0
21000,2022-08-24,0.2235,80,0.0
21000,2022-09-18,0.2502,80,0.0
21000,2022-09-23,0.2051,80,0.0
21000,2022-10-23,0.3884,80,0.0
21000,2022-11-17,0.3232,80,0.0
21000,2022-11-27,0.4239,80,0.0
21000,2023-01-26,0.3417,80,0.0
21000,2023-02-10,0.408,80,0.0
21000,2023-02-20,0.3849,80,0.0
21000,2023-03-02,0.4356,80,0.0
21000,2023-03-22,0.3448,80,0.0
21000,2023-04-01,0.4053,80,0.0
21000,2023-04-11,0.3647,80,0.0
21000,2023-04-21,0.2741,80,0.0
21000,2023-05-01,0.3293,80,0.0
21000,2023-05-16,0.391,80,0.0
21000,2023-05-21,0.3803,80,0.0
21000,2023-05-26,0.3303,80,0.0
21000,2023-06-05,0.249,80,0.0
21000,2023-06-10,0.175,80,0.0
21000,2023-06-20,0.2154,80,0.0
21000,2023-06-25,0.2297,80,0.0
21000,2023-07-05,0.2794,80,0.0
21000,2023-07-15,0.3227,80,0.0
21000,2023-07-25,0.2211,80,0.0
21000,2023-08-04,0.2469,80,0.0
21000,2023-08-09,0.1698,80,0.0
21000,2023-08-24,0.2864,80,0.0
21000,2023-08-29,0.2436,80,0.0
21000,2023-09-03,0.2907,80,0.0
21000,2023-09-08,0.2562,80,0.0
21000,2023-09-13,0.2875,80,0.0
21000,2023-09-18,0.2527,80,0.0
21000,2023-09-23,0.2111,80,0.0
21000,2023-10-23,0.4078,80,0.0
21000,2023-11-07,0.3427,80,0.0
21000,2023-11-12,0.2714,80,0.0
21000,2023-12-02,0.4071,80,0.0
21000,2023-12-07,0.4084,80,0.0
21000,2023-12-17,0.2939,64,0.2
21000,2023-12-27,0.3192,80,0.0
21000,2024-01-11,0.4164,80,0.0
21000,2024-01-16,0.3942,66,0.175
21000,2024-02-05,0.3616,80,0.0
21000,2024-03-11,0.3274,80,0.0
21000,2024-03-16,0.4076,80,0.0
21000,2024-03-26,0.3408,72,0.1
21000,2024-03-31,0.4589,80,0.0
21000,2024-04-05,0.3806,80,0.0
21000,2024-04-10,0.4115,80,0.0
21000,2024-04-20,0.4238,80,0.0
21000,2024-04-30,0.214,80,0.0
21000,2024-05-05,0.2144,80,0.0
21000,2024-05-10,0.2324,80,0.0
21000,2024-05-20,0.2656,80,0.0
21000,2024-05-30,0.2472,78,0.025
21000,2024-06-09,0.213,80,0.0
21000,2024-06-14,0.2314,80,0.0
21000,2024-06-19,0.2457,80,0.0
21000,2024-06-24,0.2013,80,0.0
21000,2024-06-29,0.2138,80,0.0
21000,2024-07-14,0.2685,80,0.0
21000,2024-07-19,0.2729,80,0.0
21000,2024-07-24,0.2786,80,0.0
21000,2024-07-29,0.2512,80,0.0
21000,2024-08-03,0.2943,80,0.0
21000,2024-08-08,0.2817,80,0.0
21000,2024-08-18,0.3453,80,0.0
21000,2024-08-23,0.331,80,0.0
21000,2024-08-28,0.3203,80,0.0
21000,2024-09-02,0.3342,80,0.0
21000,2024-09-07,0.3233,80,0.0
21000,2024-09-12,0.252,80,0.0
21000,2024-09-22,0.2978,80,0.0
21000,2024-10-02,0.2899,80,0.0
21000,2024-10-07,0.3003,80,0.0
21000,2024-10-17,0.2997,80,0.0
21000,2024-10-22,0.3452,80,0.0
21000,2024-11-11,0.2989,80,0.0
21000,2024-11-26,0.3106,80,0.0
21000,2024-12-01,0.2993,80,0.0
21000,2024-12-16,0.3104,80,0.0
21000,2024-12-31,0.4035,80,0.0
21000,2025-01-15,0.2255,80,0.0
21000,2025-01-20,0.2401,80,0.0
21000,2025-02-09,0.3498,80,0.0
21000,2025-02-14,0.3698,80,0.0
21000,2025-02-19,0.3805,80,0.0
21000,2025-02-24,0.4284,80,0.0
21000,2025-03-01,0.4048,80,0.0
21000,2025-03-06,0.4361,80,0.0
21000,2025-03-31,0.4046,80,0.0
21000,2025-04-12,0.4583,80,0.0
21000,2025-04-15,0.454,80,0.0
21000,2025-05-02,0.3144,80,0.0
21000,2025-05-05,0.2444,80,0.0
21000,2025-05-15,0.2518,80,0.0
21000,2025-05-20,0.2571,80,0.0
21000,2025-05-25,0.3027,80,0.0
21000,2025-05-30,0.3489,80,0.0
21000,2025-06-04,0.3542,80,0.0
21000,2025-06-19,0.3653,80,0.0
21000,2025-06-29,0.1739,80,0.0
21000,2025-07-09,0.1769,79,0.0125
21000,2025-07-14,0.2327,80,0.0
21000,2025-07-19,0.2585,80,0.0
21000,2025-07-21,0.2451,80,0.0
21000,2025-07-29,0.3301,80,0.0
21000,2025-08-13,0.217,80,0.0
21000,2025-08-23,0.2239,80,0.0
21000,2025-08-30,0.2715,80,0.0
21000,2025-09-02,0.2828,80,0.0
21000,2025-09-27,0.3454,80,0.0
21000,2025-10-22,0.3521,80,0.0
21000,2025-10-29,0.3164,80,0.0
21000,2025-11-01,0.3643,80,0.0
21000,2025-11-11,0.299,80,0.0
21000,2025-11-21,0.372,80,0.0
21000,2025-12-01,0.383,80,0.0
21000,2025-12-06,0.2978,80,0.0
21000,2025-12-11,0.275,80,0.0
21000,2025-12-21,0.3728,80,0.0
21000,2025-12-28,0.4319,80,0.0
21000,2026-01-10,0.4733,80,0.0
21000,2026-02-19,0.3846,80,0.0
21000,2026-03-16,0.4195,80,0.0
21000,2026-03-21,0.4075,80,0.0
21000,2026-03-26,0.3073,80,0.0
21000,2026-03-28,0.2214,80,0.0
21000,2026-04-05,0.1501,80,0.0
21000,2026-04-17,0.2518,80,0.0
21000,2026-04-20,0.3067,80,0.0
21000,2026-04-25,0.2803,80,0.0
21000,2026-05-05,0.3314,80,0.0
21000,2026-05-07,0.3342,80,0.0
21000,2026-06-19,0.397,80,0.0
21000,2026-06-29,0.3773,80,0.0
21000,2026-07-06,0.3805,80,0.0
21000,2026-07-09,0.3516,80,0.0
21000,2026-07-19,0.2159,80,0.0
21000,2026-07-26,0.2639,80,0.0
21000,2026-08-08,0.3504,80,0.0
21000,2026-08-18,0.3657,80,0.0
21000,2026-08-23,0.4127,80,0.0
21000,2026-09-04,0.3311,80,0.0
21500,2019-01-07,0.3765,146,0.0
21500,2019-01-12,0.3025,146,0.0
21500,2019-01-17,0.3761,146,0.0
21500,2019-01-22,0.3029,146,0.0
21500,2019-01-27,0.3456,146,0.0
21500,2019-02-01,0.3451,146,0.0
21500,2019-03-08,0.2638,146,0.0
21500,2019-03-23,0.3305,146,0.0
21500,2019-04-02,0.3452,146,0.0
21500,2019-04-22,0.2595,146,0.0
21500,2019-04-27,0.2883,146,0.0
21500,2019-05-12,0.2026,117,0.1986
21500,2019-05-22,0.2887,146,0.0
21500,2019-05-27,0.3107,146,0.0
21500,2019-06-11,0.2988,146,0.0
21500,2019-06-16,0.2319,146,0.0
21500,2019-06-26,0.2586,146,0.0
21500,2019-07-06,0.3261,146,0.0
21500,2019-07-11,0.3027,146,0.0
21500,2019-07-21,0.2679,146,0.0
21500,2019-07-26,0.2452,146,0.0
21500,2019-07-31,0.2675,146,0.0
21500,2019-08-10,0.233,146,0.0
21500,2019-08-15,0.2515,146,0.0
21500,2019-08-30,0.1863,146,0.0
21500,2019-09-09,0.2278,146,0.0
21500,2019-09-19,0.1895,146,0.0
21500,2019-09-29,0.2482,146,0.0
21500,2019-10-04,0.2134,146,0.0
21500,2019-10-14,0.2531,146,0.0
21500,2019-10-19,0.1861,143,0.0205
21500,2019-11-03,0.2095,146,0.0
21500,2019-11-13,0.2287,146,0.0
21500,2019-11-23,0.2287,123,0.1575
21500,2020-01-07,0.3301,146,0.0
21500,2020-01-27,0.3761,146,0.0
21500,2020-02-16,0.3814,146,0.0
21500,2020-03-07,0.3453,146,0.0
21500,2020-03-12,0.3731,146,0.0
21500,2020-03-17,0.4475,146,0.0
21500,2020-03-27,0.3263,146,0.0
21500,2020-04-06,0.3294,146,0.0
21500,2020-04-16,0.2725,146,0.0
21500,2020-04-21,0.2667,146,0.0
21500,2020-04-26,0.2551,146,0.0
21500,2020-05-01,0.2125,146,0.0
21500,2020-05-11,0.2695,146,0.0
21500,2020-05-16,0.2521,146,0.0
21500,2020-05-21,0.2325,146,0.0
21500,2020-05-26,0.2461,146,0.0
21500,2020-05-31,0.2442,146,0.0
21500,2020-06-20,0.2748,146,0.0
21500,2020-06-30,0.2951,146,0.0
21500,2020-07-10,0.2959,146,0.0
21500,2020-07-20,0.3464,146,0.0
21500,2020-07-25,0.3149,146,0.0
21500,2020-08-04,0.2714,146,0.0
21500,2020-08-09,0.2592,146,0.0
21500,2020-08-19,0.2872,146,0.0
21500,2020-08-24,0.3057,146,0.0
21500,2020-08-29,0.3035,146,0.0
21500,2020-09-03,0.2793,146,0.0
21500,2020-09-08,0.2703,146,0.0
21500,2020-09-13,0.2593,146,0.0
21500,2020-10-13,0.233,146,0.0
21500,2020-10-18,0.2486,146,0.0
21500,2020-10-23,0.3033,146,0.0
21500,2020-10-28,0.3391,146,0.0
21500,2020-11-07,0.2636,146,0.0
21500,2020-11-22,0.3656,146,0.0
21500,2020-11-27,0.3527,137,0.0616
21500,2021-02-10,0.3535,144,0.0137
21500,2021-02-20,0.3374,120,0.1781
21500,2021-03-02,0.322,146,0.0
21500,2021-03-12,0.396,146,0.0
21500,2021-03-22,0.3384,146,0.0
21500,2021-03-27,0.3796,146,0.0
21500,2021-04-01,0.3615,146,0.0
21500,2021-04-11,0.2948,146,0.0
21500,2021-04-26,0.3067,145,0.0068
21500,2021-05-01,0.2982,146,0.0
21500,2021-05-06,0.3217,146,0.0
21500,2021-05-21,0.2911,146,0.0
21500,2021-05-26,0.2984,146,0.0
21500,2021-06-05,0.3299,146,0.0
21500,2021-06-15,0.3025,146,0.0
21500,2021-06-20,0.1668,126,0.137
21500,2021-06-30,0.2442,146,0.0
21500,2021-07-10,0.2295,146,0.0
21500,2021-07-20,0.224,146,0.0
21500,2021-07-25,0.1895,146,0.0
21500,2021-07-30,0.2358,146,0.0
21500,2021-08-09,0.2335,146,0.0
21500,2021-08-19,0.2086,146,0.0
21500,2021-08-24,0.2169,146,0.0
21500,2021-09-03,0.2484,146,0.0
21500,2021-09-28,0.2323,146,0.0
21500,2021-10-23,0.2958,146,0.0
21500,2021-11-07,0.257,146,0.0
21500,2021-11-17,0.3022,146,0.0
21500,2021-11-22,0.3488,146,0.0
21500,2021-12-02,0.287,145,0.0068
21500,2021-12-12,0.3231,146,0.0
21500,2022-01-01,0.4041,146,0.0
21500,2022-01-16,0.2524,144,0.0137
21500,2022-01-21,0.3027,146,0.0
21500,2022-01-26,0.3574,146,0.0
21500,2022-02-10,0.2756,146,0.0
21500,2022-02-25,0.3216,119,0.1849
21500,2022-03-02,0.4208,146,0.0
21500,2022-03-07,0.3688,146,0.0
21500,2022-03-17,0.3661,146,0.0
21500,2022-03-22,0.3924,146,0.0
21500,2022-04-11,0.2915,146,0.0
21500,2022-04-16,0.3657,146,0.0
21500,2022-04-21,0.3067,146,0.0
21500,2022-04-26,0.3304,146,0.0
21500,2022-05-01,0.3408,146,0.0
21500,2022-05-11,0.3456,146,0.0
21500,2022-05-21,0.2514,146,0.0
21500,2022-05-26,0.2167,146,0.0
21500,2022-06-05,0.2517,146,0.0
21500,2022-06-15,0.3098,146,0.0
21500,2022-06-25,0.2981,146,0.0
21500,2022-06-30,0.3411,146,0.0
21500,2022-07-05,0.3258,146,0.0
21500,2022-07-15,0.2672,146,0.0
21500,2022-07-25,0.2135,146,0.0
21500,2022-08-14,0.2559,146,0.0
21500,2022-08-24,0.2405,146,0.0
21500,2022-09-18,0.3031,146,0.0
21500,2022-09-23,0.2639,146,0.0
21500,2022-10-23,0.3531,146,0.0
21500,2022-11-17,0.3923,146,0.0
21500,2022-11-27,0.365,146,0.0
21500,2022-12-02,0.2837,132,0.0959
21500,2023-01-26,0.393,146,0.0
21500,2023-02-20,0.4001,146,0.0
21500,2023-03-02,0.463,146,0.0
21500,2023-03-22,0.4003,146,0.0
21500,2023-04-01,0.4444,146,0.0
21500,2023-04-11,0.2834,133,0.089
21500,2023-04-16,0.2869,146,0.0
21500,2023-04-21,0.298,146,0.0
21500,2023-05-01,0.3704,146,0.0
21500,2023-05-16,0.385,146,0.0
21500,2023-05-21,0.3773,146,0.0
21500,2023-05-26,0.318,146,0.0
21500,2023-06-05,0.3615,146,0.0
21500,2023-06-10,0.2709,146,0.0
21500,2023-06-20,0.3067,146,0.0
21500,2023-06-25,0.2915,146,0.0
21500,2023-07-05,0.2563,146,0.0
21500,2023-07-15,0.2285,146,0.0
21500,2023-07-25,0.2096,146,0.0
21500,2023-08-04,0.2253,146,0.0
21500,2023-08-09,0.17,146,0.0
21500,2023-08-24,0.2364,146,0.0
21500,2023-08-29,0.2211,143,0.0205
21500,2023-09-03,0.3264,146,0.0
21500,2023-09-08,0.3115,146,0.0
21500,2023-09-13,0.307,146,0.0
21500,2023-09-18,0.3027,146,0.0
21500,2023-09-23,0.2068,146,0.0
21500,2023-10-23,0.3806,146,0.0
21500,2023-11-07,0.3577,146,0.0
21500,2023-11-12,0.314,146,0.0
21500,2023-11-22,0.2996,144,0.0137
21500,2023-12-02,0.4019,146,0.0
21500,2023-12-07,0.3848,146,0.0
21500,2023-12-27,0.2708,146,0.0
21500,2024-01-11,0.3683,146,0.0
21500,2024-02-05,0.4394,146,0.0
21500,2024-02-10,0.3651,124,0.1507
21500,2024-03-11,0.4753,146,0.0
21500,2024-03-16,0.4599,146,0.0
21500,2024-03-26,0.2548,137,0.0616
21500,2024-03-31,0.3179,146,0.0
21500,2024-04-05,0.3462,146,0.0
21500,2024-04-10,0.2571,134,0.0822
21500,2024-04-20,0.4122,146,0.0
21500,2024-04-30,0.2754,146,0.0
21500,2024-05-05,0.2946,146,0.0
21500,2024-05-10,0.2593,146,0.0
21500,2024-05-20,0.2625,146,0.0
21500,2024-06-09,0.2447,146,0.0
21500,2024-06-14,0.2833,146,0.0
21500,2024-06-19,0.2916,146,0.0
21500,2024-06-24,0.2947,146,0.0
21500,2024-06-29,0.2835,146,0.0
21500,2024-07-14,0.3226,146,0.0
21500,2024-07-19,0.3108,146,0.0
21500,2024-07-24,0.2877,146,0.0
21500,2024-07-29,0.2595,146,0.0
21500,2024-08-03,0.2837,146,0.0
21500,2024-08-08,0.2757,146,0.0
21500,2024-08-18,0.3184,146,0.0
21500,2024-08-23,0.3112,146,0.0
21500,2024-08-28,0.3061,146,0.0
21500,2024-09-02,0.3179,146,0.0
21500,2024-09-07,0.3105,146,0.0
21500,2024-09-12,0.2559,146,0.0
21500,2024-09-22,0.2795,146,0.0
21500,2024-10-02,0.2756,146,0.0
21500,2024-10-07,0.264,146,0.0
21500,2024-10-17,0.2634,146,0.0
21500,2024-10-22,0.3135,146,0.0
21500,2024-11-11,0.2639,146,0.0
21500,2024-11-26,0.3494,146,0.0
21500,2024-12-16,0.3387,146,0.0
21500,2024-12-31,0.436,146,0.0
21500,2025-01-15,0.2751,146,0.0
21500,2025-01-20,0.3074,123,0.1575
21500,2025-02-09,0.4117,146,0.0
21500,2025-02-14,0.4314,138,0.0548
21500,2025-02-19,0.4156,127,0.1301
21500,2025-02-24,0.4556,146,0.0
21500,2025-03-01,0.4666,146,0.0
21500,2025-03-06,0.3257,146,0.0
21500,2025-03-31,0.3792,146,0.0
21500,2025-04-12,0.4346,146,0.0
21500,2025-04-15,0.4423,146,0.0
21500,2025-05-02,0.4165,146,0.0
21500,2025-05-05,0.3153,146,0.0
21500,2025-05-15,0.3268,146,0.0
21500,2025-05-20,0.3313,146,0.0
21500,2025-05-25,0.3871,146,0.0
21500,2025-05-30,0.4283,146,0.0
21500,2025-06-04,0.4106,146,0.0
21500,2025-06-19,0.4044,146,0.0
21500,2025-06-29,0.2358,146,0.0
21500,2025-07-09,0.2132,146,0.0
21500,2025-07-14,0.2678,146,0.0
21500,2025-07-19,0.2716,146,0.0
21500,2025-07-21,0.2678,146,0.0
21500,2025-07-24,0.0684,119,0.1849
21500,2025-07-29,0.3033,146,0.0
21500,2025-08-13,0.2446,146,0.0
21500,2025-08-23,0.2361,146,0.0
21500,2025-08-30,0.272,146,0.0
21500,2025-09-02,0.2672,146,0.0
21500,2025-09-27,0.2829,146,0.0
21500,2025-10-22,0.3416,146,0.0
21500,2025-10-29,0.4202,146,0.0
21500,2025-11-01,0.3494,146,0.0
21500,2025-11-11,0.3858,146,0.0
21500,2025-11-21,0.3693,146,0.0
21500,2025-12-01,0.2716,146,0.0
21500,2025-12-06,0.2474,146,0.0
21500,2025-12-11,0.3215,146,0.0
21500,2025-12-21,0.3655,146,0.0
21500,2025-12-28,0.4074,146,0.0
21500,2026-01-10,0.4525,146,0.0
21500,2026-03-16,0.3525,146,0.0
21500,2026-03-21,0.3224,146,0.0
21500,2026-03-26,0.3498,146,0.0
21500,2026-03-28,0.3882,146,0.0
21500,2026-04-05,0.42,125,0.1438
21500,2026-04-17,0.3771,146,0.0
21500,2026-04-20,0.3968,146,0.0
21500,2026-04-25,0.3421,146,0.0
21500,2026-05-05,0.1849,146,0.0
21500,2026-05-07,0.2164,146,0.0
21500,2026-06-19,0.3856,146,0.0
21500,2026-06-29,0.4008,146,0.0
21500,2026-07-06,0.3532,146,0.0
21500,2026-07-09,0.3428,146,0.0
21500,2026-07-19,0.3065,146,0.0
21500,2026-07-26,0.3259,146,0.0
21500,2026-08-18,0.3303,146,0.0
21500,2026-08-23,0.3345,146,0.0
21500,2026-09-04,0.2789,146,0.0
22000,2019-01-07,0.3431,297,0.0
22000,2019-01-12,0.2719,296,0.0034
22000,2019-01-17,0.3375,297,0.0
22000,2019-01-22,0.2597,297,0.0
22000,2019-01-27,0.3142,297,0.0
22000,2019-02-01,0.3067,297,0.0
22000,2019-02-11,0.2174,239,0.1953
22000,2019-03-08,0.2485,296,0.0034
22000,2019-03-23,0.314,297,0.0
22000,2019-04-02,0.3252,297,0.0
22000,2019-04-22,0.2711,297,0.0
22000,2019-04-27,0.3141,297,0.0
22000,2019-05-22,0.2907,297,0.0
22000,2019-05-27,0.2987,297,0.0
22000,2019-06-11,0.2948,297,0.0
22000,2019-06-16,0.2323,297,0.0
22000,2019-06-26,0.2283,297,0.0
22000,2019-07-06,0.2786,297,0.0
22000,2019-07-11,0.2527,297,0.0
22000,2019-07-21,0.2213,297,0.0
22000,2019-07-26,0.1864,297,0.0
22000,2019-07-31,0.1932,297,0.0
22000,2019-08-10,0.169,297,0.0
22000,2019-08-15,0.178,297,0.0
22000,2019-08-30,0.1266,297,0.0
22000,2019-09-09,0.1666,297,0.0
22000,2019-09-19,0.1428,297,0.0
22000,2019-09-29,0.1854,297,0.0
22000,2019-10-04,0.1619,297,0.0
22000,2019-10-14,0.1945,297,0.0
22000,2019-10-19,0.1533,297,0.0
22000,2019-11-03,0.1702,297,0.0
22000,2019-11-13,0.1815,297,0.0
22000,2020-01-07,0.2689,297,0.0
22000,2020-01-27,0.2988,297,0.0
22000,2020-02-16,0.2997,296,0.0034
22000,2020-03-07,0.294,296,0.0034
22000,2020-03-12,0.3068,297,0.0
22000,2020-03-17,0.3496,296,0.0034
22000,2020-03-27,0.2783,296,0.0034
22000,2020-04-06,0.2682,297,0.0
22000,2020-04-16,0.2393,296,0.0034
22000,2020-04-21,0.2408,297,0.0
22000,2020-04-26,0.2317,297,0.0
22000,2020-05-01,0.2048,297,0.0
22000,2020-05-11,0.2517,297,0.0
22000,2020-05-16,0.2362,297,0.0
22000,2020-05-21,0.2238,297,0.0
22000,2020-05-26,0.2283,297,0.0
22000,2020-05-31,0.2247,297,0.0
22000,2020-06-20,0.2408,297,0.0
22000,2020-06-30,0.2717,297,0.0
22000,2020-07-10,0.2629,297,0.0
22000,2020-07-20,0.3006,297,0.0
22000,2020-07-25,0.2791,297,0.0
22000,2020-08-04,0.2519,297,0.0
22000,2020-08-09,0.2408,297,0.0
22000,2020-08-19,0.2679,297,0.0
22000,2020-08-24,0.2829,297,0.0
22000,2020-08-29,0.272,297,0.0
22000,2020-09-03,0.2557,297,0.0
22000,2020-09-08,0.2559,297,0.0
22000,2020-09-13,0.2524,297,0.0
22000,2020-10-13,0.2248,297,0.0
22000,2020-10-18,0.236,297,0.0
22000,2020-10-23,0.2792,297,0.0
22000,2020-10-28,0.3103,297,0.0
22000,2020-11-07,0.2634,297,0.0
22000,2020-11-22,0.3378,294,0.0101
22000,2020-11-27,0.3267,270,0.0909
22000,2021-02-10,0.3187,289,0.0269
22000,2021-03-02,0.3219,293,0.0135
22000,2021-03-12,0.3775,296,0.0034
22000,2021-03-22,0.3389,290,0.0236
22000,2021-03-27,0.3577,297,0.0
22000,2021-04-01,0.3381,297,0.0
22000,2021-04-11,0.2909,297,0.0
22000,2021-04-26,0.2828,295,0.0067
22000,2021-05-01,0.2907,297,0.0
22000,2021-05-06,0.3071,297,0.0
22000,2021-05-21,0.2754,297,0.0
22000,2021-05-26,0.2844,297,0.0
22000,2021-06-05,0.3065,297,0.0
22000,2021-06-15,0.2793,297,0.0
22000,2021-06-30,0.2397,296,0.0034
22000,2021-07-10,0.2256,297,0.0
22000,2021-07-20,0.2275,297,0.0
22000,2021-07-25,0.1929,297,0.0
22000,2021-07-30,0.2358,296,0.0034
22000,2021-08-09,0.2246,297,0.0
22000,2021-08-19,0.2243,297,0.0
22000,2021-08-24,0.2174,297,0.0
22000,2021-09-03,0.2555,297,0.0
22000,2021-09-28,0.236,297,0.0
22000,2021-10-23,0.2792,297,0.0
22000,2021-11-07,0.2471,297,0.0
22000,2021-11-17,0.2837,296,0.0034
22000,2021-11-22,0.3269,297,0.0
22000,2021-12-02,0.2829,290,0.0236
22000,2021-12-12,0.2909,297,0.0
22000,2021-12-22,0.2446,256,0.138
22000,2022-01-01,0.3574,294,0.0101
22000,2022-01-16,0.2486,295,0.0067
22000,2022-01-21,0.2917,296,0.0034
22000,2022-01-26,0.3419,297,0.0
22000,2022-02-10,0.2791,297,0.0
22000,2022-03-02,0.4076,297,0.0
22000,2022-03-07,0.3494,297,0.0
22000,2022-03-17,0.3497,297,0.0
22000,2022-03-22,0.3889,297,0.0
22000,2022-04-11,0.314,297,0.0
22000,2022-04-16,0.3651,297,0.0
22000,2022-04-21,0.3259,297,0.0
22000,2022-04-26,0.3303,297,0.0
22000,2022-05-01,0.3459,297,0.0
22000,2022-05-11,0.3466,297,0.0
22000,2022-05-21,0.2762,297,0.0
22000,2022-05-26,0.2369,297,0.0
22000,2022-06-05,0.2755,297,0.0
22000,2022-06-15,0.3148,297,0.0
22000,2022-06-25,0.2987,297,0.0
22000,2022-06-30,0.3342,297,0.0
22000,2022-07-05,0.3221,297,0.0
22000,2022-07-15,0.2833,297,0.0
22000,2022-07-25,0.2278,297,0.0
22000,2022-08-14,0.2714,297,0.0
22000,2022-08-24,0.2557,297,0.0
22000,2022-09-18,0.3029,297,0.0
22000,2022-09-23,0.2725,296,0.0034
22000,2022-10-23,0.3531,297,0.0
22000,2022-11-17,0.3845,297,0.0
22000,2022-11-27,0.3711,297,0.0
22000,2022-12-12,0.2599,256,0.138
22000,2023-01-26,0.4,297,0.0
22000,2023-02-20,0.424,297,0.0
22000,2023-03-02,0.4788,297,0.0
22000,2023-03-22,0.4193,297,0.0
22000,2023-04-01,0.4593,297,0.0
22000,2023-04-11,0.3931,293,0.0135
22000,2023-04-16,0.3291,297,0.0
22000,2023-04-21,0.3688,297,0.0
22000,2023-05-01,0.3933,297,0.0
22000,2023-05-16,0.4123,297,0.0
22000,2023-05-21,0.3965,297,0.0
22000,2023-05-26,0.3454,297,0.0
22000,2023-06-05,0.3888,297,0.0
22000,2023-06-10,0.3456,297,0.0
22000,2023-06-20,0.3604,297,0.0
22000,2023-06-25,0.3342,297,0.0
22000,2023-07-05,0.3302,297,0.0
22000,2023-07-15,0.2681,297,0.0
22000,2023-07-25,0.2604,297,0.0
22000,2023-08-04,0.2719,297,0.0
22000,2023-08-09,0.2252,297,0.0
22000,2023-08-24,0.2748,297,0.0
22000,2023-08-29,0.2405,279,0.0606
22000,2023-09-03,0.3536,297,0.0
22000,2023-09-08,0.3374,297,0.0
22000,2023-09-13,0.3382,297,0.0
22000,2023-09-18,0.3222,297,0.0
22000,2023-09-23,0.2377,297,0.0
22000,2023-10-23,0.3889,297,0.0
22000,2023-11-07,0.3729,297,0.0
22000,2023-11-12,0.3298,297,0.0
22000,2023-11-22,0.3305,288,0.0303
22000,2023-12-02,0.4079,297,0.0
22000,2023-12-07,0.3958,297,0.0
22000,2023-12-27,0.2915,297,0.0
22000,2024-01-11,0.3775,297,0.0
22000,2024-02-05,0.4595,297,0.0
22000,2024-02-10,0.404,287,0.0337
22000,2024-03-11,0.4979,297,0.0
22000,2024-03-16,0.4862,297,0.0
22000,2024-03-26,0.3112,269,0.0943
22000,2024-03-31,0.3781,297,0.0
22000,2024-04-05,0.3874,297,0.0
22000,2024-04-10,0.4165,279,0.0606
22000,2024-04-20,0.4393,297,0.0
22000,2024-04-30,0.296,297,0.0
22000,2024-05-05,0.3065,297,0.0
22000,2024-05-10,0.2558,296,0.0034
22000,2024-05-20,0.3067,297,0.0
22000,2024-06-09,0.2712,297,0.0
22000,2024-06-14,0.2912,297,0.0
22000,2024-06-19,0.2913,297,0.0
22000,2024-06-24,0.2948,297,0.0
22000,2024-06-29,0.2875,297,0.0
22000,2024-07-14,0.326,297,0.0
22000,2024-07-19,0.3228,297,0.0
22000,2024-07-24,0.2992,297,0.0
22000,2024-07-29,0.2876,297,0.0
22000,2024-08-03,0.3071,297,0.0
22000,2024-08-08,0.3027,297,0.0
22000,2024-08-18,0.3501,297,0.0
22000,2024-08-23,0.3264,297,0.0
22000,2024-08-28,0.3303,297,0.0
22000,2024-09-02,0.3415,297,0.0
22000,2024-09-07,0.3266,297,0.0
22000,2024-09-12,0.2746,297,0.0
22000,2024-09-22,0.2907,297,0.0
22000,2024-10-02,0.295,297,0.0
22000,2024-10-07,0.2789,297,0.0
22000,2024-10-17,0.2675,297,0.0
22000,2024-10-22,0.3184,297,0.0
22000,2024-11-11,0.3029,297,0.0
22000,2024-11-26,0.3687,297,0.0
22000,2024-12-16,0.3568,297,0.0
22000,2024-12-31,0.455,297,0.0
22000,2025-01-15,0.3258,297,0.0
22000,2025-02-09,0.4469,297,0.0
22000,2025-02-14,0.4513,275,0.0741
22000,2025-02-24,0.4798,297,0.0
22000,2025-03-01,0.4952,297,0.0
22000,2025-03-06,0.3732,297,0.0
22000,2025-03-31,0.4203,297,0.0
22000,2025-04-12,0.4744,297,0.0
22000,2025-04-15,0.498,297,0.0
22000,2025-05-02,0.4824,297,0.0
22000,2025-05-05,0.3498,297,0.0
22000,2025-05-15,0.3879,297,0.0
22000,2025-05-20,0.4009,297,0.0
22000,2025-05-25,0.455,297,0.0
22000,2025-05-30,0.4752,297,0.0
22000,2025-06-04,0.4668,297,0.0
22000,2025-06-19,0.4518,297,0.0
22000,2025-06-29,0.3371,297,0.0
22000,2025-07-09,0.2439,297,0.0
22000,2025-07-14,0.3104,297,0.0
22000,2025-07-19,0.3147,297,0.0
22000,2025-07-21,0.3135,297,0.0
22000,2025-07-24,0.1191,269,0.0943
22000,2025-07-29,0.3776,297,0.0
22000,2025-08-13,0.2712,297,0.0
22000,2025-08-23,0.2716,297,0.0
22000,2025-08-30,0.3013,297,0.0
22000,2025-09-02,0.2955,297,0.0
22000,2025-09-27,0.3258,297,0.0
22000,2025-10-22,0.3728,297,0.0
22000,2025-10-29,0.4471,297,0.0
22000,2025-11-01,0.3896,297,0.0
22000,2025-11-11,0.4238,297,0.0
22000,2025-11-21,0.412,297,0.0
22000,2025-12-01,0.3149,297,0.0
22000,2025-12-06,0.287,297,0.0
22000,2025-12-11,0.3617,297,0.0
22000,2025-12-21,0.3884,297,0.0
22000,2025-12-28,0.4351,297,0.0
22000,2026-01-10,0.4969,297,0.0
22000,2026-03-16,0.4203,297,0.0
22000,2026-03-21,0.3924,297,0.0
22000,2026-03-26,0.3786,297,0.0
22000,2026-03-28,0.4126,297,0.0
22000,2026-04-17,0.4085,297,0.0
22000,2026-04-20,0.4361,297,0.0
22000,2026-04-25,0.3764,297,0.0
22000,2026-05-05,0.3049,297,0.0
22000,2026-05-07,0.3145,297,0.0
22000,2026-06-19,0.4226,297,0.0
22000,2026-06-29,0.448,297,0.0
22000,2026-07-06,0.4356,297,0.0
22000,2026-07-09,0.4155,297,0.0
22000,2026-07-19,0.4325,297,0.0
22000,2026-07-26,0.4116,297,0.0
22000,2026-08-18,0.3614,297,0.0
22000,2026-08-23,0.3769,297,0.0
22000,2026-09-04,0.3063,297,0.0
22500,2019-01-07,0.1149,90,0.0
22500,2019-01-12,0.1418,86,0.0444
22500,2019-01-17,0.1272,90,0.0
22500,2019-01-27,0.1621,90,0.0
22500,2019-02-01,0.1589,90,0.0
22500,2019-03-08,0.1038,90,0.0
22500,2019-03-23,0.141,90,0.0
22500,2019-04-02,0.1596,90,0.0
22500,2019-04-22,0.1149,90,0.0
22500,2019-04-27,0.1304,90,0.0
22500,2019-05-02,0.1773,89,0.0111
22500,2019-05-12,0.1779,90,0.0
22500,2019-05-22,0.2164,90,0.0
22500,2019-05-27,0.2299,90,0.0
22500,2019-06-11,0.237,90,0.0
22500,2019-06-16,0.2019,90,0.0
22500,2019-06-26,0.2163,90,0.0
22500,2019-07-06,0.2608,90,0.0
22500,2019-07-11,0.2326,90,0.0
22500,2019-07-21,0.1776,90,0.0
22500,2019-07-26,0.1691,90,0.0
22500,2019-07-31,0.1945,90,0.0
22500,2019-08-05,0.1585,84,0.0667
22500,2019-08-10,0.1429,90,0.0
22500,2019-08-15,0.1625,90,0.0
22500,2019-08-30,0.1079,90,0.0
22500,2019-09-09,0.1445,90,0.0
22500,2019-09-19,0.1486,90,0.0
22500,2019-09-29,0.1658,78,0.1333
22500,2019-10-04,0.1297,90,0.0
22500,2019-10-14,0.1445,90,0.0
22500,2019-10-19,0.1399,78,0.1333
22500,2019-11-03,0.1343,90,0.0
22500,2019-11-13,0.1968,87,0.0333
22500,2019-11-23,0.161,85,0.0556
22500,2020-01-07,0.2303,90,0.0
22500,2020-01-27,0.288,90,0.0
22500,2020-02-16,0.2459,90,0.0
22500,2020-03-07,0.2523,90,0.0
22500,2020-03-12,0.2513,90,0.0
22500,2020-03-17,0.3311,90,0.0
22500,2020-04-01,0.2446,90,0.0
22500,2020-04-06,0.2805,89,0.0111
22500,2020-04-16,0.2485,90,0.0
22500,2020-04-21,0.2555,90,0.0
22500,2020-04-26,0.2336,90,0.0
22500,2020-05-01,0.2196,90,0.0
22500,2020-05-11,0.2411,90,0.0
22500,2020-05-16,0.2359,90,0.0
22500,2020-05-21,0.2015,90,0.0
22500,2020-05-26,0.2062,89,0.0111
22500,2020-05-31,0.2102,90,0.0
22500,2020-06-20,0.2171,90,0.0
22500,2020-06-30,0.2367,90,0.0
22500,2020-07-10,0.2214,90,0.0
22500,2020-07-20,0.2494,90,0.0
22500,2020-07-25,0.2509,90,0.0
22500,2020-08-04,0.2532,90,0.0
22500,2020-08-09,0.2401,90,0.0
22500,2020-08-19,0.2662,90,0.0
22500,2020-08-24,0.2823,90,0.0
22500,2020-08-29,0.2611,90,0.0
22500,2020-09-03,0.2682,90,0.0
22500,2020-09-08,0.2637,90,0.0
22500,2020-09-13,0.2477,90,0.0
22500,2020-10-08,0.1943,90,0.0
22500,2020-10-13,0.2161,90,0.0
22500,2020-10-18,0.2088,90,0.0
22500,2020-10-23,0.2699,90,0.0
22500,2020-10-28,0.3015,90,0.0
22500,2020-11-07,0.312,90,0.0
22500,2020-11-22,0.3375,90,0.0
22500,2021-02-10,0.3585,90,0.0
22500,2021-02-15,0.4145,90,0.0
22500,2021-03-02,0.3209,90,0.0
22500,2021-03-12,0.3328,90,0.0
22500,2021-03-27,0.3261,90,0.0
22500,2021-04-01,0.3119,90,0.0
22500,2021-04-11,0.3137,90,0.0
22500,2021-04-26,0.2437,90,0.0
22500,2021-05-01,0.2531,88,0.0222
22500,2021-05-06,0.2818,90,0.0
22500,2021-05-21,0.2512,90,0.0
22500,2021-05-26,0.2602,90,0.0
22500,2021-06-05,0.2408,90,0.0
22500,2021-06-15,0.2535,90,0.0
22500,2021-06-30,0.2276,90,0.0
22500,2021-07-10,0.2083,90,0.0
22500,2021-07-20,0.2128,90,0.0
22500,2021-07-25,0.1888,90,0.0
22500,2021-07-30,0.2237,90,0.0
22500,2021-08-09,0.19,90,0.0
22500,2021-08-19,0.1523,90,0.0
22500,2021-08-24,0.1702,90,0.0
22500,2021-09-03,0.2088,90,0.0
22500,2021-09-23,0.1816,90,0.0
22500,2021-09-28,0.2074,90,0.0
22500,2021-10-08,0.1792,89,0.0111
22500,2021-10-23,0.2635,90,0.0
22500,2021-11-07,0.2727,90,0.0
22500,2021-11-17,0.2902,89,0.0111
22500,2021-11-22,0.3385,89,0.0111
22500,2021-12-02,0.2552,86,0.0444
22500,2021-12-12,0.3033,90,0.0
22500,2021-12-22,0.2431,90,0.0
22500,2022-01-16,0.3757,90,0.0
22500,2022-01-21,0.3515,90,0.0
22500,2022-01-26,0.3842,90,0.0
22500,2022-02-10,0.3739,90,0.0
22500,2022-03-02,0.4131,90,0.0
22500,2022-03-07,0.3721,90,0.0
22500,2022-03-22,0.4219,90,0.0
22500,2022-04-11,0.3938,90,0.0
22500,2022-04-16,0.4242,90,0.0
22500,2022-04-21,0.3625,90,0.0
22500,2022-04-26,0.3936,90,0.0
22500,2022-05-01,0.3942,90,0.0
22500,2022-05-11,0.3695,90,0.0
22500,2022-05-16,0.2788,85,0.0556
22500,2022-05-21,0.33,90,0.0
22500,2022-05-26,0.3205,90,0.0
22500,2022-06-05,0.3345,90,0.0
22500,2022-06-15,0.3569,90,0.0
22500,2022-06-25,0.3102,90,0.0
22500,2022-06-30,0.3371,90,0.0
22500,2022-07-05,0.2633,90,0.0
22500,2022-07-15,0.1817,90,0.0
22500,2022-07-20,0.1312,90,0.0
22500,2022-07-25,0.1582,90,0.0
22500,2022-08-14,0.2555,90,0.0
22500,2022-08-24,0.234,90,0.0
22500,2022-09-18,0.2912,90,0.0
22500,2022-10-23,0.3934,90,0.0
22500,2022-11-17,0.4093,90,0.0
22500,2022-11-27,0.4521,90,0.0
22500,2022-12-12,0.3414,75,0.1667
22500,2023-01-16,0.4075,90,0.0
22500,2023-01-26,0.26,90,0.0
22500,2023-02-20,0.3682,90,0.0
22500,2023-03-02,0.4434,90,0.0
22500,2023-03-22,0.4248,90,0.0
22500,2023-04-01,0.4531,90,0.0
22500,2023-04-11,0.4322,90,0.0
22500,2023-04-16,0.4041,90,0.0
22500,2023-04-21,0.3339,90,0.0
22500,2023-05-01,0.2165,90,0.0
22500,2023-05-16,0.3184,90,0.0
22500,2023-05-21,0.3167,90,0.0
22500,2023-05-26,0.2977,90,0.0
22500,2023-06-05,0.3381,90,0.0
22500,2023-06-10,0.3174,90,0.0
22500,2023-06-20,0.3453,90,0.0
22500,2023-06-25,0.3345,90,0.0
22500,2023-07-05,0.3466,90,0.0
22500,2023-07-15,0.3386,90,0.0
22500,2023-07-25,0.2828,90,0.0
22500,2023-08-04,0.287,90,0.0
22500,2023-08-09,0.2117,90,0.0
22500,2023-08-24,0.2526,90,0.0
22500,2023-09-03,0.3298,90,0.0
22500,2023-09-08,0.3423,90,0.0
22500,2023-09-13,0.3219,90,0.0
22500,2023-09-18,0.3284,90,0.0
22500,2023-09-23,0.3357,90,0.0
22500,2023-10-23,0.3613,90,0.0
22500,2023-11-07,0.3881,90,0.0
22500,2023-11-12,0.3682,90,0.0
22500,2023-12-02,0.4358,90,0.0
22500,2023-12-07,0.4294,90,0.0
22500,2023-12-27,0.2395,90,0.0
22500,2024-01-11,0.3265,90,0.0
22500,2024-01-16,0.3604,82,0.0889
22500,2024-02-05,0.4819,90,0.0
22500,2024-03-11,0.4794,90,0.0
22500,2024-03-16,0.4578,90,0.0
22500,2024-03-21,0.3876,90,0.0
22500,2024-03-31,0.4668,90,0.0
22500,2024-04-05,0.4307,90,0.0
22500,2024-04-10,0.4206,90,0.0
22500,2024-04-20,0.3807,90,0.0
22500,2024-04-30,0.3844,90,0.0
22500,2024-05-05,0.3926,90,0.0
22500,2024-05-20,0.2744,90,0.0
22500,2024-06-09,0.322,90,0.0
22500,2024-06-14,0.3502,90,0.0
22500,2024-06-19,0.3161,90,0.0
22500,2024-06-24,0.3424,90,0.0
22500,2024-06-29,0.2208,90,0.0
22500,2024-07-14,0.2949,90,0.0
22500,2024-07-19,0.2607,90,0.0
22500,2024-07-24,0.2979,90,0.0
22500,2024-07-29,0.2598,90,0.0
22500,2024-08-03,0.2871,90,0.0
22500,2024-08-08,0.2592,90,0.0
22500,2024-08-18,0.2911,90,0.0
22500,2024-08-23,0.283,90,0.0
22500,2024-08-28,0.2782,90,0.0
22500,2024-09-02,0.2922,90,0.0
22500,2024-09-07,0.3139,90,0.0
22500,2024-09-12,0.272,90,0.0
22500,2024-09-22,0.2993,90,0.0
22500,2024-10-02,0.3013,90,0.0
22500,2024-10-07,0.2983,90,0.0
22500,2024-10-17,0.2864,90,0.0
22500,2024-10-22,0.3682,90,0.0
22500,2024-11-11,0.2943,90,0.0
22500,2024-11-26,0.3734,90,0.0
22500,2024-12-16,0.4458,90,0.0
22500,2024-12-31,0.4711,90,0.0
22500,2025-01-15,0.431,90,0.0
22500,2025-01-20,0.3568,86,0.0444
22500,2025-02-09,0.4554,90,0.0
22500,2025-02-24,0.3028,90,0.0
22500,2025-03-01,0.3188,90,0.0
22500,2025-03-06,0.3494,90,0.0
22500,2025-03-31,0.3615,90,0.0
22500,2025-04-12,0.4399,90,0.0
22500,2025-04-15,0.4395,90,0.0
22500,2025-05-02,0.4281,90,0.0
22500,2025-05-05,0.4194,90,0.0
22500,2025-05-15,0.4526,90,0.0
22500,2025-05-20,0.4384,90,0.0
22500,2025-05-25,0.4621,90,0.0
22500,2025-05-30,0.4639,90,0.0
22500,2025-06-04,0.4385,90,0.0
22500,2025-06-19,0.3757,90,0.0
22500,2025-06-29,0.3383,90,0.0
22500,2025-07-09,0.2038,88,0.0222
22500,2025-07-14,0.3453,90,0.0
22500,2025-07-19,0.2835,90,0.0
22500,2025-07-21,0.3247,90,0.0
22500,2025-07-24,0.1469,89,0.0111
22500,2025-07-29,0.3452,90,0.0
22500,2025-08-13,0.2996,90,0.0
22500,2025-08-23,0.2324,90,0.0
22500,2025-08-30,0.1921,90,0.0
22500,2025-09-02,0.2017,90,0.0
22500,2025-09-27,0.2798,90,0.0
22500,2025-10-22,0.3531,90,0.0
22500,2025-10-29,0.4326,90,0.0
22500,2025-11-01,0.3662,90,0.0
22500,2025-11-11,0.4119,90,0.0
22500,2025-11-21,0.4055,90,0.0
22500,2025-12-01,0.3988,90,0.0
22500,2025-12-06,0.3742,90,0.0
22500,2025-12-21,0.4278,90,0.0
22500,2025-12-28,0.448,90,0.0
22500,2026-01-10,0.4767,90,0.0
22500,2026-02-19,0.3622,87,0.0333
22500,2026-03-16,0.4514,90,0.0
22500,2026-03-21,0.447,90,0.0
22500,2026-03-26,0.4517,90,0.0
22500,2026-03-28,0.4597,90,0.0
22500,2026-04-17,0.4279,90,0.0
22500,2026-04-20,0.4504,90,0.0
22500,2026-04-25,0.3628,90,0.0
22500,2026-05-05,0.4096,90,0.0
22500,2026-05-07,0.4277,90,0.0
22500,2026-06-19,0.3641,90,0.0
22500,2026-06-29,0.3438,90,0.0
22500,2026-07-06,0.3339,90,0.0
22500,2026-07-09,0.2872,90,0.0
22500,2026-07-19,0.2904,90,0.0
22500,2026-07-26,0.3027,90,0.0
22500,2026-08-08,0.1339,79,0.1222
22500,2026-08-18,0.3608,90,0.0
22500,2026-08-23,0.3687,90,0.0
22500,2026-09-04,0.3535,90,0.0
23000,2019-01-07,0.5048,259,0.0
23000,2019-01-12,0.4279,253,0.0232
23000,2019-01-17,0.396,259,0.0
23000,2019-01-27,0.5095,259,0.0
23000,2019-02-01,0.491,259,0.0
23000,2019-03-23,0.3773,259,0.0
23000,2019-04-02,0.4681,259,0.0
23000,2019-04-22,0.3521,255,0.0154
23000,2019-04-27,0.3575,259,0.0
23000,2019-05-12,0.4004,259,0.0
23000,2019-05-22,0.3611,259,0.0
23000,2019-05-27,0.415,259,0.0
23000,2019-06-11,0.4089,259,0.0
23000,2019-06-16,0.3267,259,0.0
23000,2019-06-26,0.4086,259,0.0
23000,2019-07-06,0.4841,259,0.0
23000,2019-07-11,0.4432,259,0.0
23000,2019-07-21,0.314,259,0.0
23000,2019-07-26,0.3071,259,0.0
23000,2019-07-31,0.3226,259,0.0
23000,2019-08-10,0.2235,259,0.0
23000,2019-08-15,0.2439,259,0.0
23000,2019-08-30,0.1819,259,0.0
23000,2019-09-09,0.2718,259,0.0
23000,2019-09-19,0.193,259,0.0
23000,2019-09-29,0.2981,257,0.0077
23000,2019-10-04,0.2292,259,0.0
23000,2019-10-14,0.2399,259,0.0
23000,2019-10-19,0.1606,241,0.0695
23000,2019-11-03,0.1933,259,0.0
23000,2019-11-13,0.2047,252,0.027
23000,2019-11-23,0.1576,222,0.1429
23000,2020-01-07,0.2404,259,0.0
23000,2020-01-27,0.3574,259,0.0
23000,2020-02-16,0.3379,259,0.0
23000,2020-03-07,0.2789,250,0.0347
23000,2020-03-12,0.2708,259,0.0
23000,2020-03-17,0.4353,259,0.0
23000,2020-04-06,0.2479,259,0.0
23000,2020-04-16,0.2604,259,0.0
23000,2020-04-21,0.287,259,0.0
23000,2020-04-26,0.2633,259,0.0
23000,2020-05-01,0.1892,244,0.0579
23000,2020-05-11,0.2517,259,0.0
23000,2020-05-16,0.2318,259,0.0
23000,2020-05-21,0.2288,259,0.0
23000,2020-05-26,0.2388,259,0.0
23000,2020-05-31,0.2242,259,0.0
23000,2020-06-20,0.2999,259,0.0
23000,2020-06-30,0.2523,259,0.0
23000,2020-07-10,0.299,259,0.0
23000,2020-07-20,0.3578,259,0.0
23000,2020-07-25,0.3066,259,0.0
23000,2020-08-04,0.2785,259,0.0
23000,2020-08-09,0.2558,259,0.0
23000,2020-08-19,0.2913,259,0.0
23000,2020-08-24,0.3189,259,0.0
23000,2020-08-29,0.3025,259,0.0
23000,2020-09-03,0.279,259,0.0
23000,2020-09-08,0.276,259,0.0
23000,2020-09-13,0.2947,259,0.0
23000,2020-10-13,0.2283,259,0.0
23000,2020-10-18,0.1973,259,0.0
23000,2020-10-23,0.314,259,0.0
23000,2020-10-28,0.338,259,0.0
23000,2020-11-07,0.2282,259,0.0
23000,2020-11-22,0.3061,258,0.0039
23000,2021-02-10,0.3074,247,0.0463
23000,2021-02-15,0.3879,259,0.0
23000,2021-03-02,0.3296,258,0.0039
23000,2021-03-12,0.329,259,0.0
23000,2021-03-22,0.3428,230,0.112
23000,2021-03-27,0.3721,259,0.0
23000,2021-04-01,0.3966,259,0.0
23000,2021-04-11,0.2743,259,0.0
23000,2021-04-26,0.2824,258,0.0039
23000,2021-05-01,0.3105,259,0.0
23000,2021-05-06,0.3259,259,0.0
23000,2021-05-21,0.2839,259,0.0
23000,2021-05-26,0.2986,259,0.0
23000,2021-06-05,0.314,259,0.0
23000,2021-06-15,0.2788,259,0.0
23000,2021-07-10,0.2317,259,0.0
23000,2021-07-20,0.2486,259,0.0
23000,2021-07-25,0.2319,259,0.0
23000,2021-07-30,0.2638,259,0.0
23000,2021-08-09,0.267,259,0.0
23000,2021-08-19,0.1864,259,0.0
23000,2021-08-24,0.2123,259,0.0
23000,2021-09-03,0.2597,259,0.0
23000,2021-09-28,0.2438,259,0.0
23000,2021-10-08,0.2394,253,0.0232
23000,2021-10-23,0.2403,259,0.0
23000,2021-11-07,0.3302,259,0.0
23000,2021-11-17,0.3346,259,0.0
23000,2021-11-22,0.3208,259,0.0
23000,2021-12-02,0.2713,258,0.0039
23000,2021-12-12,0.26,259,0.0
23000,2022-01-16,0.3422,259,0.0
23000,2022-01-21,0.3855,259,0.0
23000,2022-01-26,0.4124,259,0.0
23000,2022-02-10,0.3558,259,0.0
23000,2022-02-20,0.4439,216,0.166
23000,2022-03-02,0.4629,249,0.0386
23000,2022-03-07,0.3737,259,0.0
23000,2022-03-17,0.4441,237,0.0849
23000,2022-03-22,0.495,259,0.0
23000,2022-04-11,0.1269,259,0.0
23000,2022-04-16,0.3963,254,0.0193
23000,2022-04-21,0.373,259,0.0
23000,2022-04-26,0.3927,259,0.0
23000,2022-05-01,0.411,259,0.0
23000,2022-05-11,0.397,259,0.0
23000,2022-05-21,0.3101,259,0.0
23000,2022-05-26,0.2758,259,0.0
23000,2022-06-05,0.3304,259,0.0
23000,2022-06-15,0.3974,259,0.0
23000,2022-06-25,0.3422,230,0.112
23000,2022-06-30,0.3862,259,0.0
23000,2022-07-05,0.3649,259,0.0
23000,2022-07-15,0.2515,259,0.0
23000,2022-07-20,0.2135,252,0.027
23000,2022-07-25,0.2126,259,0.0
23000,2022-08-14,0.2636,259,0.0
23000,2022-08-24,0.2521,259,0.0
23000,2022-09-18,0.3373,259,0.0
23000,2022-10-23,0.331,259,0.0
23000,2022-11-17,0.4088,259,0.0
23000,2022-11-27,0.361,259,0.0
23000,2022-12-12,0.3729,258,0.0039
23000,2023-01-01,0.3771,236,0.0888
23000,2023-01-16,0.3647,259,0.0
23000,2023-01-26,0.3577,259,0.0
23000,2023-02-10,0.3613,245,0.0541
23000,2023-02-20,0.3693,259,0.0
23000,2023-03-02,0.4242,259,0.0
23000,2023-03-22,0.4033,259,0.0
23000,2023-04-01,0.482,259,0.0
23000,2023-04-11,0.3534,259,0.0
23000,2023-04-16,0.3222,209,0.1931
23000,2023-04-21,0.3721,259,0.0
23000,2023-05-01,0.3645,259,0.0
23000,2023-05-16,0.404,259,0.0
23000,2023-05-21,0.3991,259,0.0
23000,2023-05-26,0.3725,259,0.0
23000,2023-06-05,0.3848,259,0.0
23000,2023-06-10,0.318,259,0.0
23000,2023-06-20,0.3151,259,0.0
23000,2023-06-25,0.2912,259,0.0
23000,2023-07-05,0.3029,259,0.0
23000,2023-07-15,0.3268,259,0.0
23000,2023-07-25,0.3063,259,0.0
23000,2023-08-04,0.2914,259,0.0
23000,2023-08-24,0.2559,259,0.0
23000,2023-09-03,0.3189,259,0.0
23000,2023-09-08,0.338,259,0.0
23000,2023-09-13,0.3351,259,0.0
23000,2023-09-18,0.3496,259,0.0
23000,2023-09-23,0.2796,259,0.0
23000,2023-10-23,0.389,259,0.0
23000,2023-11-07,0.3576,259,0.0
23000,2023-11-12,0.3374,259,0.0
23000,2023-12-02,0.4322,259,0.0
23000,2023-12-07,0.4125,259,0.0
23000,2024-01-11,0.3456,259,0.0
23000,2024-02-05,0.4699,259,0.0
23000,2024-03-11,0.443,259,0.0
23000,2024-03-16,0.3958,259,0.0
23000,2024-03-26,0.4363,239,0.0772
23000,2024-03-31,0.4785,259,0.0
23000,2024-04-05,0.4913,259,0.0
23000,2024-04-10,0.4835,259,0.0
23000,2024-04-20,0.415,259,0.0
23000,2024-04-30,0.3574,259,0.0
23000,2024-05-05,0.3624,259,0.0
23000,2024-05-20,0.2983,259,0.0
23000,2024-06-09,0.2798,259,0.0
23000,2024-06-14,0.2983,259,0.0
23000,2024-06-19,0.3149,259,0.0
23000,2024-06-24,0.3025,259,0.0
23000,2024-06-29,0.2796,259,0.0
23000,2024-07-14,0.3499,259,0.0
23000,2024-07-19,0.3301,259,0.0
23000,2024-07-24,0.2984,259,0.0
23000,2024-07-29,0.3023,259,0.0
23000,2024-08-03,0.3249,259,0.0
23000,2024-08-08,0.2871,259,0.0
23000,2024-08-18,0.3181,259,0.0
23000,2024-08-23,0.3181,259,0.0
23000,2024-08-28,0.3188,259,0.0
23000,2024-09-02,0.3144,259,0.0
23000,2024-09-07,0.2644,259,0.0
23000,2024-09-12,0.2486,259,0.0
23000,2024-09-22,0.2906,259,0.0
23000,2024-10-02,0.2441,259,0.0
23000,2024-10-07,0.2602,259,0.0
23000,2024-10-17,0.2746,259,0.0
23000,2024-10-22,0.3267,259,0.0
23000,2024-11-11,0.3262,259,0.0
23000,2024-11-26,0.3174,259,0.0
23000,2024-12-16,0.4033,259,0.0
23000,2024-12-31,0.4552,259,0.0
23000,2025-01-15,0.3095,259,0.0
23000,2025-02-09,0.4309,259,0.0
23000,2025-02-24,0.4619,259,0.0
23000,2025-03-01,0.3611,259,0.0
23000,2025-03-06,0.3334,259,0.0
23000,2025-03-31,0.4159,259,0.0
23000,2025-04-12,0.4782,259,0.0
23000,2025-04-15,0.4737,259,0.0
23000,2025-05-02,0.3967,259,0.0
23000,2025-05-05,0.3882,259,0.0
23000,2025-05-15,0.4003,259,0.0
23000,2025-05-20,0.3937,259,0.0
23000,2025-05-25,0.4439,259,0.0
23000,2025-05-30,0.451,259,0.0
23000,2025-06-04,0.4395,259,0.0
23000,2025-06-19,0.3143,259,0.0
23000,2025-06-29,0.3189,259,0.0
23000,2025-07-14,0.3147,259,0.0
23000,2025-07-21,0.3151,259,0.0
23000,2025-07-29,0.3537,259,0.0
23000,2025-08-13,0.2746,259,0.0
23000,2025-08-23,0.2522,259,0.0
23000,2025-08-30,0.2718,259,0.0
23000,2025-09-02,0.2785,245,0.0541
23000,2025-09-17,0.2873,214,0.1737
23000,2025-09-27,0.2956,259,0.0
23000,2025-10-22,0.3815,259,0.0
23000,2025-10-29,0.3467,259,0.0
23000,2025-11-01,0.3293,259,0.0
23000,2025-11-11,0.3894,259,0.0
23000,2025-11-21,0.412,259,0.0
23000,2025-12-01,0.3763,259,0.0
23000,2025-12-06,0.337,259,0.0
23000,2025-12-21,0.4045,259,0.0
23000,2025-12-28,0.4439,259,0.0
23000,2026-01-10,0.4428,259,0.0
23000,2026-03-16,0.3368,259,0.0
23000,2026-03-21,0.3728,259,0.0
23000,2026-03-26,0.4123,259,0.0
23000,2026-03-28,0.441,259,0.0
23000,2026-04-17,0.4237,259,0.0
23000,2026-04-20,0.394,259,0.0
23000,2026-04-25,0.3256,259,0.0
23000,2026-05-05,0.3926,259,0.0
23000,2026-05-07,0.4194,259,0.0
23000,2026-06-19,0.4387,259,0.0
23000,2026-06-29,0.4205,259,0.0
23000,2026-07-06,0.2989,259,0.0
23000,2026-07-09,0.3189,259,0.0
23000,2026-07-19,0.3491,259,0.0
23000,2026-07-26,0.3806,259,0.0
23000,2026-08-08,0.2473,229,0.1158
23000,2026-08-18,0.3887,259,0.0
23000,2026-08-23,0.4082,259,0.0
23000,2026-09-04,0.3107,259,0.0
23500,2019-01-07,0.6109,431,0.0401
23500,2019-01-12,0.5377,449,0.0
23500,2019-01-17,0.5647,449,0.0
23500,2019-01-22,0.5214,449,0.0
23500,2019-01-27,0.5836,449,0.0
23500,2019-02-01,0.5762,449,0.0
23500,2019-02-11,0.357,398,0.1136
23500,2019-03-13,0.6184,448,0.0022
23500,2019-03-23,0.5918,449,0.0
23500,2019-04-02,0.4079,449,0.0
23500,2019-04-22,0.5563,449,0.0
23500,2019-04-27,0.49,449,0.0
23500,2019-05-02,0.4944,422,0.0601
23500,2019-05-12,0.4543,433,0.0356
23500,2019-05-22,0.5725,449,0.0
23500,2019-05-27,0.5423,449,0.0
23500,2019-06-11,0.5374,449,0.0
23500,2019-06-16,0.5146,449,0.0
23500,2019-06-26,0.5611,449,0.0
23500,2019-07-06,0.5692,449,0.0
23500,2019-07-11,0.5174,449,0.0
23500,2019-07-21,0.4626,449,0.0
23500,2019-07-26,0.475,449,0.0
23500,2019-07-31,0.5028,449,0.0
23500,2019-08-10,0.4859,449,0.0
23500,2019-08-15,0.447,449,0.0
23500,2019-08-30,0.3697,449,0.0
23500,2019-09-09,0.4539,449,0.0
23500,2019-09-19,0.3896,449,0.0
23500,2019-09-29,0.5138,449,0.0
23500,2019-10-04,0.4862,449,0.0
23500,2019-10-14,0.3501,449,0.0
23500,2019-10-19,0.2727,446,0.0067
23500,2019-11-03,0.3683,449,0.0
23500,2019-11-13,0.4082,449,0.0
23500,2019-11-23,0.3104,405,0.098
23500,2019-12-08,0.4513,449,0.0
23500,2020-01-07,0.5369,449,0.0
23500,2020-01-27,0.5252,449,0.0
23500,2020-02-16,0.5909,449,0.0
23500,2020-03-07,0.4754,446,0.0067
23500,2020-03-12,0.5145,449,0.0
23500,2020-03-17,0.5602,449,0.0
23500,2020-04-06,0.5945,449,0.0
23500,2020-04-11,0.3299,440,0.02
23500,2020-04-16,0.5286,449,0.0
23500,2020-04-21,0.5451,449,0.0
23500,2020-04-26,0.5134,449,0.0
23500,2020-05-06,0.3916,413,0.0802
23500,2020-05-11,0.4238,449,0.0
23500,2020-05-16,0.4114,449,0.0
23500,2020-05-21,0.3961,449,0.0
23500,2020-05-26,0.4006,449,0.0
23500,2020-05-31,0.3734,449,0.0
23500,2020-06-20,0.4863,449,0.0
23500,2020-06-30,0.4825,449,0.0
23500,2020-07-10,0.4615,449,0.0
23500,2020-07-20,0.4395,449,0.0
23500,2020-07-25,0.4242,449,0.0
23500,2020-08-04,0.4703,449,0.0
23500,2020-08-09,0.4633,449,0.0
23500,2020-08-14,0.091,374,0.167
23500,2020-08-19,0.4711,449,0.0
23500,2020-08-24,0.5013,449,0.0
23500,2020-08-29,0.4821,449,0.0
23500,2020-09-03,0.5018,449,0.0
23500,2020-09-08,0.5017,449,0.0
23500,2020-09-13,0.4739,449,0.0
23500,2020-10-08,0.4275,425,0.0535
23500,2020-10-13,0.4553,449,0.0
23500,2020-10-18,0.4557,449,0.0
23500,2020-10-23,0.5166,449,0.0
23500,2020-10-28,0.5364,449,0.0
23500,2020-11-07,0.5143,449,0.0
23500,2020-11-22,0.5329,447,0.0045
23500,2020-11-27,0.4943,449,0.0
23500,2021-02-10,0.401,440,0.02
23500,2021-02-15,0.5182,449,0.0
23500,2021-02-20,0.5255,374,0.167
23500,2021-03-02,0.4558,449,0.0
23500,2021-03-12,0.4705,449,0.0
23500,2021-03-22,0.5249,449,0.0
23500,2021-03-27,0.4005,449,0.0
23500,2021-04-01,0.4516,446,0.0067
23500,2021-04-11,0.3849,449,0.0
23500,2021-04-26,0.4976,447,0.0045
23500,2021-05-01,0.5063,449,0.0
23500,2021-05-06,0.5335,449,0.0
23500,2021-05-21,0.5372,449,0.0
23500,2021-05-26,0.4779,449,0.0
23500,2021-06-05,0.4714,449,0.0
23500,2021-06-15,0.4705,449,0.0
23500,2021-07-10,0.4118,449,0.0
23500,2021-07-20,0.4005,449,0.0
23500,2021-07-25,0.3376,449,0.0
23500,2021-07-30,0.3343,449,0.0
23500,2021-08-09,0.3336,449,0.0
23500,2021-08-19,0.3538,449,0.0
23500,2021-08-24,0.365,449,0.0
23500,2021-09-03,0.4237,449,0.0
23500,2021-09-28,0.4083,449,0.0
23500,2021-10-08,0.3537,400,0.1091
23500,2021-10-13,0.4821,394,0.1225
23500,2021-10-23,0.4314,449,0.0
23500,2021-11-07,0.4814,449,0.0
23500,2021-11-17,0.5057,449,0.0
23500,2021-11-22,0.5319,449,0.0
23500,2021-12-02,0.4314,436,0.029
23500,2021-12-12,0.3535,449,0.0
23500,2022-01-16,0.6073,449,0.0
23500,2022-01-21,0.6044,449,0.0
23500,2022-01-26,0.6146,449,0.0
23500,2022-02-10,0.4716,449,0.0
23500,2022-02-20,0.4969,449,0.0
23500,2022-03-02,0.5099,449,0.0
23500,2022-03-07,0.5844,449,0.0
23500,2022-03-17,0.3338,446,0.0067
23500,2022-03-22,0.6538,449,0.0
23500,2022-04-11,0.3579,449,0.0
23500,2022-04-21,0.4122,449,0.0
23500,2022-04-26,0.4354,449,0.0
23500,2022-05-01,0.4699,449,0.0
23500,2022-05-11,0.4242,449,0.0
23500,2022-05-21,0.5209,449,0.0
23500,2022-05-26,0.5334,449,0.0
23500,2022-06-05,0.5222,449,0.0
23500,2022-06-15,0.5403,449,0.0
23500,2022-06-30,0.448,449,0.0
23500,2022-07-05,0.4599,449,0.0
23500,2022-07-15,0.3981,449,0.0
23500,2022-07-20,0.4427,427,0.049
23500,2022-07-25,0.4195,449,0.0
23500,2022-08-14,0.4742,449,0.0
23500,2022-08-24,0.4235,449,0.0
23500,2022-09-18,0.4758,449,0.0
23500,2022-09-23,0.4786,447,0.0045
23500,2022-10-23,0.549,449,0.0
23500,2022-11-17,0.5332,449,0.0
23500,2022-11-27,0.5829,449,0.0
23500,2022-12-12,0.4357,449,0.0
23500,2023-01-01,0.6072,449,0.0
23500,2023-01-16,0.447,449,0.0
23500,2023-01-26,0.5916,449,0.0
23500,2023-01-31,0.5722,448,0.0022
23500,2023-02-10,0.6269,449,0.0
23500,2023-02-20,0.2239,449,0.0
23500,2023-03-02,0.6693,449,0.0
23500,2023-03-22,0.405,449,0.0
23500,2023-04-01,0.5525,449,0.0
23500,2023-04-11,0.5878,449,0.0
23500,2023-04-21,0.5848,449,0.0
23500,2023-05-01,0.5753,449,0.0
23500,2023-05-11,0.549,394,0.1225
23500,2023-05-16,0.643,449,0.0
23500,2023-05-21,0.6271,449,0.0
23500,2023-05-26,0.6011,449,0.0
23500,2023-06-05,0.4401,449,0.0
23500,2023-06-10,0.4237,449,0.0
23500,2023-06-20,0.4745,449,0.0
23500,2023-06-25,0.4856,449,0.0
23500,2023-07-05,0.5182,449,0.0
23500,2023-07-15,0.4905,449,0.0
23500,2023-07-25,0.4589,449,0.0
23500,2023-08-04,0.42,449,0.0
23500,2023-08-09,0.2528,444,0.0111
23500,2023-08-24,0.3457,449,0.0
23500,2023-08-29,0.3184,439,0.0223
23500,2023-09-03,0.4204,449,0.0
23500,2023-09-08,0.4705,449,0.0
23500,2023-09-13,0.5015,449,0.0
23500,2023-09-18,0.4539,449,0.0
23500,2023-09-23,0.4905,449,0.0
23500,2023-10-23,0.5253,449,0.0
23500,2023-11-07,0.611,449,0.0
23500,2023-11-12,0.4555,449,0.0
23500,2023-12-02,0.6041,449,0.0
23500,2023-12-07,0.631,449,0.0
23500,2023-12-22,0.5725,440,0.02
23500,2024-01-11,0.4939,449,0.0
23500,2024-02-05,0.4976,449,0.0
23500,2024-03-11,0.5101,445,0.0089
23500,2024-03-16,0.5244,449,0.0
23500,2024-03-31,0.6504,449,0.0
23500,2024-04-05,0.6345,449,0.0
23500,2024-04-10,0.7011,449,0.0
23500,2024-04-20,0.6627,449,0.0
23500,2024-04-30,0.557,449,0.0
23500,2024-05-05,0.5187,449,0.0
23500,2024-05-10,0.3925,449,0.0
23500,2024-05-20,0.4904,449,0.0
23500,2024-06-09,0.4322,449,0.0
23500,2024-06-14,0.4429,449,0.0
23500,2024-06-19,0.4505,449,0.0
23500,2024-06-24,0.4474,449,0.0
23500,2024-06-29,0.4404,449,0.0
23500,2024-07-14,0.3728,449,0.0
23500,2024-07-19,0.3966,449,0.0
23500,2024-07-24,0.4356,449,0.0
23500,2024-07-29,0.4508,449,0.0
23500,2024-08-03,0.4121,449,0.0
23500,2024-08-08,0.369,449,0.0
23500,2024-08-18,0.4147,449,0.0
23500,2024-08-23,0.4201,449,0.0
23500,2024-08-28,0.4126,449,0.0
23500,2024-09-02,0.3967,449,0.0
23500,2024-09-07,0.4397,449,0.0
23500,2024-09-12,0.3775,449,0.0
23500,2024-09-22,0.3969,449,0.0
23500,2024-10-02,0.3888,449,0.0
23500,2024-10-07,0.3851,449,0.0
23500,2024-10-17,0.3421,449,0.0
23500,2024-10-22,0.3565,449,0.0
23500,2024-11-11,0.5527,449,0.0
23500,2024-11-26,0.5295,449,0.0
23500,2024-12-16,0.6113,449,0.0
23500,2024-12-31,0.6466,449,0.0
23500,2025-01-15,0.5803,449,0.0
23500,2025-02-09,0.5493,449,0.0
23500,2025-02-14,0.5362,436,0.029
23500,2025-02-19,0.5496,449,0.0
23500,2025-02-24,0.6115,449,0.0
23500,2025-03-01,0.6388,449,0.0
23500,2025-03-06,0.6425,437,0.0267
23500,2025-03-31,0.5681,449,0.0
23500,2025-04-12,0.6186,449,0.0
23500,2025-04-15,0.6275,449,0.0
23500,2025-05-02,0.3576,447,0.0045
23500,2025-05-05,0.5329,449,0.0
23500,2025-05-15,0.5993,449,0.0
23500,2025-05-20,0.5946,449,0.0
23500,2025-05-25,0.5598,449,0.0
23500,2025-05-30,0.5606,449,0.0
23500,2025-06-04,0.5575,449,0.0
23500,2025-06-19,0.4857,449,0.0
23500,2025-06-29,0.2755,449,0.0
23500,2025-07-14,0.288,449,0.0
23500,2025-07-19,0.2872,399,0.1114
23500,2025-07-21,0.2916,449,0.0
23500,2025-07-29,0.3846,449,0.0
23500,2025-08-13,0.3962,449,0.0
23500,2025-08-23,0.3529,449,0.0
23500,2025-08-30,0.4013,449,0.0
23500,2025-09-02,0.4241,449,0.0
23500,2025-09-17,0.4009,447,0.0045
23500,2025-09-27,0.4352,449,0.0
23500,2025-10-22,0.5131,449,0.0
23500,2025-10-29,0.5731,449,0.0
23500,2025-11-01,0.4737,449,0.0
23500,2025-11-11,0.4283,449,0.0
23500,2025-11-21,0.3927,449,0.0
23500,2025-11-26,0.4355,374,0.167
23500,2025-12-01,0.4754,449,0.0
23500,2025-12-06,0.4945,449,0.0
23500,2025-12-11,0.5672,448,0.0022
23500,2025-12-21,0.432,449,0.0
23500,2025-12-28,0.502,449,0.0
23500,2026-01-10,0.6351,449,0.0
23500,2026-01-20,0.627,439,0.0223
23500,2026-03-16,0.5358,449,0.0
23500,2026-03-21,0.5911,449,0.0
23500,2026-03-26,0.6236,449,0.0
23500,2026-03-28,0.6548,449,0.0
23500,2026-04-05,0.6127,440,0.02
23500,2026-04-17,0.6147,449,0.0
23500,2026-04-20,0.6114,449,0.0
23500,2026-04-25,0.4973,449,0.0
23500,2026-05-05,0.5109,449,0.0
23500,2026-05-07,0.5329,449,0.0
23500,2026-06-19,0.5256,449,0.0
23500,2026-06-29,0.4312,449,0.0
23500,2026-07-06,0.4511,449,0.0
23500,2026-07-09,0.4436,449,0.0
23500,2026-07-19,0.5024,449,0.0
23500,2026-07-26,0.4977,449,0.0
23500,2026-07-29,0.4715,449,0.0
23500,2026-08-08,0.3689,449,0.0
23500,2026-08-18,0.4862,449,0.0
23500,2026-08-23,0.4788,449,0.0
23500,2026-09-04,0.5219,449,0.0
24000,2019-01-07,0.472,514,0.0638
24000,2019-01-12,0.3457,484,0.1184
24000,2019-01-17,0.4087,548,0.0018
24000,2019-01-22,0.3849,549,0.0
24000,2019-01-27,0.428,549,0.0
24000,2019-02-01,0.3931,548,0.0018
24000,2019-02-11,0.346,459,0.1639
24000,2019-03-13,0.4825,548,0.0018
24000,2019-03-23,0.5216,549,0.0
24000,2019-04-02,0.3813,549,0.0
24000,2019-04-22,0.4357,549,0.0
24000,2019-04-27,0.4593,549,0.0
24000,2019-05-02,0.4082,547,0.0036
24000,2019-05-22,0.5019,549,0.0
24000,2019-05-27,0.498,549,0.0
24000,2019-06-11,0.4402,549,0.0
24000,2019-06-16,0.4197,549,0.0
24000,2019-06-26,0.4288,549,0.0
24000,2019-07-06,0.4358,548,0.0018
24000,2019-07-11,0.3808,549,0.0
24000,2019-07-21,0.3571,549,0.0
24000,2019-07-26,0.3575,548,0.0018
24000,2019-07-31,0.373,549,0.0
24000,2019-08-10,0.3382,548,0.0018
24000,2019-08-15,0.3571,549,0.0
24000,2019-08-30,0.3062,549,0.0
24000,2019-09-09,0.3453,549,0.0
24000,2019-09-19,0.2555,549,0.0
24000,2019-09-29,0.3378,549,0.0
24000,2019-10-04,0.322,549,0.0
24000,2019-10-14,0.3148,549,0.0
24000,2019-10-19,0.2369,547,0.0036
24000,2019-11-03,0.2759,549,0.0
24000,2019-11-13,0.3264,549,0.0
24000,2019-11-23,0.3458,548,0.0018
24000,2019-12-08,0.3655,548,0.0018
24000,2020-01-07,0.377,549,0.0
24000,2020-01-27,0.4091,549,0.0
24000,2020-02-16,0.4309,548,0.0018
24000,2020-03-07,0.3855,440,0.1985
24000,2020-03-12,0.3959,549,0.0
24000,2020-03-17,0.4717,548,0.0018
24000,2020-03-22,0.4395,537,0.0219
24000,2020-04-01,0.4122,522,0.0492
24000,2020-04-06,0.4625,548,0.0018
24000,2020-04-16,0.4202,548,0.0018
24000,2020-04-21,0.4197,548,0.0018
24000,2020-04-26,0.3884,548,0.0018
24000,2020-05-11,0.369,549,0.0
24000,2020-05-16,0.338,549,0.0
24000,2020-05-21,0.3182,548,0.0018
24000,2020-05-26,0.3219,548,0.0018
24000,2020-05-31,0.3066,549,0.0
24000,2020-06-20,0.3648,549,0.0
24000,2020-06-30,0.3728,548,0.0018
24000,2020-07-10,0.3887,548,0.0018
24000,2020-07-20,0.3689,549,0.0
24000,2020-07-25,0.3415,548,0.0018
24000,2020-08-04,0.3492,549,0.0
24000,2020-08-09,0.326,549,0.0
24000,2020-08-19,0.3503,549,0.0
24000,2020-08-24,0.3692,549,0.0
24000,2020-08-29,0.3412,549,0.0
24000,2020-09-03,0.3461,549,0.0
24000,2020-09-08,0.3413,549,0.0
24000,2020-09-13,0.3221,549,0.0
24000,2020-10-13,0.3336,549,0.0
24000,2020-10-18,0.3342,549,0.0
24000,2020-10-23,0.3727,549,0.0
24000,2020-10-28,0.3886,549,0.0
24000,2020-11-07,0.3723,549,0.0
24000,2020-11-22,0.3923,536,0.0237
24000,2020-11-27,0.3408,546,0.0055
24000,2021-02-10,0.3844,547,0.0036
24000,2021-02-15,0.428,548,0.0018
24000,2021-02-20,0.3962,544,0.0091
24000,2021-03-02,0.4005,549,0.0
24000,2021-03-12,0.4319,549,0.0
24000,2021-03-22,0.4592,541,0.0146
24000,2021-03-27,0.4192,549,0.0
24000,2021-04-01,0.4081,507,0.0765
24000,2021-04-11,0.3612,549,0.0
24000,2021-04-26,0.4002,539,0.0182
24000,2021-05-01,0.4079,549,0.0
24000,2021-05-06,0.4202,549,0.0
24000,2021-05-21,0.4156,549,0.0
24000,2021-05-26,0.4279,549,0.0
24000,2021-06-05,0.4401,549,0.0
24000,2021-06-15,0.424,549,0.0
24000,2021-07-10,0.3414,549,0.0
24000,2021-07-20,0.3376,549,0.0
24000,2021-07-25,0.3146,549,0.0
24000,2021-07-30,0.3143,548,0.0018
24000,2021-08-04,0.1886,499,0.0911
24000,2021-08-09,0.3029,549,0.0
24000,2021-08-19,0.2913,549,0.0
24000,2021-08-24,0.2912,549,0.0
24000,2021-09-03,0.3222,549,0.0
24000,2021-09-28,0.3383,549,0.0
24000,2021-10-08,0.3109,491,0.1056
24000,2021-10-23,0.3417,549,0.0
24000,2021-11-07,0.3697,548,0.0018
24000,2021-11-17,0.3731,548,0.0018
24000,2021-11-22,0.4086,549,0.0
24000,2021-12-02,0.3889,548,0.0018
24000,2021-12-12,0.2744,547,0.0036
24000,2021-12-22,0.3693,538,0.02
24000,2022-01-16,0.4596,548,0.0018
24000,2022-01-21,0.4671,548,0.0018
24000,2022-01-26,0.4435,549,0.0
24000,2022-02-10,0.4862,549,0.0
24000,2022-02-20,0.416,549,0.0
24000,2022-03-02,0.4237,547,0.0036
24000,2022-03-07,0.4317,549,0.0
24000,2022-03-17,0.4739,545,0.0073
24000,2022-03-22,0.506,549,0.0
24000,2022-04-11,0.4904,549,0.0
24000,2022-04-16,0.4115,548,0.0018
24000,2022-04-21,0.3851,549,0.0
24000,2022-04-26,0.3804,549,0.0
24000,2022-05-01,0.4003,549,0.0
24000,2022-05-11,0.3301,549,0.0
24000,2022-05-21,0.4171,549,0.0
24000,2022-05-26,0.3886,549,0.0
24000,2022-06-05,0.4121,549,0.0
24000,2022-06-15,0.4237,549,0.0
24000,2022-06-30,0.4002,549,0.0
24000,2022-07-05,0.3964,549,0.0
24000,2022-07-15,0.333,549,0.0
24000,2022-07-25,0.3329,549,0.0
24000,2022-08-14,0.3531,549,0.0
24000,2022-08-24,0.3422,549,0.0
24000,2022-09-18,0.3729,549,0.0
24000,2022-09-23,0.3774,549,0.0
24000,2022-10-23,0.4245,549,0.0
24000,2022-11-17,0.4471,549,0.0
24000,2022-11-27,0.459,549,0.0
24000,2022-12-12,0.3149,528,0.0383
24000,2023-01-01,0.4664,545,0.0073
24000,2023-01-16,0.4515,549,0.0
24000,2023-01-26,0.5201,549,0.0
24000,2023-01-31,0.4976,543,0.0109
24000,2023-02-10,0.5179,549,0.0
24000,2023-02-20,0.5295,549,0.0
24000,2023-03-02,0.4978,549,0.0
24000,2023-03-22,0.3768,549,0.0
24000,2023-04-01,0.4317,549,0.0
24000,2023-04-11,0.4043,496,0.0965
24000,2023-04-21,0.4552,549,0.0
24000,2023-05-01,0.479,549,0.0
24000,2023-05-16,0.5093,549,0.0
24000,2023-05-21,0.4824,549,0.0
24000,2023-05-26,0.4709,549,0.0
24000,2023-06-05,0.4904,549,0.0
24000,2023-06-10,0.4358,549,0.0
24000,2023-06-20,0.4354,549,0.0
24000,2023-06-25,0.4195,549,0.0
24000,2023-07-05,0.4281,549,0.0
24000,2023-07-15,0.4322,549,0.0
24000,2023-07-25,0.4124,549,0.0
24000,2023-08-04,0.3923,549,0.0
24000,2023-08-09,0.2712,549,0.0
24000,2023-08-24,0.3222,549,0.0
24000,2023-09-03,0.4009,549,0.0
24000,2023-09-08,0.4082,549,0.0
24000,2023-09-13,0.4042,549,0.0
24000,2023-09-18,0.3846,549,0.0
24000,2023-09-23,0.3926,549,0.0
24000,2023-10-23,0.4275,549,0.0
24000,2023-11-07,0.4745,549,0.0
24000,2023-11-12,0.3885,549,0.0
24000,2023-12-02,0.4786,549,0.0
24000,2023-12-07,0.4675,549,0.0
24000,2023-12-22,0.4238,549,0.0
24000,2024-01-11,0.4085,548,0.0018
24000,2024-01-16,0.2048,531,0.0328
24000,2024-02-05,0.4085,549,0.0
24000,2024-02-10,0.4046,548,0.0018
24000,2024-03-11,0.5569,539,0.0182
24000,2024-03-16,0.4789,549,0.0
24000,2024-03-21,0.4787,482,0.122
24000,2024-03-31,0.5446,549,0.0
24000,2024-04-05,0.5413,549,0.0
24000,2024-04-10,0.5569,549,0.0
24000,2024-04-20,0.56,549,0.0
24000,2024-04-30,0.4512,549,0.0
24000,2024-05-05,0.4315,549,0.0
24000,2024-05-10,0.2059,522,0.0492
24000,2024-05-20,0.3955,547,0.0036
24000,2024-06-09,0.4171,549,0.0
24000,2024-06-14,0.4004,549,0.0
24000,2024-06-19,0.3926,549,0.0
24000,2024-06-24,0.3613,549,0.0
24000,2024-06-29,0.35,549,0.0
24000,2024-07-14,0.3577,549,0.0
24000,2024-07-19,0.3729,549,0.0
24000,2024-07-24,0.3456,549,0.0
24000,2024-07-29,0.3418,549,0.0
24000,2024-08-03,0.3409,549,0.0
24000,2024-08-08,0.3142,549,0.0
24000,2024-08-18,0.3532,549,0.0
24000,2024-08-23,0.3459,549,0.0
24000,2024-08-28,0.3537,549,0.0
24000,2024-09-02,0.3453,549,0.0
24000,2024-09-07,0.3612,549,0.0
24000,2024-09-12,0.326,549,0.0
24000,2024-09-22,0.3494,549,0.0
24000,2024-10-02,0.318,549,0.0
24000,2024-10-07,0.3382,549,0.0
24000,2024-10-17,0.3298,549,0.0
24000,2024-10-22,0.3614,549,0.0
24000,2024-11-11,0.4436,549,0.0
24000,2024-11-26,0.4209,549,0.0
24000,2024-12-16,0.4722,549,0.0
24000,2024-12-31,0.5138,549,0.0
24000,2025-01-15,0.4626,549,0.0
24000,2025-02-09,0.519,549,0.0
24000,2025-02-19,0.5371,512,0.0674
24000,2025-02-24,0.5521,549,0.0
24000,2025-03-01,0.5487,549,0.0
24000,2025-03-31,0.4942,549,0.0
24000,2025-04-12,0.4935,549,0.0
24000,2025-04-15,0.5133,549,0.0
24000,2025-05-02,0.2556,511,0.0692
24000,2025-05-05,0.526,549,0.0
24000,2025-05-15,0.5674,549,0.0
24000,2025-05-20,0.5096,549,0.0
24000,2025-05-25,0.4435,549,0.0
24000,2025-05-30,0.4547,549,0.0
24000,2025-06-04,0.4589,549,0.0
24000,2025-06-19,0.4472,549,0.0
24000,2025-06-29,0.3648,549,0.0
24000,2025-07-14,0.3372,549,0.0
24000,2025-07-19,0.326,549,0.0
24000,2025-07-21,0.3146,549,0.0
24000,2025-07-29,0.3536,549,0.0
24000,2025-08-13,0.3187,549,0.0
24000,2025-08-23,0.2723,527,0.0401
24000,2025-08-30,0.2985,549,0.0
24000,2025-09-02,0.3028,549,0.0
24000,2025-09-17,0.2906,549,0.0
24000,2025-09-27,0.3145,549,0.0
24000,2025-10-22,0.3999,549,0.0
24000,2025-10-29,0.4397,549,0.0
24000,2025-11-01,0.3608,549,0.0
24000,2025-11-11,0.4084,549,0.0
24000,2025-11-21,0.4313,549,0.0
24000,2025-11-26,0.4589,530,0.0346
24000,2025-12-01,0.416,549,0.0
24000,2025-12-06,0.3885,549,0.0
24000,2025-12-11,0.4432,549,0.0
24000,2025-12-21,0.432,549,0.0
24000,2025-12-28,0.4438,549,0.0
24000,2026-01-10,0.4976,549,0.0
24000,2026-01-20,0.5141,519,0.0546
24000,2026-03-16,0.5172,549,0.0
24000,2026-03-21,0.5453,549,0.0
24000,2026-03-26,0.5105,549,0.0
24000,2026-03-28,0.5408,549,0.0
24000,2026-04-17,0.5101,549,0.0
24000,2026-04-20,0.5252,549,0.0
24000,2026-04-25,0.4275,549,0.0
24000,2026-05-05,0.4396,549,0.0
24000,2026-05-07,0.447,549,0.0
24000,2026-06-19,0.5099,549,0.0
24000,2026-06-29,0.4587,549,0.0
24000,2026-07-06,0.3723,549,0.0
24000,2026-07-09,0.3813,549,0.0
24000,2026-07-19,0.4082,549,0.0
24000,2026-07-26,0.4003,549,0.0
24000,2026-07-29,0.3724,537,0.0219
24000,2026-08-08,0.3697,549,0.0
24000,2026-08-18,0.4041,549,0.0
24000,2026-08-23,0.3891,549,0.0
24000,2026-09-04,0.4087,549,0.0
24500,2019-01-07,0.52,195,0.0
24500,2019-01-17,0.5087,188,0.0359
24500,2019-01-22,0.5326,172,0.1179
24500,2019-01-27,0.5942,195,0.0
24500,2019-02-01,0.4709,191,0.0205
24500,2019-02-11,0.4266,180,0.0769
24500,2019-03-13,0.4869,185,0.0513
24500,2019-03-23,0.572,195,0.0
24500,2019-04-02,0.4983,195,0.0
24500,2019-04-22,0.5407,195,0.0
24500,2019-04-27,0.501,195,0.0
24500,2019-05-02,0.4822,190,0.0256
24500,2019-05-22,0.5137,193,0.0103
24500,2019-05-27,0.5104,195,0.0
24500,2019-06-11,0.3919,195,0.0
24500,2019-06-16,0.3922,195,0.0
24500,2019-06-26,0.472,195,0.0
24500,2019-07-06,0.4884,191,0.0205
24500,2019-07-11,0.4867,195,0.0
24500,2019-07-21,0.4433,195,0.0
24500,2019-07-26,0.4827,191,0.0205
24500,2019-07-31,0.5172,195,0.0
24500,2019-08-10,0.4456,193,0.0103
24500,2019-08-15,0.479,195,0.0
24500,2019-08-30,0.4155,195,0.0
24500,2019-09-09,0.4628,195,0.0
24500,2019-09-19,0.3576,195,0.0
24500,2019-09-29,0.4205,195,0.0
24500,2019-10-04,0.4082,195,0.0
24500,2019-10-14,0.4438,195,0.0
24500,2019-10-19,0.3025,175,0.1026
24500,2019-11-03,0.444,194,0.0051
24500,2019-11-13,0.4674,193,0.0103
24500,2019-12-08,0.4433,191,0.0205
24500,2020-01-07,0.4397,195,0.0
24500,2020-01-27,0.5107,195,0.0
24500,2020-02-16,0.5199,188,0.0359
24500,2020-03-07,0.4942,179,0.0821
24500,2020-03-12,0.4547,193,0.0103
24500,2020-03-17,0.5456,191,0.0205
24500,2020-03-22,0.4541,175,0.1026
24500,2020-04-01,0.4117,157,0.1949
24500,2020-04-06,0.5452,191,0.0205
24500,2020-04-16,0.5273,188,0.0359
24500,2020-04-21,0.5553,191,0.0205
24500,2020-04-26,0.4873,188,0.0359
24500,2020-05-01,0.3075,169,0.1333
24500,2020-05-11,0.5023,195,0.0
24500,2020-05-16,0.4443,191,0.0205
24500,2020-05-21,0.3999,191,0.0205
24500,2020-05-26,0.411,189,0.0308
24500,2020-05-31,0.409,195,0.0
24500,2020-06-20,0.4935,195,0.0
24500,2020-07-10,0.4624,193,0.0103
24500,2020-07-20,0.5218,195,0.0
24500,2020-07-25,0.4846,191,0.0205
24500,2020-08-04,0.5039,195,0.0
24500,2020-08-09,0.4515,195,0.0
24500,2020-08-14,0.1428,160,0.1795
24500,2020-08-19,0.4477,193,0.0103
24500,2020-08-24,0.4819,195,0.0
24500,2020-08-29,0.4714,195,0.0
24500,2020-09-03,0.4869,195,0.0
24500,2020-09-08,0.4231,195,0.0
24500,2020-09-13,0.4586,195,0.0
24500,2020-10-13,0.4539,195,0.0
24500,2020-10-18,0.3541,195,0.0
24500,2020-10-23,0.4902,195,0.0
24500,2020-10-28,0.4467,195,0.0
24500,2020-11-07,0.4008,191,0.0205
24500,2020-11-22,0.4321,182,0.0667
24500,2021-02-15,0.5888,188,0.0359
24500,2021-03-02,0.432,192,0.0154
24500,2021-03-12,0.4388,195,0.0
24500,2021-03-22,0.4988,170,0.1282
24500,2021-03-27,0.5298,195,0.0
24500,2021-04-11,0.5637,195,0.0
24500,2021-05-01,0.4672,192,0.0154
24500,2021-05-06,0.4914,195,0.0
24500,2021-05-21,0.49,195,0.0
24500,2021-05-26,0.4755,195,0.0
24500,2021-06-05,0.4907,195,0.0
24500,2021-06-15,0.4549,195,0.0
24500,2021-07-10,0.4423,195,0.0
24500,2021-07-20,0.4405,195,0.0
24500,2021-07-25,0.42,195,0.0
24500,2021-07-30,0.4044,190,0.0256
24500,2021-08-09,0.4033,195,0.0
24500,2021-08-19,0.3112,195,0.0
24500,2021-08-24,0.3658,195,0.0
24500,2021-09-03,0.3849,195,0.0
24500,2021-09-28,0.4519,195,0.0
24500,2021-10-08,0.4429,188,0.0359
24500,2021-10-23,0.4557,195,0.0
24500,2021-11-07,0.478,191,0.0205
24500,2021-11-17,0.499,188,0.0359
24500,2021-11-22,0.5101,193,0.0103
24500,2021-12-02,0.466,190,0.0256
24500,2021-12-12,0.2993,187,0.041
24500,2021-12-22,0.4122,188,0.0359
24500,2022-01-01,0.4982,167,0.1436
24500,2022-01-16,0.5611,191,0.0205
24500,2022-01-21,0.5185,176,0.0974
24500,2022-01-26,0.4748,195,0.0
24500,2022-02-05,0.5181,174,0.1077
24500,2022-02-10,0.5142,195,0.0
24500,2022-02-20,0.554,195,0.0
24500,2022-03-02,0.5171,195,0.0
24500,2022-03-07,0.5495,195,0.0
24500,2022-03-17,0.4466,174,0.1077
24500,2022-03-22,0.5756,195,0.0
24500,2022-04-06,0.5873,169,0.1333
24500,2022-04-11,0.5015,195,0.0
24500,2022-04-16,0.5649,195,0.0
24500,2022-04-21,0.5379,195,0.0
24500,2022-04-26,0.5262,195,0.0
24500,2022-05-01,0.4681,195,0.0
24500,2022-05-11,0.3299,195,0.0
24500,2022-05-21,0.4282,195,0.0
24500,2022-05-26,0.4247,195,0.0
24500,2022-06-05,0.4325,195,0.0
24500,2022-06-15,0.4633,195,0.0
24500,2022-06-30,0.3747,195,0.0
24500,2022-07-05,0.369,195,0.0
24500,2022-07-15,0.3547,195,0.0
24500,2022-07-25,0.3805,195,0.0
24500,2022-08-14,0.4126,195,0.0
24500,2022-08-24,0.3932,195,0.0
24500,2022-09-18,0.4351,195,0.0
24500,2022-09-23,0.4475,195,0.0
24500,2022-10-23,0.5046,195,0.0
24500,2022-11-07,0.4742,191,0.0205
24500,2022-11-17,0.4905,195,0.0
24500,2022-11-27,0.5675,195,0.0
24500,2023-01-16,0.4981,195,0.0
24500,2023-01-26,0.5421,195,0.0
24500,2023-02-10,0.5686,195,0.0
24500,2023-02-20,0.4591,195,0.0
24500,2023-03-02,0.5718,195,0.0
24500,2023-03-22,0.5456,195,0.0
24500,2023-04-01,0.5831,195,0.0
24500,2023-04-11,0.4399,195,0.0
24500,2023-04-21,0.3889,174,0.1077
24500,2023-05-01,0.4601,195,0.0
24500,2023-05-16,0.5255,195,0.0
24500,2023-05-21,0.5094,195,0.0
24500,2023-05-26,0.4981,195,0.0
24500,2023-06-05,0.502,195,0.0
24500,2023-06-10,0.4666,195,0.0
24500,2023-06-20,0.4875,195,0.0
24500,2023-06-25,0.467,195,0.0
24500,2023-07-05,0.4871,195,0.0
24500,2023-07-15,0.4699,195,0.0
24500,2023-07-25,0.4224,195,0.0
24500,2023-08-04,0.4503,195,0.0
24500,2023-08-09,0.3371,195,0.0
24500,2023-08-24,0.4131,195,0.0
24500,2023-09-03,0.4976,195,0.0
24500,2023-09-08,0.4944,195,0.0
24500,2023-09-13,0.4931,195,0.0
24500,2023-09-18,0.4951,195,0.0
24500,2023-09-23,0.4988,195,0.0
24500,2023-10-23,0.4829,195,0.0
24500,2023-11-07,0.5403,195,0.0
24500,2023-11-12,0.52,195,0.0
24500,2023-12-02,0.5928,195,0.0
24500,2023-12-07,0.5023,195,0.0
24500,2023-12-22,0.5133,192,0.0154
24500,2023-12-27,0.3803,166,0.1487
24500,2024-01-16,0.6071,193,0.0103
24500,2024-02-05,0.5877,195,0.0
24500,2024-02-10,0.5029,195,0.0
24500,2024-03-06,0.4759,191,0.0205
24500,2024-03-11,0.5999,195,0.0
24500,2024-03-16,0.5716,195,0.0
24500,2024-03-31,0.565,195,0.0
24500,2024-04-05,0.5561,195,0.0
24500,2024-04-10,0.5559,195,0.0
24500,2024-04-20,0.5226,195,0.0
24500,2024-04-30,0.528,195,0.0
24500,2024-05-05,0.5423,195,0.0
24500,2024-05-10,0.4059,188,0.0359
24500,2024-05-20,0.4472,195,0.0
24500,2024-06-09,0.4768,195,0.0
24500,2024-06-14,0.4558,195,0.0
24500,2024-06-19,0.4505,195,0.0
24500,2024-06-24,0.4808,195,0.0
24500,2024-06-29,0.4596,195,0.0
24500,2024-07-14,0.4793,195,0.0
24500,2024-07-19,0.4319,195,0.0
24500,2024-07-24,0.439,195,0.0
24500,2024-07-29,0.447,195,0.0
24500,2024-08-03,0.4623,195,0.0
24500,2024-08-08,0.4205,195,0.0
24500,2024-08-18,0.5002,195,0.0
24500,2024-08-23,0.4165,195,0.0
24500,2024-08-28,0.4192,195,0.0
24500,2024-09-02,0.4207,195,0.0
24500,2024-09-07,0.444,195,0.0
24500,2024-09-12,0.4196,195,0.0
24500,2024-09-22,0.4524,195,0.0
24500,2024-10-02,0.4436,195,0.0
24500,2024-10-07,0.4242,195,0.0
24500,2024-10-17,0.3803,195,0.0
24500,2024-10-22,0.3416,195,0.0
24500,2024-11-11,0.4911,195,0.0
24500,2024-11-26,0.5096,195,0.0
24500,2024-12-16,0.5135,195,0.0
24500,2024-12-31,0.5368,195,0.0
24500,2025-01-15,0.4715,195,0.0
24500,2025-01-20,0.415,167,0.1436
24500,2025-02-09,0.5733,195,0.0
24500,2025-02-24,0.6111,195,0.0
24500,2025-03-01,0.6027,195,0.0
24500,2025-03-31,0.5494,195,0.0
24500,2025-04-12,0.5751,195,0.0
24500,2025-04-15,0.5757,195,0.0
24500,2025-05-05,0.4934,195,0.0
24500,2025-05-15,0.4744,195,0.0
24500,2025-05-20,0.4702,195,0.0
24500,2025-05-25,0.5115,195,0.0
24500,2025-05-30,0.5125,195,0.0
24500,2025-06-04,0.5063,195,0.0
24500,2025-06-19,0.4385,195,0.0
24500,2025-06-29,0.3963,195,0.0
24500,2025-07-14,0.4303,195,0.0
24500,2025-07-19,0.4159,194,0.0051
24500,2025-07-21,0.4164,195,0.0
24500,2025-07-29,0.4397,195,0.0
24500,2025-08-13,0.4474,195,0.0
24500,2025-08-30,0.4315,195,0.0
24500,2025-09-02,0.436,195,0.0
24500,2025-09-27,0.4421,195,0.0
24500,2025-10-22,0.4662,195,0.0
24500,2025-10-29,0.5139,195,0.0
24500,2025-11-01,0.4898,195,0.0
24500,2025-11-11,0.4756,195,0.0
24500,2025-11-21,0.4813,195,0.0
24500,2025-11-26,0.5444,195,0.0
24500,2025-12-01,0.5397,195,0.0
24500,2025-12-06,0.511,195,0.0
24500,2025-12-11,0.5519,195,0.0
24500,2025-12-21,0.4943,195,0.0
24500,2025-12-28,0.5219,195,0.0
24500,2026-01-10,0.5731,195,0.0
24500,2026-02-19,0.6201,194,0.0051
24500,2026-03-16,0.5733,195,0.0
24500,2026-03-21,0.5668,195,0.0
24500,2026-03-26,0.5413,195,0.0
24500,2026-03-28,0.5671,195,0.0
24500,2026-04-17,0.5378,195,0.0
24500,2026-04-20,0.5062,195,0.0
24500,2026-04-25,0.4433,195,0.0
24500,2026-05-05,0.4779,195,0.0
24500,2026-05-07,0.4903,195,0.0
24500,2026-06-19,0.4896,195,0.0
24500,2026-06-29,0.5132,195,0.0
24500,2026-07-06,0.4655,195,0.0
24500,2026-07-09,0.4979,195,0.0
24500,2026-07-19,0.5035,195,0.0
24500,2026-07-26,0.5222,195,0.0
24500,2026-07-29,0.5332,187,0.041
24500,2026-08-08,0.5055,195,0.0
24500,2026-08-18,0.5404,195,0.0
24500,2026-08-23,0.4399,195,0.0
24500,2026-09-04,0.494,195,0.0
25000,2019-01-07,0.3786,80,0.0
25000,2019-01-17,0.3272,80,0.0
25000,2019-01-27,0.4187,80,0.0
25000,2019-02-01,0.4659,80,0.0
25000,2019-03-23,0.4122,80,0.0
25000,2019-04-02,0.5008,80,0.0
25000,2019-04-22,0.4367,80,0.0
25000,2019-04-27,0.287,80,0.0
25000,2019-05-02,0.3889,80,0.0
25000,2019-05-22,0.2949,80,0.0
25000,2019-05-27,0.3007,80,0.0
25000,2019-06-11,0.3232,80,0.0
25000,2019-06-16,0.3093,80,0.0
25000,2019-06-26,0.3768,80,0.0
25000,2019-07-06,0.3579,80,0.0
25000,2019-07-11,0.3338,80,0.0
25000,2019-07-21,0.303,80,0.0
25000,2019-07-26,0.3604,80,0.0
25000,2019-07-31,0.3698,80,0.0
25000,2019-08-10,0.2633,80,0.0
25000,2019-08-15,0.3158,80,0.0
25000,2019-08-30,0.299,80,0.0
25000,2019-09-09,0.3387,80,0.0
25000,2019-09-19,0.2717,80,0.0
25000,2019-09-29,0.3958,80,0.0
25000,2019-10-04,0.3254,80,0.0
25000,2019-10-14,0.2984,80,0.0
25000,2019-10-19,0.2713,73,0.0875
25000,2019-11-03,0.3136,80,0.0
25000,2019-11-13,0.326,80,0.0
25000,2019-12-08,0.3661,68,0.15
25000,2020-01-07,0.3338,64,0.2
25000,2020-01-27,0.4082,80,0.0
25000,2020-02-16,0.3382,80,0.0
25000,2020-03-07,0.2828,69,0.1375
25000,2020-03-12,0.2509,80,0.0
25000,2020-03-17,0.397,80,0.0
25000,2020-03-22,0.3351,70,0.125
25000,2020-04-06,0.4197,80,0.0
25000,2020-04-16,0.3387,80,0.0
25000,2020-04-21,0.3926,80,0.0
25000,2020-04-26,0.3495,80,0.0
25000,2020-05-11,0.3503,80,0.0
25000,2020-05-16,0.2996,80,0.0
25000,2020-05-21,0.2828,80,0.0
25000,2020-05-26,0.2695,80,0.0
25000,2020-05-31,0.2792,80,0.0
25000,2020-06-20,0.3537,80,0.0
25000,2020-07-10,0.3539,80,0.0
25000,2020-07-20,0.3682,80,0.0
25000,2020-07-25,0.3543,80,0.0
25000,2020-08-04,0.3407,80,0.0
25000,2020-08-09,0.29,80,0.0
25000,2020-08-24,0.3248,80,0.0
25000,2020-08-29,0.3102,80,0.0
25000,2020-09-03,0.377,80,0.0
25000,2020-09-08,0.2632,80,0.0
25000,2020-09-13,0.3731,80,0.0
25000,2020-10-13,0.3182,80,0.0
25000,2020-10-18,0.2095,80,0.0
25000,2020-10-23,0.3611,80,0.0
25000,2020-10-28,0.3538,80,0.0
25000,2020-11-07,0.2211,80,0.0
25000,2020-11-22,0.2522,78,0.025
25000,2021-02-10,0.295,64,0.2
25000,2021-02-15,0.3562,80,0.0
25000,2021-03-02,0.2758,80,0.0
25000,2021-03-12,0.2555,80,0.0
25000,2021-03-22,0.3111,70,0.125
25000,2021-03-27,0.3689,80,0.0
25000,2021-04-01,0.4187,66,0.175
25000,2021-04-11,0.3721,80,0.0
25000,2021-04-26,0.2982,70,0.125
25000,2021-05-01,0.3115,80,0.0
25000,2021-05-06,0.3504,80,0.0
25000,2021-05-21,0.3457,80,0.0
25000,2021-05-26,0.3336,80,0.0
25000,2021-06-05,0.3378,80,0.0
25000,2021-06-15,0.3143,80,0.0
25000,2021-07-10,0.2799,80,0.0
25000,2021-07-20,0.2719,80,0.0
25000,2021-07-25,0.26,80,0.0
25000,2021-07-30,0.2291,80,0.0
25000,2021-08-09,0.2559,80,0.0
25000,2021-08-19,0.1543,80,0.0
25000,2021-08-24,0.228,80,0.0
25000,2021-09-03,0.2475,80,0.0
25000,2021-09-28,0.3222,80,0.0
25000,2021-10-08,0.2838,72,0.1
25000,2021-10-23,0.3032,80,0.0
25000,2021-11-07,0.3804,80,0.0
25000,2021-11-17,0.3423,80,0.0
25000,2021-11-22,0.3225,80,0.0
25000,2021-12-02,0.3615,79,0.0125
25000,2021-12-12,0.275,80,0.0
25000,2021-12-22,0.2553,80,0.0
25000,2022-01-16,0.3996,80,0.0
25000,2022-01-26,0.2963,80,0.0
25000,2022-02-10,0.3376,80,0.0
25000,2022-02-20,0.3926,76,0.05
25000,2022-03-02,0.3265,80,0.0
25000,2022-03-07,0.3603,80,0.0
25000,2022-03-17,0.3952,80,0.0
25000,2022-03-22,0.4241,80,0.0
25000,2022-04-06,0.3966,70,0.125
25000,2022-04-11,0.3375,67,0.1625
25000,2022-04-16,0.374,80,0.0
25000,2022-04-21,0.3497,80,0.0
25000,2022-04-26,0.3571,80,0.0
25000,2022-05-01,0.3417,80,0.0
25000,2022-05-11,0.2937,78,0.025
25000,2022-05-21,0.3182,80,0.0
25000,2022-05-26,0.2914,80,0.0
25000,2022-06-05,0.3149,80,0.0
25000,2022-06-15,0.3526,80,0.0
25000,2022-06-30,0.2831,80,0.0
25000,2022-07-05,0.2604,80,0.0
25000,2022-07-15,0.2551,80,0.0
25000,2022-07-25,0.2356,80,0.0
25000,2022-08-14,0.3256,80,0.0
25000,2022-08-24,0.2434,80,0.0
25000,2022-09-18,0.2986,80,0.0
25000,2022-09-23,0.3414,80,0.0
25000,2022-10-23,0.3694,80,0.0
25000,2022-11-17,0.3458,80,0.0
25000,2022-11-27,0.3571,80,0.0
25000,2023-01-16,0.3461,80,0.0
25000,2023-01-26,0.3474,80,0.0
25000,2023-02-10,0.3884,80,0.0
25000,2023-02-20,0.3296,80,0.0
25000,2023-03-02,0.3843,73,0.0875
25000,2023-03-22,0.3622,80,0.0
25000,2023-04-01,0.4413,80,0.0
25000,2023-04-11,0.377,80,0.0
25000,2023-04-21,0.409,78,0.025
25000,2023-05-01,0.3571,80,0.0
25000,2023-05-16,0.3728,80,0.0
25000,2023-05-21,0.3708,80,0.0
25000,2023-05-26,0.33,80,0.0
25000,2023-06-05,0.3347,80,0.0
25000,2023-06-10,0.2822,80,0.0
25000,2023-06-20,0.3023,80,0.0
25000,2023-06-25,0.2678,80,0.0
25000,2023-07-05,0.3117,80,0.0
25000,2023-07-15,0.3188,80,0.0
25000,2023-07-25,0.3022,80,0.0
25000,2023-08-04,0.2911,80,0.0
25000,2023-08-09,0.264,66,0.175
25000,2023-08-24,0.2292,80,0.0
25000,2023-09-03,0.3151,80,0.0
25000,2023-09-08,0.3772,80,0.0
25000,2023-09-13,0.3375,80,0.0
25000,2023-09-18,0.3696,80,0.0
25000,2023-09-23,0.3573,80,0.0
25000,2023-10-23,0.3111,80,0.0
25000,2023-11-07,0.4278,80,0.0
25000,2023-11-12,0.3727,80,0.0
25000,2023-12-02,0.4676,80,0.0
25000,2023-12-07,0.3614,80,0.0
25000,2023-12-27,0.3809,71,0.1125
25000,2024-01-11,0.3105,69,0.1375
25000,2024-01-16,0.3891,79,0.0125
25000,2024-02-05,0.4349,80,0.0
25000,2024-02-10,0.3641,80,0.0
25000,2024-03-11,0.3714,74,0.075
25000,2024-03-16,0.3576,80,0.0
25000,2024-03-31,0.4067,80,0.0
25000,2024-04-05,0.4672,80,0.0
25000,2024-04-10,0.4312,80,0.0
25000,2024-04-20,0.3532,80,0.0
25000,2024-04-30,0.3615,80,0.0
25000,2024-05-05,0.396,80,0.0
25000,2024-05-10,0.3097,80,0.0
25000,2024-05-20,0.279,80,0.0
25000,2024-06-09,0.2833,80,0.0
25000,2024-06-14,0.2988,80,0.0
25000,2024-06-19,0.2758,80,0.0
25000,2024-06-24,0.2752,80,0.0
25000,2024-06-29,0.2328,80,0.0
25000,2024-07-14,0.2883,80,0.0
25000,2024-07-19,0.2752,80,0.0
25000,2024-07-24,0.2714,80,0.0
25000,2024-07-29,0.2795,80,0.0
25000,2024-08-03,0.3141,80,0.0
25000,2024-08-08,0.248,80,0.0
25000,2024-08-18,0.2556,80,0.0
25000,2024-08-23,0.1966,80,0.0
25000,2024-08-28,0.233,80,0.0
25000,2024-09-02,0.2361,80,0.0
25000,2024-09-07,0.2327,80,0.0
25000,2024-09-12,0.2634,80,0.0
25000,2024-09-22,0.2993,80,0.0
25000,2024-10-02,0.279,80,0.0
25000,2024-10-07,0.2517,80,0.0
25000,2024-10-17,0.2643,80,0.0
25000,2024-10-22,0.2555,80,0.0
25000,2024-11-11,0.3181,80,0.0
25000,2024-11-26,0.3222,80,0.0
25000,2024-12-16,0.3012,80,0.0
25000,2024-12-31,0.4,80,0.0
25000,2025-01-15,0.2155,80,0.0
25000,2025-02-09,0.311,80,0.0
25000,2025-02-24,0.3813,80,0.0
25000,2025-03-01,0.3731,80,0.0
25000,2025-03-31,0.3147,80,0.0
25000,2025-04-12,0.3307,80,0.0
25000,2025-04-15,0.3336,77,0.0375
25000,2025-05-05,0.3257,80,0.0
25000,2025-05-15,0.3297,80,0.0
25000,2025-05-20,0.3185,80,0.0
25000,2025-05-25,0.4005,80,0.0
25000,2025-05-30,0.3892,80,0.0
25000,2025-06-04,0.3068,80,0.0
25000,2025-06-19,0.291,80,0.0
25000,2025-06-29,0.3024,64,0.2
25000,2025-07-14,0.2985,80,0.0
25000,2025-07-21,0.3304,80,0.0
25000,2025-07-29,0.33,80,0.0
25000,2025-08-13,0.29,80,0.0
25000,2025-08-30,0.2868,80,0.0
25000,2025-09-02,0.2795,80,0.0
25000,2025-09-27,0.2824,80,0.0
25000,2025-10-22,0.3376,80,0.0
25000,2025-10-29,0.4393,80,0.0
25000,2025-11-01,0.3691,80,0.0
25000,2025-11-11,0.2808,80,0.0
25000,2025-11-21,0.2867,80,0.0
25000,2025-11-26,0.3295,73,0.0875
25000,2025-12-01,0.3609,80,0.0
25000,2025-12-06,0.3347,72,0.1
25000,2025-12-11,0.3734,80,0.0
25000,2025-12-21,0.2996,80,0.0
25000,2025-12-28,0.3342,80,0.0
25000,2026-01-10,0.3659,80,0.0
25000,2026-03-16,0.291,80,0.0
25000,2026-03-21,0.314,80,0.0
25000,2026-03-26,0.2944,80,0.0
25000,2026-03-28,0.3154,80,0.0
25000,2026-04-17,0.389,80,0.0
25000,2026-04-20,0.3696,80,0.0
25000,2026-04-25,0.3707,80,0.0
25000,2026-05-05,0.339,80,0.0
25000,2026-05-07,0.3322,80,0.0
25000,2026-06-19,0.3144,80,0.0
25000,2026-06-29,0.3531,80,0.0
25000,2026-07-06,0.264,74,0.075
25000,2026-07-09,0.3305,80,0.0
25000,2026-07-19,0.3298,80,0.0
25000,2026-07-26,0.311,80,0.0
25000,2026-07-29,0.3066,77,0.0375
25000,2026-08-08,0.3143,76,0.05
25000,2026-08-18,0.3269,80,0.0
25000,2026-08-23,0.346,80,0.0
25000,2026-09-04,0.3423,80,0.0
25500,2019-01-07,0.6386,58,0.0
25500,2019-01-17,0.6186,58,0.0
25500,2019-01-27,0.6156,58,0.0
25500,2019-02-01,0.5603,58,0.0
25500,2019-03-23,0.6614,58,0.0
25500,2019-04-02,0.4947,58,0.0
25500,2019-04-22,0.5612,58,0.0
25500,2019-04-27,0.6417,58,0.0
25500,2019-05-02,0.4736,58,0.0
25500,2019-05-22,0.6084,58,0.0
25500,2019-05-27,0.5942,58,0.0
25500,2019-06-11,0.5433,58,0.0
25500,2019-06-16,0.5716,58,0.0
25500,2019-06-26,0.5839,58,0.0
25500,2019-07-06,0.6202,58,0.0
25500,2019-07-11,0.5341,58,0.0
25500,2019-07-21,0.5069,58,0.0
25500,2019-07-26,0.5094,58,0.0
25500,2019-07-31,0.533,58,0.0
25500,2019-08-10,0.5245,58,0.0
25500,2019-08-15,0.5493,58,0.0
25500,2019-08-30,0.5058,58,0.0
25500,2019-09-09,0.497,58,0.0
25500,2019-09-19,0.4065,58,0.0
25500,2019-09-29,0.5029,58,0.0
25500,2019-10-04,0.517,58,0.0
25500,2019-10-14,0.5454,58,0.0
25500,2019-10-19,0.5033,58,0.0
25500,2019-11-03,0.4868,58,0.0
25500,2019-11-13,0.4745,58,0.0
25500,2019-11-23,0.5374,55,0.0517
25500,2019-12-28,0.4745,48,0.1724
25500,2020-01-27,0.6349,58,0.0
25500,2020-02-16,0.6025,58,0.0
25500,2020-03-12,0.6287,58,0.0
25500,2020-03-17,0.5746,58,0.0
25500,2020-03-22,0.6417,58,0.0
25500,2020-03-27,0.5728,56,0.0345
25500,2020-04-06,0.5413,58,0.0
25500,2020-04-16,0.5963,58,0.0
25500,2020-04-21,0.5883,58,0.0
25500,2020-04-26,0.5638,58,0.0
25500,2020-05-11,0.6069,58,0.0
25500,2020-05-16,0.5632,58,0.0
25500,2020-05-21,0.5091,58,0.0
25500,2020-05-26,0.5343,58,0.0
25500,2020-05-31,0.5171,58,0.0
25500,2020-06-20,0.5793,58,0.0
25500,2020-07-10,0.5604,58,0.0
25500,2020-07-20,0.5362,58,0.0
25500,2020-07-25,0.4597,58,0.0
25500,2020-08-04,0.4894,58,0.0
25500,2020-08-09,0.4972,58,0.0
25500,2020-08-24,0.5125,58,0.0
25500,2020-08-29,0.5066,58,0.0
25500,2020-09-03,0.4272,58,0.0
25500,2020-09-08,0.4783,58,0.0
25500,2020-09-13,0.3269,58,0.0
25500,2020-10-13,0.4829,58,0.0
25500,2020-10-18,0.5688,58,0.0
25500,2020-10-23,0.5102,58,0.0
25500,2020-10-28,0.4736,58,0.0
25500,2020-11-07,0.5283,58,0.0
25500,2020-11-22,0.6541,57,0.0172
25500,2020-11-27,0.4935,57,0.0172
25500,2021-02-10,0.5924,53,0.0862
25500,2021-02-15,0.6551,58,0.0
25500,2021-03-02,0.5678,58,0.0
25500,2021-03-12,0.6923,58,0.0
25500,2021-03-22,0.6537,56,0.0345
25500,2021-03-27,0.6146,58,0.0
25500,2021-04-11,0.6027,58,0.0
25500,2021-05-01,0.6119,57,0.0172
25500,2021-05-06,0.6064,58,0.0
25500,2021-05-21,0.5724,58,0.0
25500,2021-05-26,0.5752,58,0.0
25500,2021-06-05,0.5791,58,0.0
25500,2021-06-15,0.5525,58,0.0
25500,2021-07-05,0.3364,50,0.1379
25500,2021-07-10,0.4718,58,0.0
25500,2021-07-20,0.47,58,0.0
25500,2021-07-25,0.4902,58,0.0
25500,2021-07-30,0.4897,58,0.0
25500,2021-08-09,0.4554,58,0.0
25500,2021-08-19,0.4939,58,0.0
25500,2021-08-24,0.412,58,0.0
25500,2021-09-03,0.4554,58,0.0
25500,2021-09-28,0.479,58,0.0
25500,2021-10-13,0.5073,52,0.1034
25500,2021-10-23,0.4979,58,0.0
25500,2021-11-07,0.5531,58,0.0
25500,2021-11-17,0.5683,58,0.0
25500,2021-11-22,0.5885,58,0.0
25500,2021-11-27,0.5094,53,0.0862
25500,2021-12-02,0.5528,58,0.0
25500,2021-12-12,0.3143,55,0.0517
25500,2021-12-22,0.5875,56,0.0345
25500,2022-01-16,0.5755,58,0.0
25500,2022-01-21,0.5563,55,0.0517
25500,2022-01-26,0.5712,58,0.0
25500,2022-02-10,0.6538,58,0.0
25500,2022-02-20,0.6385,50,0.1379
25500,2022-03-02,0.6006,58,0.0
25500,2022-03-07,0.6221,58,0.0
25500,2022-03-17,0.5417,58,0.0
25500,2022-03-22,0.6124,58,0.0
25500,2022-04-06,0.5803,58,0.0
25500,2022-04-16,0.5786,58,0.0
25500,2022-04-21,0.5805,58,0.0
25500,2022-04-26,0.5798,58,0.0
25500,2022-05-01,0.5916,58,0.0
25500,2022-05-11,0.3168,58,0.0
25500,2022-05-21,0.5817,58,0.0
25500,2022-05-26,0.5527,58,0.0
25500,2022-06-05,0.5611,58,0.0
25500,2022-06-15,0.5105,58,0.0
25500,2022-06-30,0.5409,58,0.0
25500,2022-07-05,0.5528,58,0.0
25500,2022-07-15,0.4633,58,0.0
25500,2022-07-20,0.4209,49,0.1552
25500,2022-07-25,0.4908,58,0.0
25500,2022-08-04,0.3585,52,0.1034
25500,2022-08-14,0.4709,58,0.0
25500,2022-08-24,0.4781,58,0.0
25500,2022-09-18,0.4713,58,0.0
25500,2022-09-23,0.4858,58,0.0
25500,2022-10-23,0.5798,58,0.0
25500,2022-11-17,0.5797,58,0.0
25500,2022-11-27,0.6112,58,0.0
25500,2023-01-01,0.4906,55,0.0517
25500,2023-01-16,0.5644,58,0.0
25500,2023-01-26,0.6382,58,0.0
25500,2023-02-10,0.6324,58,0.0
25500,2023-02-20,0.208,58,0.0
25500,2023-03-02,0.6231,49,0.1552
25500,2023-03-17,0.6622,57,0.0172
25500,2023-03-22,0.6487,58,0.0
25500,2023-04-01,0.7154,58,0.0
25500,2023-04-11,0.6734,58,0.0
25500,2023-04-16,0.7219,49,0.1552
25500,2023-04-21,0.6988,57,0.0172
25500,2023-05-01,0.6918,58,0.0
25500,2023-05-16,0.7017,58,0.0
25500,2023-05-21,0.6066,58,0.0
25500,2023-05-26,0.5799,58,0.0
25500,2023-06-05,0.5652,58,0.0
25500,2023-06-10,0.5052,58,0.0
25500,2023-06-20,0.5151,58,0.0
25500,2023-06-25,0.5214,58,0.0
25500,2023-07-05,0.5265,58,0.0
25500,2023-07-15,0.5277,58,0.0
25500,2023-07-25,0.5094,58,0.0
25500,2023-08-04,0.4955,58,0.0
25500,2023-08-24,0.4868,58,0.0
25500,2023-09-03,0.5293,58,0.0
25500,2023-09-08,0.5602,58,0.0
25500,2023-09-13,0.5641,58,0.0
25500,2023-09-18,0.5064,58,0.0
25500,2023-09-23,0.5457,58,0.0
25500,2023-10-23,0.5191,58,0.0
25500,2023-11-07,0.5644,58,0.0
25500,2023-11-12,0.557,58,0.0
25500,2023-12-02,0.6069,58,0.0
25500,2023-12-07,0.5771,58,0.0
25500,2023-12-27,0.5487,58,0.0
25500,2024-01-16,0.5734,58,0.0
25500,2024-02-05,0.5359,58,0.0
25500,2024-02-10,0.5564,58,0.0
25500,2024-03-16,0.5964,58,0.0
25500,2024-03-26,0.5703,58,0.0
25500,2024-03-31,0.5681,58,0.0
25500,2024-04-05,0.542,58,0.0
25500,2024-04-10,0.5759,58,0.0
25500,2024-04-20,0.6347,58,0.0
25500,2024-04-30,0.6037,58,0.0
25500,2024-05-05,0.5723,58,0.0
25500,2024-05-10,0.5621,58,0.0
25500,2024-05-20,0.6346,58,0.0
25500,2024-06-09,0.5916,58,0.0
25500,2024-06-14,0.5499,58,0.0
25500,2024-06-19,0.5242,58,0.0
25500,2024-06-24,0.4606,58,0.0
25500,2024-06-29,0.4387,58,0.0
25500,2024-07-14,0.4243,58,0.0
25500,2024-07-19,0.475,58,0.0
25500,2024-07-24,0.4943,58,0.0
25500,2024-07-29,0.4575,58,0.0
25500,2024-08-03,0.4706,58,0.0
25500,2024-08-08,0.4666,58,0.0
25500,2024-08-18,0.5177,58,0.0
25500,2024-08-23,0.4826,58,0.0
25500,2024-08-28,0.4345,58,0.0
25500,2024-09-02,0.3735,58,0.0
25500,2024-09-07,0.4398,58,0.0
25500,2024-09-12,0.4198,58,0.0
25500,2024-09-22,0.4775,58,0.0
25500,2024-10-02,0.4242,58,0.0
25500,2024-10-07,0.468,58,0.0
25500,2024-10-17,0.4576,58,0.0
25500,2024-10-22,0.4507,58,0.0
25500,2024-11-11,0.5802,58,0.0
25500,2024-11-26,0.5418,58,0.0
25500,2024-12-16,0.6392,58,0.0
25500,2024-12-31,0.6509,58,0.0
25500,2025-01-05,0.7328,49,0.1552
25500,2025-01-15,0.6152,58,0.0
25500,2025-01-20,0.5544,47,0.1897
25500,2025-02-09,0.5982,58,0.0
25500,2025-02-14,0.6655,51,0.1207
25500,2025-02-24,0.6072,58,0.0
25500,2025-03-01,0.6539,58,0.0
25500,2025-03-31,0.6114,58,0.0
25500,2025-04-12,0.6385,58,0.0
25500,2025-04-15,0.6228,54,0.069
25500,2025-05-02,0.412,50,0.1379
25500,2025-05-05,0.5985,58,0.0
25500,2025-05-15,0.6267,58,0.0
25500,2025-05-20,0.6075,58,0.0
25500,2025-05-25,0.6353,58,0.0
25500,2025-05-30,0.6309,58,0.0
25500,2025-06-04,0.6393,58,0.0
25500,2025-06-19,0.5305,58,0.0
25500,2025-07-14,0.5216,58,0.0
25500,2025-07-21,0.4854,58,0.0
25500,2025-07-29,0.5249,58,0.0
25500,2025-08-13,0.5041,58,0.0
25500,2025-08-30,0.4942,58,0.0
25500,2025-09-02,0.4833,58,0.0
25500,2025-09-27,0.4275,58,0.0
25500,2025-10-22,0.5379,58,0.0
25500,2025-10-29,0.4385,58,0.0
25500,2025-11-01,0.5359,58,0.0
25500,2025-11-11,0.5858,58,0.0
25500,2025-11-21,0.5754,58,0.0
25500,2025-11-26,0.5756,55,0.0517
25500,2025-12-01,0.5761,58,0.0
25500,2025-12-06,0.5461,53,0.0862
25500,2025-12-11,0.6341,58,0.0
25500,2025-12-21,0.6191,58,0.0
25500,2025-12-28,0.5705,58,0.0
25500,2026-01-10,0.6692,58,0.0
25500,2026-01-20,0.653,48,0.1724
25500,2026-01-25,0.6116,47,0.1897
25500,2026-02-19,0.6729,52,0.1034
25500,2026-03-16,0.6826,58,0.0
25500,2026-03-21,0.6939,58,0.0
25500,2026-03-26,0.6678,58,0.0
25500,2026-03-28,0.7092,58,0.0
25500,2026-04-17,0.5716,58,0.0
25500,2026-04-20,0.6307,58,0.0
25500,2026-04-25,0.5224,58,0.0
25500,2026-05-05,0.6072,58,0.0
25500,2026-05-07,0.6152,58,0.0
25500,2026-06-19,0.6155,58,0.0
25500,2026-06-29,0.5811,58,0.0
25500,2026-07-06,0.5395,56,0.0345
25500,2026-07-09,0.5488,58,0.0
25500,2026-07-19,0.5638,58,0.0
25500,2026-07-26,0.5341,58,0.0
25500,2026-07-29,0.5099,58,0.0
25500,2026-08-08,0.3327,52,0.1034
25500,2026-08-18,0.5448,58,0.0
25500,2026-08-23,0.5528,58,0.0
25500,2026-09-04,0.5182,58,0.0
26000,2019-01-07,0.6159,124,0.0
26000,2019-01-17,0.5729,124,0.0
26000,2019-01-27,0.6433,124,0.0
26000,2019-02-01,0.6464,124,0.0
26000,2019-02-11,0.5959,106,0.1452
26000,2019-02-21,0.4351,111,0.1048
26000,2019-03-03,0.3546,108,0.129
26000,2019-03-23,0.6774,124,0.0
26000,2019-04-02,0.6659,124,0.0
26000,2019-04-22,0.6459,124,0.0
26000,2019-04-27,0.5959,124,0.0
26000,2019-05-02,0.584,124,0.0
26000,2019-05-12,0.5748,124,0.0
26000,2019-05-22,0.5777,124,0.0
26000,2019-05-27,0.574,124,0.0
26000,2019-06-11,0.5756,124,0.0
26000,2019-06-16,0.56,124,0.0
26000,2019-06-26,0.5762,124,0.0
26000,2019-07-06,0.5644,124,0.0
26000,2019-07-11,0.5209,124,0.0
26000,2019-07-21,0.4897,124,0.0
26000,2019-07-26,0.514,124,0.0
26000,2019-07-31,0.5215,124,0.0
26000,2019-08-10,0.4633,124,0.0
26000,2019-08-15,0.4929,124,0.0
26000,2019-08-30,0.4545,124,0.0
26000,2019-09-09,0.4787,124,0.0
26000,2019-09-19,0.3895,124,0.0
26000,2019-09-29,0.4939,124,0.0
26000,2019-10-04,0.4509,124,0.0
26000,2019-10-14,0.4779,124,0.0
26000,2019-10-19,0.459,124,0.0
26000,2019-11-03,0.4428,124,0.0
26000,2019-11-13,0.5214,124,0.0
26000,2019-11-23,0.431,119,0.0403
26000,2020-01-27,0.6394,124,0.0
26000,2020-02-16,0.5987,124,0.0
26000,2020-03-12,0.5347,124,0.0
26000,2020-03-17,0.6232,124,0.0
26000,2020-03-22,0.6399,124,0.0
26000,2020-03-27,0.5803,124,0.0
26000,2020-04-06,0.6175,124,0.0
26000,2020-04-16,0.6099,124,0.0
26000,2020-04-21,0.6152,124,0.0
26000,2020-04-26,0.5778,124,0.0
26000,2020-05-11,0.5837,124,0.0
26000,2020-05-16,0.5493,124,0.0
26000,2020-05-21,0.5107,124,0.0
26000,2020-05-26,0.5175,124,0.0
26000,2020-05-31,0.4861,124,0.0
26000,2020-06-20,0.5411,124,0.0
26000,2020-07-10,0.5138,124,0.0
26000,2020-07-20,0.5101,124,0.0
26000,2020-07-25,0.424,124,0.0
26000,2020-08-04,0.448,124,0.0
26000,2020-08-09,0.4085,124,0.0
26000,2020-08-19,0.3884,124,0.0
26000,2020-08-24,0.428,124,0.0
26000,2020-08-29,0.4119,124,0.0
26000,2020-09-03,0.3887,124,0.0
26000,2020-09-08,0.3538,124,0.0
26000,2020-09-13,0.3646,124,0.0
26000,2020-10-13,0.4514,124,0.0
26000,2020-10-18,0.4121,124,0.0
26000,2020-10-23,0.4744,124,0.0
26000,2020-10-28,0.479,124,0.0
26000,2020-11-07,0.4494,124,0.0
26000,2020-11-22,0.5129,113,0.0887
26000,2020-11-27,0.4744,124,0.0
26000,2021-02-10,0.6145,124,0.0
26000,2021-02-15,0.654,124,0.0
26000,2021-03-02,0.4743,124,0.0
26000,2021-03-12,0.6026,124,0.0
26000,2021-03-22,0.6226,124,0.0
26000,2021-03-27,0.6427,124,0.0
26000,2021-04-11,0.6361,124,0.0
26000,2021-05-01,0.5753,124,0.0
26000,2021-05-06,0.5833,124,0.0
26000,2021-05-21,0.5876,124,0.0
26000,2021-05-26,0.5994,124,0.0
26000,2021-06-05,0.5877,124,0.0
26000,2021-06-15,0.5482,124,0.0
26000,2021-07-10,0.4992,124,0.0
26000,2021-07-20,0.4598,124,0.0
26000,2021-07-25,0.459,124,0.0
26000,2021-07-30,0.4516,124,0.0
26000,2021-08-09,0.3919,124,0.0
26000,2021-08-19,0.3503,124,0.0
26000,2021-08-24,0.3543,124,0.0
26000,2021-09-03,0.378,124,0.0
26000,2021-09-08,0.2505,102,0.1774
26000,2021-09-28,0.4353,124,0.0
26000,2021-10-08,0.4281,123,0.0081
26000,2021-10-13,0.4701,111,0.1048
26000,2021-10-23,0.4477,124,0.0
26000,2021-11-07,0.5295,124,0.0
26000,2021-11-17,0.5288,124,0.0
26000,2021-11-22,0.5636,124,0.0
26000,2021-12-02,0.5242,124,0.0
26000,2021-12-12,0.2808,107,0.1371
26000,2021-12-22,0.4514,124,0.0
26000,2022-01-16,0.6308,124,0.0
26000,2022-01-21,0.564,124,0.0
26000,2022-01-26,0.4894,124,0.0
26000,2022-02-10,0.6071,124,0.0
26000,2022-03-02,0.5726,124,0.0
26000,2022-03-07,0.5942,124,0.0
26000,2022-03-17,0.6264,124,0.0
26000,2022-03-22,0.6666,124,0.0
26000,2022-04-06,0.64,124,0.0
26000,2022-04-16,0.6498,124,0.0
26000,2022-04-21,0.6037,124,0.0
26000,2022-04-26,0.6148,124,0.0
26000,2022-05-01,0.5994,124,0.0
26000,2022-05-11,0.4267,124,0.0
26000,2022-05-21,0.4855,124,0.0
26000,2022-05-26,0.4481,124,0.0
26000,2022-06-05,0.4842,124,0.0
26000,2022-06-15,0.4856,124,0.0
26000,2022-06-30,0.5014,124,0.0
26000,2022-07-05,0.5098,124,0.0
26000,2022-07-15,0.4629,124,0.0
26000,2022-07-20,0.4193,114,0.0806
26000,2022-07-25,0.4433,124,0.0
26000,2022-08-04,0.3888,124,0.0
26000,2022-08-14,0.4859,124,0.0
26000,2022-08-24,0.4046,124,0.0
26000,2022-09-18,0.4744,124,0.0
26000,2022-09-23,0.4946,124,0.0
26000,2022-10-23,0.553,124,0.0
26000,2022-11-17,0.5341,124,0.0
26000,2022-11-27,0.588,124,0.0
26000,2023-01-01,0.3264,124,0.0
26000,2023-01-16,0.4655,124,0.0
26000,2023-01-26,0.5646,124,0.0
26000,2023-02-10,0.6237,124,0.0
26000,2023-02-20,0.5422,124,0.0
26000,2023-03-17,0.5475,124,0.0
26000,2023-03-22,0.611,124,0.0
26000,2023-04-01,0.7008,124,0.0
26000,2023-04-11,0.6974,124,0.0
26000,2023-04-21,0.7047,124,0.0
26000,2023-05-01,0.7081,124,0.0
26000,2023-05-11,0.6851,109,0.121
26000,2023-05-16,0.6902,124,0.0
26000,2023-05-21,0.6428,124,0.0
26000,2023-05-26,0.6074,124,0.0
26000,2023-06-05,0.5993,124,0.0
26000,2023-06-10,0.5608,124,0.0
26000,2023-06-20,0.5092,124,0.0
26000,2023-06-25,0.4838,124,0.0
26000,2023-07-05,0.5005,124,0.0
26000,2023-07-15,0.529,124,0.0
26000,2023-07-25,0.5061,124,0.0
26000,2023-08-04,0.4552,124,0.0
26000,2023-08-24,0.3693,124,0.0
26000,2023-08-29,0.4202,124,0.0
26000,2023-09-03,0.4638,124,0.0
26000,2023-09-08,0.4965,124,0.0
26000,2023-09-13,0.5058,124,0.0
26000,2023-09-18,0.5018,124,0.0
26000,2023-09-23,0.5138,124,0.0
26000,2023-10-23,0.4476,124,0.0
26000,2023-11-07,0.5253,124,0.0
26000,2023-11-12,0.5065,124,0.0
26000,2023-12-02,0.6184,124,0.0
26000,2023-12-07,0.5598,124,0.0
26000,2023-12-27,0.5339,124,0.0
26000,2024-01-11,0.4982,102,0.1774
26000,2024-01-16,0.5008,124,0.0
26000,2024-02-05,0.5923,124,0.0
26000,2024-02-10,0.58,124,0.0
26000,2024-03-11,0.6773,124,0.0
26000,2024-03-16,0.65,124,0.0
26000,2024-03-26,0.6276,124,0.0
26000,2024-03-31,0.6544,124,0.0
26000,2024-04-05,0.6624,124,0.0
26000,2024-04-10,0.6774,124,0.0
26000,2024-04-20,0.6352,124,0.0
26000,2024-04-30,0.5692,124,0.0
26000,2024-05-05,0.588,124,0.0
26000,2024-05-10,0.5307,124,0.0
26000,2024-05-20,0.5654,124,0.0
26000,2024-06-09,0.5141,124,0.0
26000,2024-06-14,0.5204,124,0.0
26000,2024-06-19,0.4897,124,0.0
26000,2024-06-24,0.4172,124,0.0
26000,2024-06-29,0.3078,124,0.0
26000,2024-07-14,0.3384,124,0.0
26000,2024-07-19,0.3765,124,0.0
26000,2024-07-24,0.3898,124,0.0
26000,2024-07-29,0.3801,124,0.0
26000,2024-08-03,0.433,124,0.0
26000,2024-08-08,0.3996,124,0.0
26000,2024-08-18,0.4515,124,0.0
26000,2024-08-23,0.381,124,0.0
26000,2024-08-28,0.4053,124,0.0
26000,2024-09-02,0.3615,124,0.0
26000,2024-09-07,0.3815,124,0.0
26000,2024-09-12,0.3771,124,0.0
26000,2024-09-22,0.4356,124,0.0
26000,2024-10-02,0.3961,124,0.0
26000,2024-10-07,0.3688,124,0.0
26000,2024-10-17,0.4014,124,0.0
26000,2024-10-22,0.4429,124,0.0
26000,2024-11-11,0.4938,124,0.0
26000,2024-11-26,0.5056,124,0.0
26000,2024-12-16,0.5876,124,0.0
26000,2024-12-31,0.6529,124,0.0
26000,2025-01-05,0.6969,116,0.0645
26000,2025-01-10,0.5805,124,0.0
26000,2025-01-15,0.4958,124,0.0
26000,2025-01-20,0.5835,114,0.0806
26000,2025-02-09,0.6185,124,0.0
26000,2025-02-24,0.6349,124,0.0
26000,2025-03-01,0.6549,124,0.0
26000,2025-03-31,0.5451,124,0.0
26000,2025-04-12,0.6497,124,0.0
26000,2025-04-15,0.6626,112,0.0968
26000,2025-05-02,0.5283,102,0.1774
26000,2025-05-05,0.6394,124,0.0
26000,2025-05-15,0.6399,124,0.0
26000,2025-05-20,0.623,124,0.0
26000,2025-05-25,0.6615,124,0.0
26000,2025-05-30,0.6587,124,0.0
26000,2025-06-04,0.6259,124,0.0
26000,2025-06-19,0.5795,124,0.0
26000,2025-07-14,0.4934,124,0.0
26000,2025-07-21,0.4799,124,0.0
26000,2025-07-29,0.4625,124,0.0
26000,2025-08-13,0.4317,124,0.0
26000,2025-08-30,0.4043,124,0.0
26000,2025-09-02,0.3967,124,0.0
26000,2025-09-27,0.3066,124,0.0
26000,2025-10-17,0.4202,109,0.121
26000,2025-10-22,0.4824,124,0.0
26000,2025-10-29,0.4858,124,0.0
26000,2025-11-01,0.5094,124,0.0
26000,2025-11-11,0.4664,124,0.0
26000,2025-11-21,0.5335,124,0.0
26000,2025-12-01,0.5488,124,0.0
26000,2025-12-11,0.597,124,0.0
26000,2025-12-21,0.557,124,0.0
26000,2025-12-28,0.6003,124,0.0
26000,2026-01-10,0.658,124,0.0
26000,2026-03-16,0.6219,124,0.0
26000,2026-03-21,0.6374,124,0.0
26000,2026-03-26,0.6351,124,0.0
26000,2026-03-28,0.6735,124,0.0
26000,2026-04-17,0.6342,124,0.0
26000,2026-04-20,0.646,124,0.0
26000,2026-04-25,0.5827,124,0.0
26000,2026-05-05,0.6298,124,0.0
26000,2026-05-07,0.6433,124,0.0
26000,2026-06-19,0.6189,124,0.0
26000,2026-06-29,0.6155,124,0.0
26000,2026-07-09,0.5213,124,0.0
26000,2026-07-19,0.5252,124,0.0
26000,2026-07-26,0.516,124,0.0
26000,2026-07-29,0.4937,124,0.0
26000,2026-08-18,0.417,124,0.0
26000,2026-08-23,0.4121,124,0.0
26000,2026-09-02,0.5137,124,0.0
26000,2026-09-04,0.4825,124,0.0
26500,2019-01-07,0.4856,240,0.0
26500,2019-01-17,0.4951,240,0.0
26500,2019-01-27,0.4851,240,0.0
26500,2019-02-01,0.5027,240,0.0
26500,2019-02-11,0.5366,217,0.0958
26500,2019-03-23,0.5073,240,0.0
26500,2019-04-02,0.4201,240,0.0
26500,2019-04-22,0.4635,240,0.0
26500,2019-04-27,0.535,240,0.0
26500,2019-05-02,0.4087,240,0.0
26500,2019-05-22,0.4324,240,0.0
26500,2019-05-27,0.4031,240,0.0
26500,2019-06-11,0.4437,240,0.0
26500,2019-06-16,0.4193,240,0.0
26500,2019-06-26,0.4584,240,0.0
26500,2019-07-06,0.4714,240,0.0
26500,2019-07-11,0.42,240,0.0
26500,2019-07-21,0.3937,240,0.0
26500,2019-07-26,0.4071,240,0.0
26500,2019-07-31,0.4315,240,0.0
26500,2019-08-10,0.4079,240,0.0
26500,2019-08-15,0.4347,240,0.0
26500,2019-08-30,0.4086,240,0.0
26500,2019-09-09,0.408,240,0.0
26500,2019-09-19,0.2919,240,0.0
26500,2019-09-29,0.3497,240,0.0
26500,2019-10-04,0.3532,240,0.0
26500,2019-10-14,0.3772,240,0.0
26500,2019-10-19,0.3579,240,0.0
26500,2019-11-03,0.3064,240,0.0
26500,2019-11-13,0.3957,240,0.0
26500,2020-01-27,0.3732,240,0.0
26500,2020-02-16,0.479,240,0.0
26500,2020-03-12,0.4231,240,0.0
26500,2020-03-17,0.5065,240,0.0
26500,2020-03-22,0.3582,234,0.025
26500,2020-03-27,0.3611,205,0.1458
26500,2020-04-06,0.4244,240,0.0
26500,2020-04-16,0.4662,240,0.0
26500,2020-04-21,0.4662,240,0.0
26500,2020-04-26,0.4898,240,0.0
26500,2020-05-11,0.4878,240,0.0
26500,2020-05-16,0.4695,240,0.0
26500,2020-05-21,0.4158,240,0.0
26500,2020-05-26,0.4118,240,0.0
26500,2020-05-31,0.3774,240,0.0
26500,2020-06-20,0.463,240,0.0
26500,2020-07-10,0.4339,240,0.0
26500,2020-07-20,0.4395,240,0.0
26500,2020-07-25,0.3425,240,0.0
26500,2020-08-04,0.3623,240,0.0
26500,2020-08-09,0.3581,240,0.0
26500,2020-08-19,0.3456,232,0.0333
26500,2020-08-24,0.3644,240,0.0
26500,2020-08-29,0.3568,240,0.0
26500,2020-09-03,0.3227,240,0.0
26500,2020-09-08,0.3307,240,0.0
26500,2020-09-13,0.2796,240,0.0
26500,2020-10-13,0.3889,240,0.0
26500,2020-10-18,0.3409,240,0.0
26500,2020-10-23,0.4396,240,0.0
26500,2020-10-28,0.4435,240,0.0
26500,2020-11-07,0.3272,240,0.0
26500,2020-11-22,0.3095,209,0.1292
26500,2020-11-27,0.4046,240,0.0
26500,2021-01-16,0.4939,198,0.175
26500,2021-02-10,0.5374,227,0.0542
26500,2021-02-15,0.5494,240,0.0
26500,2021-03-12,0.4241,240,0.0
26500,2021-03-22,0.5291,240,0.0
26500,2021-03-27,0.5371,240,0.0
26500,2021-04-11,0.4895,240,0.0
26500,2021-05-01,0.427,240,0.0
26500,2021-05-06,0.4272,240,0.0
26500,2021-05-21,0.4755,240,0.0
26500,2021-05-26,0.486,240,0.0
26500,2021-06-05,0.4793,240,0.0
26500,2021-06-15,0.4726,240,0.0
26500,2021-07-10,0.4241,240,0.0
26500,2021-07-20,0.4274,240,0.0
26500,2021-07-25,0.4075,240,0.0
26500,2021-07-30,0.3812,240,0.0
26500,2021-08-09,0.3113,240,0.0
26500,2021-08-19,0.2445,240,0.0
26500,2021-08-24,0.2796,240,0.0
26500,2021-09-03,0.3255,240,0.0
26500,2021-09-28,0.3257,240,0.0
26500,2021-10-23,0.3213,240,0.0
26500,2021-11-07,0.4433,240,0.0
26500,2021-11-17,0.4355,240,0.0
26500,2021-11-22,0.4713,240,0.0
26500,2021-11-27,0.4325,205,0.1458
26500,2021-12-02,0.4566,216,0.1
26500,2021-12-12,0.2978,225,0.0625
26500,2022-01-16,0.4478,240,0.0
26500,2022-01-21,0.494,230,0.0417
26500,2022-01-26,0.4627,240,0.0
26500,2022-02-10,0.492,240,0.0
26500,2022-03-02,0.4502,240,0.0
26500,2022-03-07,0.4991,240,0.0
26500,2022-03-17,0.4913,238,0.0083
26500,2022-03-22,0.5289,240,0.0
26500,2022-04-06,0.3417,214,0.1083
26500,2022-04-11,0.3845,207,0.1375
26500,2022-04-16,0.4231,240,0.0
26500,2022-04-21,0.3998,240,0.0
26500,2022-04-26,0.4264,240,0.0
26500,2022-05-01,0.4625,240,0.0
26500,2022-05-11,0.3458,193,0.1958
26500,2022-05-21,0.4244,240,0.0
26500,2022-05-26,0.4046,240,0.0
26500,2022-06-05,0.4086,240,0.0
26500,2022-06-15,0.4058,240,0.0
26500,2022-06-30,0.4356,240,0.0
26500,2022-07-05,0.435,240,0.0
26500,2022-07-15,0.2945,240,0.0
26500,2022-07-25,0.311,240,0.0
26500,2022-08-04,0.263,222,0.075
26500,2022-08-14,0.3267,240,0.0
26500,2022-08-24,0.3191,240,0.0
26500,2022-09-18,0.3817,240,0.0
26500,2022-09-23,0.359,211,0.1208
26500,2022-10-23,0.4671,240,0.0
26500,2022-11-17,0.4124,240,0.0
26500,2022-11-27,0.3757,240,0.0
26500,2023-01-16,0.4436,240,0.0
26500,2023-01-26,0.4544,240,0.0
26500,2023-02-10,0.4694,240,0.0
26500,2023-02-20,0.4557,240,0.0
26500,2023-03-17,0.4504,240,0.0
26500,2023-03-22,0.4931,240,0.0
26500,2023-04-01,0.4235,240,0.0
26500,2023-04-11,0.4752,240,0.0
26500,2023-04-16,0.5565,206,0.1417
26500,2023-04-21,0.5055,206,0.1417
26500,2023-05-01,0.5369,240,0.0
26500,2023-05-16,0.5461,240,0.0
26500,2023-05-21,0.494,240,0.0
26500,2023-05-26,0.4598,240,0.0
26500,2023-06-05,0.3147,240,0.0
26500,2023-06-10,0.2834,240,0.0
26500,2023-06-20,0.3766,240,0.0
26500,2023-06-25,0.3846,240,0.0
26500,2023-07-05,0.4365,240,0.0
26500,2023-07-15,0.4587,240,0.0
26500,2023-07-25,0.4562,240,0.0
26500,2023-08-04,0.4393,240,0.0
26500,2023-08-24,0.2476,240,0.0
26500,2023-09-03,0.2985,240,0.0
26500,2023-09-08,0.3733,240,0.0
26500,2023-09-13,0.4157,240,0.0
26500,2023-09-18,0.3925,240,0.0
26500,2023-09-23,0.4168,240,0.0
26500,2023-10-23,0.3605,240,0.0
26500,2023-11-07,0.487,240,0.0
26500,2023-11-12,0.4473,240,0.0
26500,2023-12-02,0.5253,240,0.0
26500,2023-12-07,0.4702,240,0.0
26500,2023-12-27,0.3881,240,0.0
26500,2024-01-16,0.3464,240,0.0
26500,2024-02-05,0.4701,240,0.0
26500,2024-02-10,0.4673,240,0.0
26500,2024-03-11,0.5888,222,0.075
26500,2024-03-16,0.5146,240,0.0
26500,2024-03-26,0.5131,240,0.0
26500,2024-03-31,0.4331,240,0.0
26500,2024-04-05,0.3763,240,0.0
26500,2024-04-10,0.4012,240,0.0
26500,2024-04-20,0.4822,240,0.0
26500,2024-04-30,0.4981,240,0.0
26500,2024-05-05,0.3458,240,0.0
26500,2024-05-10,0.3342,240,0.0
26500,2024-05-20,0.3773,240,0.0
26500,2024-06-09,0.4563,240,0.0
26500,2024-06-14,0.3544,240,0.0
26500,2024-06-19,0.3409,240,0.0
26500,2024-06-24,0.3264,240,0.0
26500,2024-06-29,0.3216,240,0.0
26500,2024-07-14,0.3304,240,0.0
26500,2024-07-19,0.3654,240,0.0
26500,2024-07-24,0.369,240,0.0
26500,2024-07-29,0.3534,240,0.0
26500,2024-08-03,0.4,240,0.0
26500,2024-08-08,0.3622,240,0.0
26500,2024-08-18,0.3069,240,0.0
26500,2024-08-23,0.3179,240,0.0
26500,2024-08-28,0.3495,240,0.0
26500,2024-09-02,0.2907,240,0.0
26500,2024-09-07,0.3067,240,0.0
26500,2024-09-12,0.3296,240,0.0
26500,2024-09-22,0.3852,240,0.0
26500,2024-10-02,0.3227,240,0.0
26500,2024-10-07,0.3501,240,0.0
26500,2024-10-17,0.3733,240,0.0
26500,2024-10-22,0.3458,240,0.0
26500,2024-11-11,0.3497,240,0.0
26500,2024-11-26,0.4393,240,0.0
26500,2024-12-16,0.3851,240,0.0
26500,2024-12-31,0.5145,240,0.0
26500,2025-01-15,0.2914,240,0.0
26500,2025-02-09,0.4557,240,0.0
26500,2025-02-24,0.4349,240,0.0
26500,2025-03-01,0.3451,240,0.0
26500,2025-03-31,0.4788,240,0.0
26500,2025-04-12,0.5075,240,0.0
26500,2025-05-05,0.3967,240,0.0
26500,2025-05-15,0.4594,240,0.0
26500,2025-05-20,0.4803,240,0.0
26500,2025-05-25,0.5259,240,0.0
26500,2025-05-30,0.5567,240,0.0
26500,2025-06-04,0.5439,240,0.0
26500,2025-06-19,0.5068,240,0.0
26500,2025-07-14,0.3569,240,0.0
26500,2025-07-21,0.3493,240,0.0
26500,2025-07-29,0.4162,240,0.0
26500,2025-08-13,0.3415,240,0.0
26500,2025-08-30,0.3495,240,0.0
26500,2025-09-02,0.3415,240,0.0
26500,2025-09-27,0.3543,240,0.0
26500,2025-10-17,0.4122,213,0.1125
26500,2025-10-22,0.3651,240,0.0
26500,2025-11-01,0.4042,219,0.0875
26500,2025-11-11,0.4515,240,0.0
26500,2025-11-21,0.4544,240,0.0
26500,2025-11-26,0.4862,222,0.075
26500,2025-12-01,0.3428,240,0.0
26500,2025-12-06,0.3892,217,0.0958
26500,2025-12-11,0.4717,240,0.0
26500,2025-12-21,0.44,240,0.0
26500,2025-12-28,0.433,240,0.0
26500,2026-01-10,0.5095,240,0.0
26500,2026-01-20,0.5449,213,0.1125
26500,2026-03-16,0.5216,240,0.0
26500,2026-03-21,0.5485,240,0.0
26500,2026-03-28,0.4345,240,0.0
26500,2026-04-05,0.6154,201,0.1625
26500,2026-04-17,0.5302,240,0.0
26500,2026-04-20,0.5519,240,0.0
26500,2026-04-25,0.4832,240,0.0
26500,2026-05-05,0.4031,240,0.0
26500,2026-05-07,0.4212,240,0.0
26500,2026-06-19,0.5103,240,0.0
26500,2026-06-29,0.4913,240,0.0
26500,2026-07-06,0.4627,233,0.0292
26500,2026-07-09,0.4589,240,0.0
26500,2026-07-19,0.3684,240,0.0
26500,2026-07-26,0.2908,240,0.0
26500,2026-07-29,0.2836,240,0.0
26500,2026-08-08,0.3078,225,0.0625
26500,2026-08-18,0.3761,240,0.0
26500,2026-08-23,0.385,240,0.0
26500,2026-09-02,0.4324,224,0.0667
26500,2026-09-04,0.3765,240,0.0
27000,2019-01-07,0.6385,223,0.0
27000,2019-01-12,0.5101,182,0.1839
27000,2019-01-17,0.5688,223,0.0
27000,2019-01-27,0.6499,223,0.0
27000,2019-02-01,0.6074,223,0.0
27000,2019-02-11,0.5801,222,0.0045
27000,2019-03-23,0.7012,223,0.0
27000,2019-04-02,0.5927,223,0.0
27000,2019-04-22,0.5839,223,0.0
27000,2019-04-27,0.6546,223,0.0
27000,2019-05-02,0.5293,223,0.0
27000,2019-05-22,0.6935,223,0.0
27000,2019-05-27,0.6942,223,0.0
27000,2019-06-11,0.6263,223,0.0
27000,2019-06-16,0.6149,223,0.0
27000,2019-06-26,0.6313,223,0.0
27000,2019-07-06,0.6554,223,0.0
27000,2019-07-11,0.6075,223,0.0
27000,2019-07-21,0.5501,223,0.0
27000,2019-07-26,0.5447,223,0.0
27000,2019-07-31,0.5606,223,0.0
27000,2019-08-10,0.5405,223,0.0
27000,2019-08-15,0.5453,223,0.0
27000,2019-08-30,0.5058,223,0.0
27000,2019-09-09,0.4973,223,0.0
27000,2019-09-19,0.3855,223,0.0
27000,2019-09-29,0.4476,223,0.0
27000,2019-10-04,0.4401,223,0.0
27000,2019-10-14,0.4002,223,0.0
27000,2019-10-19,0.3808,223,0.0
27000,2019-11-13,0.4672,223,0.0
27000,2019-12-08,0.5242,206,0.0762
27000,2020-01-27,0.592,223,0.0
27000,2020-02-16,0.6395,223,0.0
27000,2020-03-12,0.6346,223,0.0
27000,2020-03-17,0.6309,223,0.0
27000,2020-03-22,0.6579,223,0.0
27000,2020-04-06,0.6422,223,0.0
27000,2020-04-16,0.634,223,0.0
27000,2020-04-21,0.5948,223,0.0
27000,2020-04-26,0.5957,223,0.0
27000,2020-05-01,0.478,220,0.0135
27000,2020-05-11,0.6223,223,0.0
27000,2020-05-16,0.6115,223,0.0
27000,2020-05-21,0.5562,223,0.0
27000,2020-05-26,0.5641,223,0.0
27000,2020-05-31,0.5401,223,0.0
27000,2020-06-20,0.5651,223,0.0
27000,2020-07-10,0.5335,223,0.0
27000,2020-07-20,0.5374,223,0.0
27000,2020-07-25,0.491,223,0.0
27000,2020-08-04,0.5017,223,0.0
27000,2020-08-09,0.4825,223,0.0
27000,2020-08-19,0.4509,203,0.0897
27000,2020-08-24,0.4949,223,0.0
27000,2020-08-29,0.4707,223,0.0
27000,2020-09-03,0.4514,223,0.0
27000,2020-09-08,0.4556,223,0.0
27000,2020-09-13,0.3727,223,0.0
27000,2020-10-13,0.4621,223,0.0
27000,2020-10-18,0.4551,223,0.0
27000,2020-10-23,0.451,223,0.0
27000,2020-10-28,0.4862,223,0.0
27000,2020-11-07,0.4932,223,0.0
27000,2020-11-22,0.4979,219,0.0179
27000,2020-11-27,0.5483,223,0.0
27000,2021-01-16,0.6705,223,0.0
27000,2021-02-10,0.6618,223,0.0
27000,2021-02-15,0.6857,223,0.0
27000,2021-03-12,0.6305,223,0.0
27000,2021-03-22,0.6557,223,0.0
27000,2021-03-27,0.6457,223,0.0
27000,2021-04-01,0.6383,216,0.0314
27000,2021-04-11,0.6596,223,0.0
27000,2021-04-26,0.6026,222,0.0045
27000,2021-05-01,0.6081,223,0.0
27000,2021-05-06,0.6123,223,0.0
27000,2021-05-21,0.6149,223,0.0
27000,2021-05-26,0.6267,223,0.0
27000,2021-06-05,0.6186,223,0.0
27000,2021-06-15,0.6003,223,0.0
27000,2021-07-10,0.5248,223,0.0
27000,2021-07-20,0.5142,223,0.0
27000,2021-07-25,0.4861,223,0.0
27000,2021-07-30,0.482,223,0.0
27000,2021-08-09,0.4319,223,0.0
27000,2021-08-19,0.4197,223,0.0
27000,2021-08-24,0.3925,223,0.0
27000,2021-09-03,0.3788,223,0.0
27000,2021-09-28,0.4151,223,0.0
27000,2021-10-23,0.4941,223,0.0
27000,2021-11-07,0.5371,223,0.0
27000,2021-11-17,0.5416,223,0.0
27000,2021-11-22,0.5922,223,0.0
27000,2021-11-27,0.5796,220,0.0135
27000,2021-12-12,0.4203,222,0.0045
27000,2022-01-16,0.6339,223,0.0
27000,2022-01-21,0.6504,222,0.0045
27000,2022-01-26,0.6147,223,0.0
27000,2022-02-10,0.6508,223,0.0
27000,2022-02-15,0.5923,211,0.0538
27000,2022-03-02,0.6073,223,0.0
27000,2022-03-07,0.6426,223,0.0
27000,2022-03-17,0.6155,222,0.0045
27000,2022-03-22,0.6472,223,0.0
27000,2022-04-06,0.5714,187,0.1614
27000,2022-04-11,0.6388,223,0.0
27000,2022-04-16,0.6396,220,0.0135
27000,2022-04-21,0.6418,223,0.0
27000,2022-04-26,0.6544,223,0.0
27000,2022-05-01,0.6425,223,0.0
27000,2022-05-21,0.6043,223,0.0
27000,2022-05-26,0.5952,223,0.0
27000,2022-06-05,0.596,223,0.0
27000,2022-06-15,0.5631,223,0.0
27000,2022-06-30,0.5688,223,0.0
27000,2022-07-05,0.5605,223,0.0
27000,2022-07-10,0.5338,223,0.0
27000,2022-07-15,0.4932,223,0.0
27000,2022-07-25,0.4866,223,0.0
27000,2022-08-04,0.4005,221,0.009
27000,2022-08-14,0.4745,223,0.0
27000,2022-08-24,0.436,223,0.0
27000,2022-09-18,0.4514,223,0.0
27000,2022-09-23,0.4393,182,0.1839
27000,2022-10-23,0.5176,223,0.0
27000,2022-11-17,0.5486,223,0.0
27000,2022-11-27,0.6003,223,0.0
27000,2023-01-16,0.4197,223,0.0
27000,2023-01-26,0.5294,223,0.0
27000,2023-01-31,0.3818,202,0.0942
27000,2023-02-10,0.5919,223,0.0
27000,2023-02-20,0.4968,223,0.0
27000,2023-03-17,0.61,223,0.0
27000,2023-03-22,0.6274,223,0.0
27000,2023-04-01,0.6772,223,0.0
27000,2023-04-11,0.6733,223,0.0
27000,2023-04-16,0.7092,221,0.009
27000,2023-04-21,0.6665,180,0.1928
27000,2023-05-01,0.7008,223,0.0
27000,2023-05-16,0.6972,223,0.0
27000,2023-05-21,0.6664,223,0.0
27000,2023-05-26,0.6353,223,0.0
27000,2023-06-05,0.6392,223,0.0
27000,2023-06-10,0.6199,223,0.0
27000,2023-06-20,0.5875,223,0.0
27000,2023-06-25,0.5835,223,0.0
27000,2023-07-05,0.5681,223,0.0
27000,2023-07-15,0.5529,223,0.0
27000,2023-07-25,0.526,223,0.0
27000,2023-08-04,0.521,223,0.0
27000,2023-08-24,0.3961,223,0.0
27000,2023-09-03,0.3735,223,0.0
27000,2023-09-08,0.4201,223,0.0
27000,2023-09-13,0.4318,223,0.0
27000,2023-09-18,0.4439,223,0.0
27000,2023-09-23,0.4743,223,0.0
27000,2023-10-23,0.5449,223,0.0
27000,2023-11-07,0.5683,223,0.0
27000,2023-11-12,0.5601,223,0.0
27000,2023-12-02,0.627,223,0.0
27000,2023-12-07,0.6145,215,0.0359
27000,2023-12-27,0.5809,223,0.0
27000,2024-01-16,0.6307,223,0.0
27000,2024-02-05,0.5558,223,0.0
27000,2024-02-10,0.4745,223,0.0
27000,2024-03-11,0.6897,223,0.0
27000,2024-03-16,0.6747,223,0.0
27000,2024-03-21,0.5865,219,0.0179
27000,2024-03-26,0.6231,221,0.009
27000,2024-03-31,0.659,223,0.0
27000,2024-04-05,0.6582,223,0.0
27000,2024-04-10,0.5364,223,0.0
27000,2024-04-20,0.5524,223,0.0
27000,2024-04-30,0.5531,223,0.0
27000,2024-05-05,0.572,223,0.0
27000,2024-05-10,0.4047,195,0.1256
27000,2024-05-20,0.5612,223,0.0
27000,2024-06-09,0.584,223,0.0
27000,2024-06-14,0.5605,223,0.0
27000,2024-06-19,0.5573,223,0.0
27000,2024-06-24,0.5399,223,0.0
27000,2024-06-29,0.5251,223,0.0
27000,2024-07-14,0.5309,223,0.0
27000,2024-07-19,0.528,223,0.0
27000,2024-07-24,0.5359,223,0.0
27000,2024-07-29,0.5064,223,0.0
27000,2024-08-03,0.5253,223,0.0
27000,2024-08-08,0.4821,223,0.0
27000,2024-08-18,0.5216,223,0.0
27000,2024-08-23,0.4973,223,0.0
27000,2024-08-28,0.5022,223,0.0
27000,2024-09-02,0.4664,223,0.0
27000,2024-09-07,0.4788,223,0.0
27000,2024-09-12,0.4468,223,0.0
27000,2024-09-22,0.4703,223,0.0
27000,2024-10-02,0.4279,223,0.0
27000,2024-10-07,0.4546,223,0.0
27000,2024-10-17,0.4751,223,0.0
27000,2024-10-22,0.463,223,0.0
27000,2024-11-11,0.5524,223,0.0
27000,2024-11-26,0.5714,223,0.0
27000,2024-12-16,0.6549,223,0.0
27000,2024-12-31,0.6332,223,0.0
27000,2025-01-15,0.6391,223,0.0
27000,2025-02-09,0.6704,223,0.0
27000,2025-02-14,0.5798,192,0.139
27000,2025-02-24,0.6823,223,0.0
27000,2025-03-01,0.6675,223,0.0
27000,2025-03-31,0.6306,223,0.0
27000,2025-04-12,0.6662,223,0.0
27000,2025-04-15,0.6703,218,0.0224
27000,2025-05-05,0.6535,223,0.0
27000,2025-05-15,0.6845,223,0.0
27000,2025-05-20,0.6646,223,0.0
27000,2025-05-25,0.6818,223,0.0
27000,2025-05-30,0.6699,223,0.0
27000,2025-06-04,0.6537,223,0.0
27000,2025-06-19,0.5451,223,0.0
27000,2025-07-14,0.4393,223,0.0
27000,2025-07-21,0.4232,223,0.0
27000,2025-07-29,0.4591,223,0.0
27000,2025-08-13,0.4631,223,0.0
27000,2025-08-30,0.4471,223,0.0
27000,2025-09-02,0.432,223,0.0
27000,2025-09-27,0.4663,223,0.0
27000,2025-10-17,0.4751,223,0.0
27000,2025-10-22,0.5252,223,0.0
27000,2025-11-01,0.5409,219,0.0179
27000,2025-11-11,0.5178,223,0.0
27000,2025-11-21,0.5447,223,0.0
27000,2025-11-26,0.5641,207,0.0717
27000,2025-12-01,0.5379,223,0.0
27000,2025-12-06,0.5533,223,0.0
27000,2025-12-11,0.5961,223,0.0
27000,2025-12-21,0.6228,223,0.0
27000,2025-12-28,0.634,223,0.0
27000,2026-01-10,0.6315,223,0.0
27000,2026-01-20,0.6197,223,0.0
27000,2026-03-16,0.6935,223,0.0
27000,2026-03-21,0.7128,223,0.0
27000,2026-03-28,0.7247,223,0.0
27000,2026-04-05,0.7308,198,0.1121
27000,2026-04-17,0.5998,223,0.0
27000,2026-04-20,0.6279,223,0.0
27000,2026-04-25,0.5553,223,0.0
27000,2026-05-05,0.635,223,0.0
27000,2026-05-07,0.6351,223,0.0
27000,2026-06-19,0.6506,223,0.0
27000,2026-06-29,0.6269,223,0.0
27000,2026-07-06,0.5846,223,0.0
27000,2026-07-09,0.5725,223,0.0
27000,2026-07-19,0.4276,223,0.0
27000,2026-07-26,0.3651,223,0.0
27000,2026-07-29,0.3497,223,0.0
27000,2026-08-08,0.4238,223,0.0
27000,2026-08-18,0.4902,223,0.0
27000,2026-08-23,0.5216,223,0.0
27000,2026-09-02,0.5722,223,0.0
27000,2026-09-04,0.5445,223,0.0
27500,2019-01-07,0.5759,60,0.0
27500,2019-01-12,0.4833,58,0.0333
27500,2019-01-17,0.5134,60,0.0
27500,2019-01-22,0.5394,60,0.0
27500,2019-01-27,0.6114,60,0.0
27500,2019-02-01,0.6227,60,0.0
27500,2019-02-11,0.5494,60,0.0
27500,2019-03-23,0.5458,60,0.0
27500,2019-03-28,0.9809,60,0.0
27500,2019-04-02,0.5523,60,0.0
27500,2019-04-22,0.5298,60,0.0
27500,2019-04-27,0.5755,60,0.0
27500,2019-05-02,0.5534,60,0.0
27500,2019-05-22,0.6132,60,0.0
27500,2019-05-27,0.6291,60,0.0
27500,2019-06-11,0.6079,60,0.0
27500,2019-06-16,0.6031,60,0.0
27500,2019-06-26,0.6107,60,0.0
27500,2019-07-06,0.6204,60,0.0
27500,2019-07-11,0.568,60,0.0
27500,2019-07-21,0.5135,60,0.0
27500,2019-07-26,0.5409,60,0.0
27500,2019-07-31,0.5374,60,0.0
27500,2019-08-10,0.4947,60,0.0
27500,2019-08-15,0.5139,60,0.0
27500,2019-08-30,0.4699,60,0.0
27500,2019-09-09,0.4866,60,0.0
27500,2019-09-19,0.3859,60,0.0
27500,2019-09-29,0.4944,60,0.0
27500,2019-10-04,0.3882,60,0.0
27500,2019-10-14,0.3539,60,0.0
27500,2019-10-19,0.3616,60,0.0
27500,2019-11-13,0.4625,60,0.0
27500,2019-12-08,0.513,60,0.0
27500,2020-01-27,0.5333,60,0.0
27500,2020-02-16,0.5528,60,0.0
27500,2020-03-12,0.5615,60,0.0
27500,2020-03-17,0.6272,60,0.0
27500,2020-03-22,0.5948,57,0.05
27500,2020-04-06,0.6296,60,0.0
27500,2020-04-16,0.6043,60,0.0
27500,2020-04-21,0.604,60,0.0
27500,2020-04-26,0.5499,60,0.0
27500,2020-05-01,0.4665,56,0.0667
27500,2020-05-11,0.5479,60,0.0
27500,2020-05-16,0.5216,60,0.0
27500,2020-05-21,0.4969,60,0.0
27500,2020-05-26,0.5022,60,0.0
27500,2020-05-31,0.4819,60,0.0
27500,2020-06-20,0.5218,60,0.0
27500,2020-07-10,0.5064,60,0.0
27500,2020-07-20,0.5216,60,0.0
27500,2020-07-25,0.4784,60,0.0
27500,2020-08-04,0.4889,60,0.0
27500,2020-08-09,0.4552,60,0.0
27500,2020-08-19,0.436,54,0.1
27500,2020-08-24,0.4744,60,0.0
27500,2020-08-29,0.439,60,0.0
27500,2020-09-03,0.4476,60,0.0
27500,2020-09-08,0.4127,60,0.0
27500,2020-09-13,0.3935,60,0.0
27500,2020-10-13,0.4399,60,0.0
27500,2020-10-18,0.4247,60,0.0
27500,2020-10-23,0.4346,60,0.0
27500,2020-10-28,0.4699,60,0.0
27500,2020-11-07,0.4458,60,0.0
27500,2020-11-22,0.4398,48,0.2
27500,2020-11-27,0.4941,60,0.0
27500,2021-01-16,0.64,60,0.0
27500,2021-02-10,0.5761,60,0.0
27500,2021-02-15,0.6026,60,0.0
27500,2021-02-20,0.57,60,0.0
27500,2021-03-12,0.4177,58,0.0333
27500,2021-03-22,0.556,60,0.0
27500,2021-03-27,0.5338,60,0.0
27500,2021-04-01,0.4976,60,0.0
27500,2021-04-11,0.5091,60,0.0
27500,2021-04-26,0.4776,56,0.0667
27500,2021-05-01,0.5219,60,0.0
27500,2021-05-06,0.5415,60,0.0
27500,2021-05-21,0.5749,60,0.0
27500,2021-05-26,0.574,60,0.0
27500,2021-06-05,0.557,60,0.0
27500,2021-06-15,0.5655,60,0.0
27500,2021-07-10,0.5183,60,0.0
27500,2021-07-20,0.5021,60,0.0
27500,2021-07-25,0.4792,60,0.0
27500,2021-07-30,0.4783,60,0.0
27500,2021-08-04,0.3508,54,0.1
27500,2021-08-09,0.443,60,0.0
27500,2021-08-19,0.401,60,0.0
27500,2021-08-24,0.3962,60,0.0
27500,2021-09-03,0.4001,60,0.0
27500,2021-09-08,0.4005,49,0.1833
27500,2021-09-28,0.4148,60,0.0
27500,2021-10-23,0.4973,60,0.0
27500,2021-11-07,0.5216,60,0.0
27500,2021-11-17,0.4857,60,0.0
27500,2021-11-22,0.5292,60,0.0
27500,2021-11-27,0.5806,60,0.0
27500,2021-12-02,0.4817,60,0.0
27500,2021-12-12,0.4287,60,0.0
27500,2022-01-16,0.5863,60,0.0
27500,2022-01-21,0.64,56,0.0667
27500,2022-01-26,0.5637,60,0.0
27500,2022-02-10,0.5861,60,0.0
27500,2022-02-15,0.5567,60,0.0
27500,2022-03-02,0.5648,60,0.0
27500,2022-03-07,0.5997,60,0.0
27500,2022-03-17,0.6242,60,0.0
27500,2022-03-22,0.64,60,0.0
27500,2022-04-11,0.5856,60,0.0
27500,2022-04-16,0.5442,60,0.0
27500,2022-04-21,0.5713,60,0.0
27500,2022-04-26,0.5821,60,0.0
27500,2022-05-01,0.5757,60,0.0
27500,2022-05-21,0.505,60,0.0
27500,2022-05-26,0.4934,60,0.0
27500,2022-06-05,0.5041,60,0.0
27500,2022-06-15,0.5284,60,0.0
27500,2022-06-30,0.5371,60,0.0
27500,2022-07-05,0.5373,60,0.0
27500,2022-07-10,0.5181,60,0.0
27500,2022-07-15,0.494,60,0.0
27500,2022-07-25,0.4589,60,0.0
27500,2022-08-04,0.3877,55,0.0833
27500,2022-08-14,0.4792,60,0.0
27500,2022-08-24,0.4192,60,0.0
27500,2022-09-18,0.448,60,0.0
27500,2022-10-23,0.5067,60,0.0
27500,2022-11-17,0.5404,60,0.0
27500,2022-11-27,0.5952,60,0.0
27500,2023-01-16,0.437,60,0.0
27500,2023-01-26,0.5132,60,0.0
27500,2023-02-10,0.5813,60,0.0
27500,2023-02-20,0.5024,60,0.0
27500,2023-03-17,0.563,60,0.0
27500,2023-03-22,0.6036,60,0.0
27500,2023-04-01,0.6709,60,0.0
27500,2023-04-11,0.6433,60,0.0
27500,2023-04-16,0.6767,60,0.0
27500,2023-05-01,0.661,60,0.0
27500,2023-05-16,0.6428,60,0.0
27500,2023-05-21,0.5734,60,0.0
27500,2023-05-26,0.5613,60,0.0
27500,2023-06-05,0.5502,60,0.0
27500,2023-06-10,0.553,60,0.0
27500,2023-06-20,0.5543,60,0.0
27500,2023-06-25,0.5485,60,0.0
27500,2023-07-05,0.541,60,0.0
27500,2023-07-15,0.509,60,0.0
27500,2023-07-25,0.4889,60,0.0
27500,2023-08-04,0.4453,60,0.0
27500,2023-08-24,0.3687,60,0.0
27500,2023-09-03,0.3581,60,0.0
27500,2023-09-08,0.4019,60,0.0
27500,2023-09-13,0.4012,60,0.0
27500,2023-09-18,0.437,60,0.0
27500,2023-09-23,0.4319,60,0.0
27500,2023-10-23,0.5423,60,0.0
27500,2023-11-07,0.5836,60,0.0
27500,2023-11-12,0.5495,60,0.0
27500,2023-12-02,0.6377,60,0.0
27500,2023-12-07,0.6185,57,0.05
27500,2023-12-27,0.4711,60,0.0
27500,2024-01-16,0.5386,60,0.0
27500,2024-02-05,0.5907,60,0.0
27500,2024-02-10,0.4828,60,0.0
27500,2024-03-11,0.6333,60,0.0
27500,2024-03-16,0.6226,60,0.0
27500,2024-03-21,0.5363,58,0.0333
27500,2024-03-26,0.5962,54,0.1
27500,2024-03-31,0.6333,60,0.0
27500,2024-04-05,0.6403,60,0.0
27500,2024-04-10,0.5358,60,0.0
27500,2024-04-20,0.4638,60,0.0
27500,2024-04-30,0.5059,60,0.0
27500,2024-05-05,0.5504,60,0.0
27500,2024-05-10,0.4197,52,0.1333
27500,2024-05-20,0.5294,60,0.0
27500,2024-06-09,0.5675,60,0.0
27500,2024-06-14,0.5582,60,0.0
27500,2024-06-19,0.4978,60,0.0
27500,2024-06-24,0.5059,60,0.0
27500,2024-06-29,0.4426,60,0.0
27500,2024-07-14,0.4612,60,0.0
27500,2024-07-19,0.4672,60,0.0
27500,2024-07-24,0.4722,60,0.0
27500,2024-07-29,0.4859,60,0.0
27500,2024-08-03,0.4975,60,0.0
27500,2024-08-08,0.4278,60,0.0
27500,2024-08-18,0.4577,60,0.0
27500,2024-08-23,0.4543,60,0.0
27500,2024-08-28,0.469,60,0.0
27500,2024-09-02,0.4604,60,0.0
27500,2024-09-07,0.444,60,0.0
27500,2024-09-12,0.4275,60,0.0
27500,2024-09-22,0.4508,60,0.0
27500,2024-10-02,0.3581,60,0.0
27500,2024-10-07,0.378,60,0.0
27500,2024-10-17,0.3854,60,0.0
27500,2024-10-22,0.4198,60,0.0
27500,2024-11-11,0.5172,60,0.0
27500,2024-11-26,0.5386,60,0.0
27500,2024-12-16,0.5612,60,0.0
27500,2024-12-31,0.6187,60,0.0
27500,2025-01-15,0.4905,60,0.0
27500,2025-02-09,0.5957,60,0.0
27500,2025-02-14,0.5927,48,0.2
27500,2025-02-24,0.6133,60,0.0
27500,2025-03-01,0.6188,60,0.0
27500,2025-03-06,0.5624,48,0.2
27500,2025-03-31,0.552,60,0.0
27500,2025-04-12,0.6066,60,0.0
27500,2025-04-15,0.6126,60,0.0
27500,2025-04-30,0.5706,54,0.1
27500,2025-05-05,0.6027,60,0.0
27500,2025-05-15,0.6115,60,0.0
27500,2025-05-20,0.5902,60,0.0
27500,2025-05-25,0.6368,60,0.0
27500,2025-05-30,0.5997,60,0.0
27500,2025-06-04,0.5725,60,0.0
27500,2025-06-19,0.47,60,0.0
27500,2025-07-14,0.4551,60,0.0
27500,2025-07-21,0.4354,60,0.0
27500,2025-07-29,0.4594,60,0.0
27500,2025-08-13,0.3921,60,0.0
27500,2025-08-30,0.3469,60,0.0
27500,2025-09-02,0.3378,60,0.0
27500,2025-09-27,0.4197,60,0.0
27500,2025-10-17,0.4629,60,0.0
27500,2025-10-22,0.5171,60,0.0
27500,2025-11-01,0.5452,51,0.15
27500,2025-11-11,0.4821,60,0.0
27500,2025-11-21,0.5221,60,0.0
27500,2025-11-26,0.5564,58,0.0333
27500,2025-12-01,0.5135,60,0.0
27500,2025-12-06,0.4946,60,0.0
27500,2025-12-11,0.5441,60,0.0
27500,2025-12-21,0.565,60,0.0
27500,2025-12-28,0.5924,60,0.0
27500,2026-01-10,0.63,60,0.0
27500,2026-01-15,0.3054,52,0.1333
27500,2026-01-20,0.6038,60,0.0
27500,2026-02-19,0.6192,48,0.2
27500,2026-03-16,0.6424,60,0.0
27500,2026-03-21,0.6181,60,0.0
27500,2026-03-28,0.6184,60,0.0
27500,2026-04-05,0.6776,58,0.0333
27500,2026-04-17,0.62,60,0.0
27500,2026-04-20,0.611,60,0.0
27500,2026-04-25,0.5583,60,0.0
27500,2026-05-05,0.6009,60,0.0
27500,2026-05-07,0.6102,60,0.0
27500,2026-06-19,0.5428,60,0.0
27500,2026-06-29,0.5653,60,0.0
27500,2026-07-06,0.5613,60,0.0
27500,2026-07-09,0.5403,60,0.0
27500,2026-07-19,0.3783,60,0.0
27500,2026-07-26,0.3377,60,0.0
27500,2026-07-29,0.3531,60,0.0
27500,2026-08-08,0.3897,60,0.0
27500,2026-08-18,0.4752,60,0.0
27500,2026-08-23,0.4946,60,0.0
27500,2026-09-02,0.5538,60,0.0
27500,2026-09-04,0.5286,60,0.0
28000,2019-01-07,0.4207,8,0.0
28000,2019-01-17,0.3377,8,0.0
28000,2019-01-27,0.4752,8,0.0
28000,2019-02-01,0.4767,8,0.0
28000,2019-02-11,0.3196,8,0.0
28000,2019-03-13,0.4021,8,0.0
28000,2019-03-23,0.498,8,0.0
28000,2019-04-02,0.4897,8,0.0
28000,2019-04-22,0.3684,8,0.0
28000,2019-04-27,0.2994,8,0.0
28000,2019-05-02,0.4063,8,0.0
28000,2019-05-12,0.2939,8,0.0
28000,2019-05-22,0.4483,8,0.0
28000,2019-05-27,0.4881,8,0.0
28000,2019-06-26,0.4303,8,0.0
28000,2019-07-06,0.4477,8,0.0
28000,2019-07-11,0.4794,8,0.0
28000,2019-07-21,0.349,8,0.0
28000,2019-07-26,0.3497,8,0.0
28000,2019-07-31,0.4483,8,0.0
28000,2019-08-05,0.2827,8,0.0
28000,2019-08-10,0.3461,8,0.0
28000,2019-08-15,0.3055,8,0.0
28000,2019-08-30,0.2884,8,0.0
28000,2019-09-09,0.3487,8,0.0
28000,2019-09-19,0.2349,8,0.0
28000,2019-09-29,0.3666,8,0.0
28000,2019-10-04,0.3034,8,0.0
28000,2019-10-14,0.3714,8,0.0
28000,2019-10-19,0.2549,8,0.0
28000,2019-11-03,0.2583,8,0.0
28000,2019-11-13,0.3453,8,0.0
28000,2019-11-23,0.2125,8,0.0
28000,2019-12-08,0.3596,8,0.0
28000,2020-01-07,0.3229,8,0.0
28000,2020-01-27,0.3925,8,0.0
28000,2020-02-16,0.392,8,0.0
28000,2020-03-07,0.2444,8,0.0
28000,2020-03-12,0.3437,8,0.0
28000,2020-03-17,0.4539,8,0.0
28000,2020-03-22,0.2821,8,0.0
28000,2020-04-01,0.239,8,0.0
28000,2020-04-06,0.4031,8,0.0
28000,2020-04-16,0.3606,8,0.0
28000,2020-04-21,0.3341,8,0.0
28000,2020-04-26,0.2989,8,0.0
28000,2020-05-01,0.2832,8,0.0
28000,2020-05-11,0.3824,8,0.0
28000,2020-05-16,0.3481,8,0.0
28000,2020-05-21,0.2997,8,0.0
28000,2020-05-26,0.3081,8,0.0
28000,2020-05-31,0.3236,8,0.0
28000,2020-06-20,0.3651,8,0.0
28000,2020-07-10,0.2753,8,0.0
28000,2020-07-20,0.4242,8,0.0
28000,2020-07-25,0.372,8,0.0
28000,2020-08-04,0.4137,8,0.0
28000,2020-08-09,0.3329,8,0.0
28000,2020-08-19,0.3523,8,0.0
28000,2020-08-24,0.3614,8,0.0
28000,2020-08-29,0.3576,8,0.0
28000,2020-09-03,0.351,8,0.0
28000,2020-09-08,0.2713,8,0.0
28000,2020-09-13,0.3282,8,0.0
28000,2020-10-13,0.2845,8,0.0
28000,2020-10-18,0.1788,8,0.0
28000,2020-10-23,0.36,8,0.0
28000,2020-10-28,0.382,8,0.0
28000,2020-11-07,0.2836,8,0.0
28000,2020-11-22,0.3198,8,0.0
28000,2020-11-27,0.3353,8,0.0
28000,2020-12-12,0.3453,8,0.0
28000,2021-01-16,0.2823,8,0.0
28000,2021-02-10,0.3526,8,0.0
28000,2021-02-15,0.3962,8,0.0
28000,2021-02-20,0.3374,8,0.0
28000,2021-03-02,0.2492,8,0.0
28000,2021-03-12,0.3237,8,0.0
28000,2021-03-22,0.3333,8,0.0
28000,2021-03-27,0.4187,8,0.0
28000,2021-04-01,0.407,8,0.0
28000,2021-04-11,0.3645,8,0.0
28000,2021-04-21,0.2443,8,0.0
28000,2021-05-01,0.2955,8,0.0
28000,2021-05-06,0.384,8,0.0
28000,2021-05-21,0.3368,8,0.0
28000,2021-05-26,0.3442,8,0.0
28000,2021-06-05,0.3842,8,0.0
28000,2021-06-15,0.3637,8,0.0
28000,2021-06-20,0.2025,8,0.0
28000,2021-07-10,0.4005,8,0.0
28000,2021-07-20,0.3159,8,0.0
28000,2021-07-25,0.2968,8,0.0
28000,2021-07-30,0.2617,8,0.0
28000,2021-08-04,0.2379,8,0.0
28000,2021-08-09,0.3587,8,0.0
28000,2021-08-19,0.1766,8,0.0
28000,2021-08-24,0.2447,8,0.0
28000,2021-09-03,0.331,8,0.0
28000,2021-09-08,0.308,8,0.0
28000,2021-09-23,0.2402,8,0.0
28000,2021-09-28,0.2805,8,0.0
28000,2021-10-13,0.2485,8,0.0
28000,2021-10-23,0.3584,8,0.0
28000,2021-11-07,0.325,8,0.0
28000,2021-11-17,0.3412,8,0.0
28000,2021-11-22,0.3455,8,0.0
28000,2021-11-27,0.3901,8,0.0
28000,2021-12-12,0.2935,8,0.0
28000,2022-01-16,0.3839,8,0.0
28000,2022-01-21,0.3886,8,0.0
28000,2022-01-26,0.3831,8,0.0
28000,2022-02-10,0.3532,8,0.0
28000,2022-03-02,0.3961,8,0.0
28000,2022-03-07,0.3315,8,0.0
28000,2022-03-17,0.4272,8,0.0
28000,2022-03-22,0.4154,8,0.0
28000,2022-04-11,0.303,8,0.0
28000,2022-04-16,0.3368,8,0.0
28000,2022-04-21,0.3366,8,0.0
28000,2022-04-26,0.3523,8,0.0
28000,2022-05-01,0.3682,8,0.0
28000,2022-05-11,0.297,8,0.0
28000,2022-05-21,0.3706,8,0.0
28000,2022-05-26,0.3369,8,0.0
28000,2022-06-05,0.3326,8,0.0
28000,2022-06-15,0.3716,8,0.0
28000,2022-06-30,0.3765,8,0.0
28000,2022-07-05,0.3819,8,0.0
28000,2022-07-10,0.3435,8,0.0
28000,2022-07-15,0.3267,8,0.0
28000,2022-07-25,0.3126,8,0.0
28000,2022-07-30,0.3195,8,0.0
28000,2022-08-04,0.2474,8,0.0
28000,2022-08-14,0.3688,8,0.0
28000,2022-08-24,0.2813,8,0.0
28000,2022-09-18,0.3257,8,0.0
28000,2022-09-23,0.3101,8,0.0
28000,2022-10-23,0.3864,8,0.0
28000,2022-11-17,0.3896,8,0.0
28000,2022-11-27,0.4323,8,0.0
28000,2022-12-17,0.4302,8,0.0
28000,2023-01-16,0.3944,8,0.0
28000,2023-01-26,0.382,8,0.0
28000,2023-02-10,0.3426,8,0.0
28000,2023-02-20,0.4428,8,0.0
28000,2023-03-17,0.3456,8,0.0
28000,2023-03-22,0.3656,8,0.0
28000,2023-04-01,0.4107,8,0.0
28000,2023-04-11,0.3255,8,0.0
28000,2023-04-16,0.3824,8,0.0
28000,2023-04-21,0.3775,8,0.0
28000,2023-05-01,0.4069,8,0.0
28000,2023-05-16,0.3948,8,0.0
28000,2023-05-21,0.3902,8,0.0
28000,2023-05-26,0.3376,8,0.0
28000,2023-06-05,0.3873,8,0.0
28000,2023-06-10,0.3963,8,0.0
28000,2023-06-20,0.3209,8,0.0
28000,2023-06-25,0.2906,8,0.0
28000,2023-07-05,0.4048,8,0.0
28000,2023-07-15,0.3293,8,0.0
28000,2023-07-25,0.307,8,0.0
28000,2023-08-04,0.2796,8,0.0
28000,2023-08-19,0.3288,8,0.0
28000,2023-08-24,0.2674,8,0.0
28000,2023-09-03,0.4354,8,0.0
28000,2023-09-08,0.2833,8,0.0
28000,2023-09-13,0.2503,8,0.0
28000,2023-09-18,0.2705,8,0.0
28000,2023-09-23,0.3605,8,0.0
28000,2023-10-23,0.3769,8,0.0
28000,2023-11-07,0.3414,8,0.0
28000,2023-11-12,0.3075,8,0.0
28000,2023-12-02,0.4726,8,0.0
28000,2023-12-27,0.3368,8,0.0
28000,2024-01-16,0.4322,8,0.0
28000,2024-02-05,0.3862,8,0.0
28000,2024-02-10,0.3901,8,0.0
28000,2024-03-11,0.4367,8,0.0
28000,2024-03-16,0.4323,8,0.0
28000,2024-03-21,0.4371,8,0.0
28000,2024-03-31,0.5416,8,0.0
28000,2024-04-05,0.4517,8,0.0
28000,2024-04-10,0.3812,8,0.0
28000,2024-04-20,0.4305,8,0.0
28000,2024-04-30,0.4645,8,0.0
28000,2024-05-05,0.5043,8,0.0
28000,2024-05-10,0.2866,8,0.0
28000,2024-05-20,0.2739,8,0.0
28000,2024-06-09,0.4093,8,0.0
28000,2024-06-14,0.4029,8,0.0
28000,2024-06-19,0.4261,8,0.0
28000,2024-06-24,0.4154,8,0.0
28000,2024-06-29,0.3676,8,0.0
28000,2024-07-14,0.4004,8,0.0
28000,2024-07-19,0.4041,8,0.0
28000,2024-07-24,0.4162,8,0.0
28000,2024-07-29,0.3418,8,0.0
28000,2024-08-03,0.4606,8,0.0
28000,2024-08-08,0.3488,8,0.0
28000,2024-08-18,0.3124,8,0.0
28000,2024-08-23,0.2959,8,0.0
28000,2024-08-28,0.294,8,0.0
28000,2024-09-02,0.3555,8,0.0
28000,2024-09-07,0.3161,8,0.0
28000,2024-09-12,0.3146,8,0.0
28000,2024-09-22,0.3425,8,0.0
28000,2024-10-02,0.3022,8,0.0
28000,2024-10-07,0.2612,8,0.0
28000,2024-10-17,0.2983,8,0.0
28000,2024-10-22,0.3074,8,0.0
28000,2024-11-11,0.3618,8,0.0
28000,2024-11-26,0.2835,8,0.0
28000,2024-12-16,0.3239,8,0.0
28000,2024-12-31,0.4277,8,0.0
28000,2025-01-15,0.2841,8,0.0
28000,2025-01-20,0.3676,8,0.0
28000,2025-02-09,0.4418,8,0.0
28000,2025-02-24,0.4984,8,0.0
28000,2025-03-01,0.5417,8,0.0
28000,2025-03-06,0.4873,8,0.0
28000,2025-03-31,0.3691,8,0.0
28000,2025-04-12,0.5056,8,0.0
28000,2025-04-15,0.4502,8,0.0
28000,2025-04-30,0.34,8,0.0
28000,2025-05-02,0.3343,8,0.0
28000,2025-05-05,0.3189,8,0.0
28000,2025-05-15,0.3404,8,0.0
28000,2025-05-20,0.3523,8,0.0
28000,2025-05-25,0.4464,8,0.0
28000,2025-05-30,0.4585,8,0.0
28000,2025-06-04,0.4554,8,0.0
28000,2025-06-19,0.4752,8,0.0
28000,2025-06-29,0.3381,8,0.0
28000,2025-07-14,0.3391,8,0.0
28000,2025-07-21,0.3708,8,0.0
28000,2025-07-29,0.4536,8,0.0
28000,2025-08-13,0.3854,8,0.0
28000,2025-08-30,0.3885,8,0.0
28000,2025-09-02,0.3138,8,0.0
28000,2025-09-17,0.3267,8,0.0
28000,2025-09-27,0.3036,8,0.0
28000,2025-10-17,0.2696,8,0.0
28000,2025-10-22,0.3245,8,0.0
28000,2025-11-01,0.3536,8,0.0
28000,2025-11-11,0.3922,8,0.0
28000,2025-11-21,0.3281,8,0.0
28000,2025-11-26,0.3103,8,0.0
28000,2025-12-01,0.3416,8,0.0
28000,2025-12-06,0.3255,8,0.0
28000,2025-12-11,0.4011,8,0.0
28000,2025-12-21,0.4136,8,0.0
28000,2025-12-28,0.4312,8,0.0
28000,2026-01-10,0.2953,8,0.0
28000,2026-01-20,0.3257,8,0.0
28000,2026-02-19,0.3069,8,0.0
28000,2026-03-16,0.4833,8,0.0
28000,2026-03-21,0.4456,8,0.0
28000,2026-03-26,0.4287,8,0.0
28000,2026-03-28,0.5029,8,0.0
28000,2026-04-05,0.5256,8,0.0
28000,2026-04-17,0.3459,8,0.0
28000,2026-04-20,0.3004,8,0.0
28000,2026-04-25,0.3114,8,0.0
28000,2026-05-05,0.3222,8,0.0
28000,2026-06-19,0.3881,8,0.0
28000,2026-06-29,0.4297,8,0.0
28000,2026-07-06,0.4056,8,0.0
28000,2026-07-09,0.4228,8,0.0
28000,2026-07-19,0.4067,8,0.0
28000,2026-07-26,0.3519,8,0.0
28000,2026-07-29,0.3346,8,0.0
28000,2026-08-08,0.374,8,0.0
28000,2026-08-18,0.403,8,0.0
28000,2026-08-23,0.279,8,0.0
28000,2026-09-02,0.3542,8,0.0
28000,2026-09-04,0.2936,8,0.0
28500,2019-01-07,0.6085,158,0.0
28500,2019-01-17,0.3815,158,0.0
28500,2019-01-27,0.6454,158,0.0
28500,2019-02-01,0.5965,158,0.0
28500,2019-03-13,0.4976,158,0.0
28500,2019-03-23,0.6065,158,0.0
28500,2019-04-02,0.6043,158,0.0
28500,2019-04-22,0.4986,144,0.0886
28500,2019-04-27,0.489,158,0.0
28500,2019-05-02,0.4596,158,0.0
28500,2019-05-12,0.4923,158,0.0
28500,2019-05-22,0.6791,158,0.0
28500,2019-05-27,0.6517,158,0.0
28500,2019-06-06,0.4279,154,0.0253
28500,2019-06-11,0.5112,158,0.0
28500,2019-06-16,0.5142,158,0.0
28500,2019-06-26,0.5723,158,0.0
28500,2019-07-06,0.6032,158,0.0
28500,2019-07-11,0.5888,158,0.0
28500,2019-07-21,0.4963,158,0.0
28500,2019-07-26,0.5292,158,0.0
28500,2019-07-31,0.5211,158,0.0
28500,2019-08-05,0.3179,156,0.0127
28500,2019-08-10,0.4794,158,0.0
28500,2019-08-15,0.4446,158,0.0
28500,2019-08-30,0.412,158,0.0
28500,2019-09-09,0.4783,158,0.0
28500,2019-09-19,0.3576,158,0.0
28500,2019-09-29,0.497,158,0.0
28500,2019-10-04,0.4626,158,0.0
28500,2019-10-14,0.4746,158,0.0
28500,2019-10-19,0.2985,157,0.0063
28500,2019-11-03,0.3955,158,0.0
28500,2019-11-13,0.5136,158,0.0
28500,2019-11-23,0.4077,158,0.0
28500,2019-12-08,0.5206,158,0.0
28500,2020-01-07,0.4126,133,0.1582
28500,2020-01-27,0.4982,158,0.0
28500,2020-02-16,0.5987,158,0.0
28500,2020-03-12,0.5309,158,0.0
28500,2020-03-17,0.6305,158,0.0
28500,2020-03-22,0.5374,144,0.0886
28500,2020-04-06,0.6346,158,0.0
28500,2020-04-16,0.5883,158,0.0
28500,2020-04-21,0.5366,158,0.0
28500,2020-04-26,0.4589,158,0.0
28500,2020-05-01,0.4005,158,0.0
28500,2020-05-11,0.5286,158,0.0
28500,2020-05-16,0.5208,158,0.0
28500,2020-05-21,0.4978,158,0.0
28500,2020-05-26,0.5105,158,0.0
28500,2020-05-31,0.4125,158,0.0
28500,2020-06-20,0.521,158,0.0
28500,2020-07-10,0.4786,158,0.0
28500,2020-07-20,0.5089,158,0.0
28500,2020-07-25,0.3886,158,0.0
28500,2020-08-04,0.4389,158,0.0
28500,2020-08-09,0.4121,158,0.0
28500,2020-08-19,0.4501,158,0.0
28500,2020-08-24,0.4791,158,0.0
28500,2020-08-29,0.4669,158,0.0
28500,2020-09-03,0.4749,158,0.0
28500,2020-09-08,0.4551,158,0.0
28500,2020-09-13,0.4627,158,0.0
28500,2020-10-13,0.4561,158,0.0
28500,2020-10-18,0.4346,158,0.0
28500,2020-10-23,0.4706,158,0.0
28500,2020-10-28,0.5101,158,0.0
28500,2020-11-07,0.4556,158,0.0
28500,2020-11-22,0.4708,158,0.0
28500,2020-11-27,0.4938,158,0.0
28500,2020-12-12,0.4039,152,0.038
28500,2021-01-16,0.5684,158,0.0
28500,2021-02-10,0.5857,158,0.0
28500,2021-02-15,0.6365,158,0.0
28500,2021-02-20,0.5328,158,0.0
28500,2021-03-02,0.2888,158,0.0
28500,2021-03-12,0.5143,158,0.0
28500,2021-03-22,0.6196,158,0.0
28500,2021-03-27,0.6343,158,0.0
28500,2021-04-01,0.6386,158,0.0
28500,2021-04-11,0.5531,158,0.0
28500,2021-05-01,0.5756,158,0.0
28500,2021-05-06,0.4936,158,0.0
28500,2021-05-21,0.4928,158,0.0
28500,2021-05-26,0.4962,158,0.0
28500,2021-06-05,0.5372,158,0.0
28500,2021-06-15,0.5334,158,0.0
28500,2021-06-20,0.4236,158,0.0
28500,2021-07-10,0.4223,158,0.0
28500,2021-07-20,0.4076,158,0.0
28500,2021-07-25,0.4124,158,0.0
28500,2021-07-30,0.3146,158,0.0
28500,2021-08-04,0.2319,158,0.0
28500,2021-08-09,0.3654,158,0.0
28500,2021-08-19,0.333,158,0.0
28500,2021-08-24,0.3612,158,0.0
28500,2021-09-03,0.4156,158,0.0
28500,2021-09-08,0.4118,158,0.0
28500,2021-09-28,0.4462,158,0.0
28500,2021-10-23,0.4709,158,0.0
28500,2021-11-07,0.5255,158,0.0
28500,2021-11-17,0.4902,158,0.0
28500,2021-11-22,0.511,158,0.0
28500,2021-11-27,0.5443,158,0.0
28500,2021-12-12,0.3346,158,0.0
28500,2022-01-16,0.6087,158,0.0
28500,2022-01-21,0.5217,158,0.0
28500,2022-01-26,0.5366,158,0.0
28500,2022-02-10,0.5921,158,0.0
28500,2022-03-02,0.5926,158,0.0
28500,2022-03-07,0.5295,158,0.0
28500,2022-03-17,0.5876,158,0.0
28500,2022-03-22,0.6348,158,0.0
28500,2022-04-11,0.4189,158,0.0
28500,2022-04-21,0.5368,158,0.0
28500,2022-04-26,0.5688,158,0.0
28500,2022-05-01,0.5973,158,0.0
28500,2022-05-11,0.5081,154,0.0253
28500,2022-05-21,0.5176,158,0.0
28500,2022-05-26,0.5726,158,0.0
28500,2022-06-05,0.5064,158,0.0
28500,2022-06-10,0.2364,142,0.1013
28500,2022-06-15,0.4614,158,0.0
28500,2022-06-25,0.4014,152,0.038
28500,2022-06-30,0.3769,158,0.0
28500,2022-07-05,0.3615,158,0.0
28500,2022-07-10,0.3492,158,0.0
28500,2022-07-15,0.3343,158,0.0
28500,2022-07-25,0.3623,158,0.0
28500,2022-07-30,0.3954,158,0.0
28500,2022-08-14,0.4589,158,0.0
28500,2022-08-24,0.3764,158,0.0
28500,2022-09-18,0.4681,158,0.0
28500,2022-09-23,0.4718,158,0.0
28500,2022-10-23,0.5097,158,0.0
28500,2022-11-17,0.5682,158,0.0
28500,2022-11-27,0.5589,158,0.0
28500,2022-12-17,0.6154,158,0.0
28500,2023-01-16,0.5135,158,0.0
28500,2023-01-26,0.5417,158,0.0
28500,2023-02-20,0.624,158,0.0
28500,2023-03-17,0.4558,158,0.0
28500,2023-03-22,0.5852,158,0.0
28500,2023-04-01,0.5499,158,0.0
28500,2023-04-11,0.5885,158,0.0
28500,2023-04-16,0.5918,158,0.0
28500,2023-04-21,0.6191,158,0.0
28500,2023-05-01,0.6501,158,0.0
28500,2023-05-16,0.6143,158,0.0
28500,2023-05-21,0.5847,158,0.0
28500,2023-05-26,0.5732,158,0.0
28500,2023-06-05,0.5886,158,0.0
28500,2023-06-10,0.4936,158,0.0
28500,2023-06-20,0.3508,158,0.0
28500,2023-06-25,0.3505,158,0.0
28500,2023-07-05,0.4132,158,0.0
28500,2023-07-15,0.4875,158,0.0
28500,2023-07-25,0.4789,158,0.0
28500,2023-08-04,0.4941,158,0.0
28500,2023-08-09,0.2626,136,0.1392
28500,2023-08-24,0.4039,158,0.0
28500,2023-08-29,0.4248,154,0.0253
28500,2023-09-03,0.4504,158,0.0
28500,2023-09-08,0.4475,158,0.0
28500,2023-09-13,0.4682,158,0.0
28500,2023-09-18,0.4906,158,0.0
28500,2023-09-23,0.5409,158,0.0
28500,2023-10-23,0.5924,158,0.0
28500,2023-11-07,0.5561,158,0.0
28500,2023-11-12,0.5102,158,0.0
28500,2023-12-02,0.5606,158,0.0
28500,2023-12-27,0.4874,158,0.0
28500,2024-02-05,0.5448,158,0.0
28500,2024-02-10,0.4952,158,0.0
28500,2024-03-11,0.6617,158,0.0
28500,2024-03-16,0.6434,158,0.0
28500,2024-03-21,0.6538,158,0.0
28500,2024-03-31,0.6933,158,0.0
28500,2024-04-05,0.6086,158,0.0
28500,2024-04-10,0.5442,158,0.0
28500,2024-04-20,0.4867,158,0.0
28500,2024-04-30,0.5357,158,0.0
28500,2024-05-05,0.5563,158,0.0
28500,2024-05-20,0.2243,152,0.038
28500,2024-06-09,0.4979,158,0.0
28500,2024-06-14,0.5026,158,0.0
28500,2024-06-19,0.542,158,0.0
28500,2024-06-24,0.5226,158,0.0
28500,2024-06-29,0.5083,158,0.0
28500,2024-07-14,0.5048,158,0.0
28500,2024-07-19,0.4586,158,0.0
28500,2024-07-24,0.4968,158,0.0
28500,2024-07-29,0.4677,158,0.0
28500,2024-08-03,0.4656,158,0.0
28500,2024-08-08,0.3726,158,0.0
28500,2024-08-18,0.3574,158,0.0
28500,2024-08-23,0.385,158,0.0
28500,2024-08-28,0.3972,158,0.0
28500,2024-09-02,0.4431,158,0.0
28500,2024-09-07,0.4939,158,0.0
28500,2024-09-12,0.4238,158,0.0
28500,2024-09-22,0.404,158,0.0
28500,2024-10-02,0.4199,158,0.0
28500,2024-10-07,0.3847,158,0.0
28500,2024-10-17,0.394,158,0.0
28500,2024-10-22,0.4473,158,0.0
28500,2024-11-11,0.4788,158,0.0
28500,2024-11-26,0.3892,158,0.0
28500,2024-12-16,0.6167,158,0.0
28500,2024-12-31,0.6623,158,0.0
28500,2025-01-15,0.4086,158,0.0
28500,2025-02-09,0.6241,158,0.0
28500,2025-02-24,0.5261,158,0.0
28500,2025-03-01,0.5567,158,0.0
28500,2025-03-06,0.5806,158,0.0
28500,2025-03-31,0.436,142,0.1013
28500,2025-04-12,0.6347,158,0.0
28500,2025-04-15,0.6241,158,0.0
28500,2025-04-30,0.6183,158,0.0
28500,2025-05-02,0.5227,158,0.0
28500,2025-05-05,0.4411,158,0.0
28500,2025-05-15,0.4717,158,0.0
28500,2025-05-20,0.4785,158,0.0
28500,2025-05-25,0.5483,158,0.0
28500,2025-05-30,0.5684,158,0.0
28500,2025-06-04,0.5734,158,0.0
28500,2025-06-19,0.5806,158,0.0
28500,2025-06-29,0.3996,158,0.0
28500,2025-07-14,0.4194,158,0.0
28500,2025-07-19,0.3296,135,0.1456
28500,2025-07-21,0.4279,158,0.0
28500,2025-07-29,0.4973,158,0.0
28500,2025-08-13,0.4851,158,0.0
28500,2025-08-30,0.4789,158,0.0
28500,2025-09-02,0.494,158,0.0
28500,2025-09-17,0.4356,158,0.0
28500,2025-09-27,0.3891,158,0.0
28500,2025-10-17,0.4486,158,0.0
28500,2025-10-22,0.4988,158,0.0
28500,2025-11-11,0.5483,158,0.0
28500,2025-11-21,0.5751,158,0.0
28500,2025-11-26,0.506,158,0.0
28500,2025-12-01,0.4557,158,0.0
28500,2025-12-06,0.4824,158,0.0
28500,2025-12-11,0.5328,158,0.0
28500,2025-12-21,0.6005,158,0.0
28500,2025-12-28,0.6315,158,0.0
28500,2026-01-10,0.5647,158,0.0
28500,2026-01-20,0.5327,158,0.0
28500,2026-02-19,0.552,158,0.0
28500,2026-03-16,0.6701,158,0.0
28500,2026-03-21,0.6239,158,0.0
28500,2026-03-26,0.4707,158,0.0
28500,2026-03-28,0.6698,158,0.0
28500,2026-04-05,0.7191,158,0.0
28500,2026-04-17,0.6041,158,0.0
28500,2026-04-20,0.5923,158,0.0
28500,2026-04-25,0.5347,158,0.0
28500,2026-05-05,0.5284,158,0.0
28500,2026-06-19,0.5891,158,0.0
28500,2026-06-29,0.5926,158,0.0
28500,2026-07-06,0.5413,158,0.0
28500,2026-07-09,0.5221,158,0.0
28500,2026-07-19,0.5816,158,0.0
28500,2026-07-26,0.4284,158,0.0
28500,2026-07-29,0.424,158,0.0
28500,2026-08-08,0.4555,158,0.0
28500,2026-08-18,0.5335,158,0.0
28500,2026-08-23,0.4974,158,0.0
28500,2026-09-02,0.599,158,0.0
28500,2026-09-04,0.4429,158,0.0
